id,minute,result,X,Y,xG,player,h_a,player_id,situation,season,shotType,match_id,h_team,a_team,h_goals,a_goals,date,player_assisted,lastAction
545909,27,BlockedShot,0.794000015,0.420999985,0.104346722,Juan Mata,h,554,DirectFreekick,2015,LeftFoot,81,Manchester United,Tottenham,1,0,08/08/2015 15:45,,Standard
545910,27,BlockedShot,0.86,0.627000008,0.064342201,Memphis Depay,h,555,SetPiece,2015,RightFoot,81,Manchester United,Tottenham,1,0,08/08/2015 15:45,Ashley Young,Pass
545911,35,BlockedShot,0.843000031,0.332999992,0.057156816,Juan Mata,h,554,OpenPlay,2015,LeftFoot,81,Manchester United,Tottenham,1,0,08/08/2015 15:45,Wayne Rooney,Pass
545912,35,MissedShots,0.848000031,0.532999992,0.09214139,Juan Mata,h,554,OpenPlay,2015,LeftFoot,81,Manchester United,Tottenham,1,0,08/08/2015 15:45,,Tackle
545913,40,BlockedShot,0.811999969,0.706999969,0.035742015,Memphis Depay,h,555,OpenPlay,2015,RightFoot,81,Manchester United,Tottenham,1,0,08/08/2015 15:45,Michael Carrick,BallRecovery
545915,49,MissedShots,0.725,0.545,0.021224665,Memphis Depay,h,555,OpenPlay,2015,LeftFoot,81,Manchester United,Tottenham,1,0,08/08/2015 15:45,Wayne Rooney,Pass
545916,64,SavedShot,0.895999985,0.597000008,0.103004262,Ashley Young,h,631,OpenPlay,2015,RightFoot,81,Manchester United,Tottenham,1,0,08/08/2015 15:45,,None
545917,72,MissedShots,0.89,0.534000015,0.106513061,Wayne Rooney,h,629,OpenPlay,2015,RightFoot,81,Manchester United,Tottenham,1,0,08/08/2015 15:45,Matteo Darmian,Cross
545918,76,MissedShots,0.746999969,0.694000015,0.043067653,Wayne Rooney,h,629,DirectFreekick,2015,RightFoot,81,Manchester United,Tottenham,1,0,08/08/2015 15:45,,Standard
545903,4,MissedShots,0.901999969,0.61,0.297303677,Christian Eriksen,a,646,OpenPlay,2015,LeftFoot,81,Manchester United,Tottenham,1,0,08/08/2015 15:45,Harry Kane,Chipped
545904,11,BlockedShot,0.879000015,0.247000008,0.03037551,Harry Kane,a,647,OpenPlay,2015,RightFoot,81,Manchester United,Tottenham,1,0,08/08/2015 15:45,Christian Eriksen,Pass
545905,11,BlockedShot,0.865999985,0.497000008,0.02103884,Toby Alderweireld,a,639,FromCorner,2015,Head,81,Manchester United,Tottenham,1,0,08/08/2015 15:45,Christian Eriksen,Cross
545906,11,MissedShots,0.830999985,0.432999992,0.053399663,Harry Kane,a,647,FromCorner,2015,RightFoot,81,Manchester United,Tottenham,1,0,08/08/2015 15:45,,Rebound
545907,17,SavedShot,0.935999985,0.352999992,0.073057853,Kyle Walker,a,638,OpenPlay,2015,RightFoot,81,Manchester United,Tottenham,1,0,08/08/2015 15:45,Christian Eriksen,Chipped
545908,21,OwnGoal,0.095,0.499000015,0,Kyle Walker,a,638,OpenPlay,2015,LeftFoot,81,Manchester United,Tottenham,1,0,08/08/2015 15:45,,Tackle
545914,46,SavedShot,0.849000015,0.671999969,0.035958253,Toby Alderweireld,a,639,SetPiece,2015,RightFoot,81,Manchester United,Tottenham,1,0,08/08/2015 15:45,,None
545919,83,SavedShot,0.933000031,0.720999985,0.03649123,Christian Eriksen,a,646,OpenPlay,2015,LeftFoot,81,Manchester United,Tottenham,1,0,08/08/2015 15:45,Toby Alderweireld,Chipped
545920,87,BlockedShot,0.901999969,0.499000015,0.098415479,Harry Kane,a,647,SetPiece,2015,Head,81,Manchester United,Tottenham,1,0,08/08/2015 15:45,Christian Eriksen,Cross
545921,88,SavedShot,0.820999985,0.354000015,0.029682795,Christian Eriksen,a,646,OpenPlay,2015,RightFoot,81,Manchester United,Tottenham,1,0,08/08/2015 15:45,Erik Lamela,Pass
487134,19,MissedShots,0.900999985,0.527999992,0.047871001,Marc Pugh,h,466,OpenPlay,2015,Head,82,Bournemouth,Aston Villa,0,1,08/08/2015 18:00,Simon Francis,Aerial
487135,24,MissedShots,0.758000031,0.395999985,0.0224238,Matt Ritchie,h,461,OpenPlay,2015,LeftFoot,82,Bournemouth,Aston Villa,0,1,08/08/2015 18:00,Joshua King,Pass
487137,28,BlockedShot,0.754000015,0.317000008,0.0209429,Joshua King,h,465,OpenPlay,2015,RightFoot,82,Bournemouth,Aston Villa,0,1,08/08/2015 18:00,Andrew Surman,Pass
487138,32,MissedShots,0.776999969,0.385999985,0.024036,Andrew Surman,h,460,OpenPlay,2015,LeftFoot,82,Bournemouth,Aston Villa,0,1,08/08/2015 18:00,Matt Ritchie,Pass
487139,36,MissedShots,0.893000031,0.475999985,0.415753007,Dan Gosling,h,462,OpenPlay,2015,RightFoot,82,Bournemouth,Aston Villa,0,1,08/08/2015 18:00,,Dispossessed
487140,40,SavedShot,0.896999969,0.317999992,0.116172999,Callum Wilson,h,468,OpenPlay,2015,RightFoot,82,Bournemouth,Aston Villa,0,1,08/08/2015 18:00,Andrew Surman,Throughball
487142,44,MissedShots,0.876999969,0.655999985,0.0540847,Joshua King,h,465,OpenPlay,2015,RightFoot,82,Bournemouth,Aston Villa,0,1,08/08/2015 18:00,Andrew Surman,Pass
487143,46,SavedShot,0.905999985,0.485,0.098804101,Marc Pugh,h,466,SetPiece,2015,RightFoot,82,Bournemouth,Aston Villa,0,1,08/08/2015 18:00,Simon Francis,HeadPass
487145,60,BlockedShot,0.835,0.773000031,0.0153938,Callum Wilson,h,468,OpenPlay,2015,RightFoot,82,Bournemouth,Aston Villa,0,1,08/08/2015 18:00,Charlie Daniels,Chipped
487149,75,MissedShots,0.835,0.632999992,0.040378101,Andrew Surman,h,460,SetPiece,2015,LeftFoot,82,Bournemouth,Aston Villa,0,1,08/08/2015 18:00,,None
487151,82,MissedShots,0.849000015,0.262999992,0.020245999,Matt Ritchie,h,461,OpenPlay,2015,RightFoot,82,Bournemouth,Aston Villa,0,1,08/08/2015 18:00,Andrew Surman,Chipped
487136,26,MissedShots,0.741999969,0.597999992,0.018269099,Idrissa Gueye,a,668,OpenPlay,2015,RightFoot,82,Bournemouth,Aston Villa,0,1,08/08/2015 18:00,Jordan Veretout,Pass
487141,42,BlockedShot,0.785999985,0.437000008,0.097370803,Leandro Bacuna,a,674,DirectFreekick,2015,RightFoot,82,Bournemouth,Aston Villa,0,1,08/08/2015 18:00,,Standard
487144,47,SavedShot,0.883000031,0.560999985,0.113668002,Idrissa Gueye,a,668,OpenPlay,2015,LeftFoot,82,Bournemouth,Aston Villa,0,1,08/08/2015 18:00,Gabriel Agbonlahor,Pass
487146,67,BlockedShot,0.86,0.502999992,0.075484298,Gabriel Agbonlahor,a,890,OpenPlay,2015,LeftFoot,82,Bournemouth,Aston Villa,0,1,08/08/2015 18:00,,None
487147,67,MissedShots,0.935,0.325999985,0.052679699,Rudy Gestede,a,671,OpenPlay,2015,RightFoot,82,Bournemouth,Aston Villa,0,1,08/08/2015 18:00,,Rebound
487148,71,Goal,0.93,0.502999992,0.374081999,Rudy Gestede,a,671,FromCorner,2015,Head,82,Bournemouth,Aston Villa,0,1,08/08/2015 18:00,Ashley Westwood,Cross
487150,81,SavedShot,0.795,0.507000008,0.054676101,Gabriel Agbonlahor,a,890,OpenPlay,2015,LeftFoot,82,Bournemouth,Aston Villa,0,1,08/08/2015 18:00,Micah Richards,TakeOn
51556,18,SavedShot,0.918000031,0.487000008,0.097273298,Gareth Barry,h,590,FromCorner,2015,Head,83,Everton,Watford,2,2,08/08/2015 18:00,Kevin Mirallas,Cross
51557,23,BlockedShot,0.761999969,0.475,0.027589999,Ross Barkley,h,592,OpenPlay,2015,LeftFoot,83,Everton,Watford,2,2,08/08/2015 18:00,Tom Cleverley,Pass
51558,29,MissedShots,0.730999985,0.435999985,0.0186351,Ross Barkley,h,592,OpenPlay,2015,LeftFoot,83,Everton,Watford,2,2,08/08/2015 18:00,Gareth Barry,Pass
51559,30,SavedShot,0.868000031,0.751999969,0.0267168,Ross Barkley,h,592,OpenPlay,2015,RightFoot,83,Everton,Watford,2,2,08/08/2015 18:00,Tom Cleverley,Pass
51562,49,MissedShots,0.939000015,0.577000008,0.213395,Romelu Lukaku,h,594,FromCorner,2015,Head,83,Everton,Watford,2,2,08/08/2015 18:00,Ross Barkley,Cross
51563,55,BlockedShot,0.765999985,0.715,0.0101561,Kevin Mirallas,h,595,OpenPlay,2015,RightFoot,83,Everton,Watford,2,2,08/08/2015 18:00,,Aerial
51567,67,MissedShots,0.916999969,0.422999992,0.076742098,Arouna Koné,h,601,OpenPlay,2015,Head,83,Everton,Watford,2,2,08/08/2015 18:00,Tom Cleverley,Cross
51568,75,Goal,0.758000031,0.585,0.0192704,Ross Barkley,h,592,OpenPlay,2015,RightFoot,83,Everton,Watford,2,2,08/08/2015 18:00,Arouna Koné,Pass
51571,85,Goal,0.933000031,0.33,0.069516197,Arouna Koné,h,601,OpenPlay,2015,RightFoot,83,Everton,Watford,2,2,08/08/2015 18:00,Romelu Lukaku,Pass
51573,88,SavedShot,0.944000015,0.716999969,0.044930998,Romelu Lukaku,h,594,OpenPlay,2015,LeftFoot,83,Everton,Watford,2,2,08/08/2015 18:00,,None
51553,12,BlockedShot,0.884000015,0.455999985,0.124563999,Troy Deeney,a,574,OpenPlay,2015,RightFoot,83,Everton,Watford,2,2,08/08/2015 18:00,Miguel Layún,LayOff
51554,12,BlockedShot,0.774000015,0.595999985,0.03026,Troy Deeney,a,574,OpenPlay,2015,RightFoot,83,Everton,Watford,2,2,08/08/2015 18:00,Jurado,TakeOn
51555,13,Goal,0.886999969,0.46,0.093539998,Miguel Layún,a,1016,OpenPlay,2015,RightFoot,83,Everton,Watford,2,2,08/08/2015 18:00,,None
51560,40,SavedShot,0.748000031,0.375,0.0234593,Etienne Capoue,a,572,OpenPlay,2015,LeftFoot,83,Everton,Watford,2,2,08/08/2015 18:00,Jurado,Pass
51561,45,MissedShots,0.81,0.735999985,0.0151124,Miguel Layún,a,1016,OpenPlay,2015,RightFoot,83,Everton,Watford,2,2,08/08/2015 18:00,,Aerial
51564,64,BlockedShot,0.935999985,0.714000015,0.078483097,Ikechi Anya,a,577,OpenPlay,2015,LeftFoot,83,Everton,Watford,2,2,08/08/2015 18:00,Etienne Capoue,Pass
51565,66,SavedShot,0.760999985,0.744000015,0.017960001,José Holebas,a,568,OpenPlay,2015,LeftFoot,83,Everton,Watford,2,2,08/08/2015 18:00,Ikechi Anya,Pass
51566,66,MissedShots,0.785,0.415,0.031419199,Jurado,a,582,OpenPlay,2015,RightFoot,83,Everton,Watford,2,2,08/08/2015 18:00,,Rebound
51569,76,SavedShot,0.850999985,0.530999985,0.017846899,Troy Deeney,a,574,OpenPlay,2015,Head,83,Everton,Watford,2,2,08/08/2015 18:00,José Holebas,Cross
51570,82,Goal,0.841999969,0.497000008,0.114175998,Odion Ighalo,a,573,OpenPlay,2015,RightFoot,83,Everton,Watford,2,2,08/08/2015 18:00,Troy Deeney,TakeOn
51572,86,MissedShots,0.721999969,0.632999992,0.0116358,Ikechi Anya,a,577,OpenPlay,2015,RightFoot,83,Everton,Watford,2,2,08/08/2015 18:00,Ben Watson,TakeOn
51577,8,BlockedShot,0.761999969,0.266000004,0.0167864,Riyad Mahrez,h,750,SetPiece,2015,LeftFoot,84,Leicester,Sunderland,4,2,08/08/2015 18:00,Marc Albrighton,Pass
51578,10,Goal,0.883000031,0.645,0.016541401,Jamie Vardy,h,755,SetPiece,2015,Head,84,Leicester,Sunderland,4,2,08/08/2015 18:00,Marc Albrighton,Cross
51579,12,BlockedShot,0.95,0.537999992,0.156549007,Shinji Okazaki,h,754,OpenPlay,2015,LeftFoot,84,Leicester,Sunderland,4,2,08/08/2015 18:00,Jamie Vardy,Pass
51580,17,Goal,0.933000031,0.507000008,0.144403994,Riyad Mahrez,h,750,OpenPlay,2015,Head,84,Leicester,Sunderland,4,2,08/08/2015 18:00,Marc Albrighton,Cross
51582,24,Goal,0.885,0.5,0.761169016,Riyad Mahrez,h,750,Penalty,2015,LeftFoot,84,Leicester,Sunderland,4,2,08/08/2015 18:00,,Standard
51583,26,SavedShot,0.853000031,0.587999992,0.298106998,Jamie Vardy,h,755,OpenPlay,2015,RightFoot,84,Leicester,Sunderland,4,2,08/08/2015 18:00,Riyad Mahrez,Pass
51584,28,MissedShots,0.914000015,0.617999992,0.030204499,Jeffrey Schlupp,h,757,OpenPlay,2015,Head,84,Leicester,Sunderland,4,2,08/08/2015 18:00,Riyad Mahrez,Cross
51586,39,MissedShots,0.856999969,0.507000008,0.124237999,Riyad Mahrez,h,750,OpenPlay,2015,LeftFoot,84,Leicester,Sunderland,4,2,08/08/2015 18:00,Jamie Vardy,Pass
51587,46,SavedShot,0.729000015,0.525999985,0.017983301,Daniel Drinkwater,h,752,OpenPlay,2015,RightFoot,84,Leicester,Sunderland,4,2,08/08/2015 18:00,Shinji Okazaki,Pass
51588,50,MissedShots,0.963000031,0.643000031,0.34553799,Jamie Vardy,h,755,OpenPlay,2015,RightFoot,84,Leicester,Sunderland,4,2,08/08/2015 18:00,Marc Albrighton,TakeOn
51590,55,ShotOnPost,0.895,0.282000008,0.066266499,Riyad Mahrez,h,750,OpenPlay,2015,LeftFoot,84,Leicester,Sunderland,4,2,08/08/2015 18:00,Shinji Okazaki,Pass
51591,56,SavedShot,0.926999969,0.322000008,0.134117007,Riyad Mahrez,h,750,OpenPlay,2015,RightFoot,84,Leicester,Sunderland,4,2,08/08/2015 18:00,Daniel Drinkwater,Throughball
51592,57,BlockedShot,0.921999969,0.59,0.01616,Wes Morgan,h,748,FromCorner,2015,Head,84,Leicester,Sunderland,4,2,08/08/2015 18:00,Marc Albrighton,Aerial
51593,58,SavedShot,0.898000031,0.417999992,0.052070498,Jamie Vardy,h,755,FromCorner,2015,LeftFoot,84,Leicester,Sunderland,4,2,08/08/2015 18:00,Riyad Mahrez,Cross
51595,61,MissedShots,0.779000015,0.4,0.061791901,Jamie Vardy,h,755,OpenPlay,2015,LeftFoot,84,Leicester,Sunderland,4,2,08/08/2015 18:00,Daniel Drinkwater,Chipped
51597,65,Goal,0.848000031,0.55,0.079319596,Marc Albrighton,h,753,OpenPlay,2015,RightFoot,84,Leicester,Sunderland,4,2,08/08/2015 18:00,,None
51600,72,MissedShots,0.813000031,0.467000008,0.076361597,Marc Albrighton,h,753,OpenPlay,2015,RightFoot,84,Leicester,Sunderland,4,2,08/08/2015 18:00,Riyad Mahrez,Pass
51601,77,MissedShots,0.875999985,0.277000008,0.048661299,Andy King,h,784,OpenPlay,2015,RightFoot,84,Leicester,Sunderland,4,2,08/08/2015 18:00,Marc Albrighton,Pass
51603,86,BlockedShot,0.868000031,0.455999985,0.121762,Shinji Okazaki,h,754,OpenPlay,2015,LeftFoot,84,Leicester,Sunderland,4,2,08/08/2015 18:00,N&#039;Golo Kanté,Pass
51574,5,BlockedShot,0.949000015,0.432999992,0.121574,Jermain Defoe,a,735,OpenPlay,2015,RightFoot,84,Leicester,Sunderland,4,2,08/08/2015 18:00,,BallTouch
51575,5,SavedShot,0.926999969,0.570999985,0.027277101,Younes Kaboul,a,736,FromCorner,2015,Head,84,Leicester,Sunderland,4,2,08/08/2015 18:00,Adam Johnson,Aerial
51576,5,SavedShot,0.926999969,0.489000015,0.050374899,Jack Rodwell,a,733,FromCorner,2015,Head,84,Leicester,Sunderland,4,2,08/08/2015 18:00,,Rebound
51581,21,MissedShots,0.708000031,0.372999992,0.0121967,Adam Johnson,a,929,OpenPlay,2015,LeftFoot,84,Leicester,Sunderland,4,2,08/08/2015 18:00,Sebastian Larsson,Pass
51585,32,MissedShots,0.845999985,0.136999998,0.0104474,Steven Fletcher,a,930,OpenPlay,2015,LeftFoot,84,Leicester,Sunderland,4,2,08/08/2015 18:00,Jermain Defoe,Pass
51589,52,MissedShots,0.954000015,0.570999985,0.102652997,Steven Fletcher,a,930,FromCorner,2015,Head,84,Leicester,Sunderland,4,2,08/08/2015 18:00,Adam Johnson,Cross
51594,59,Goal,0.87,0.542000008,0.323819011,Jermain Defoe,a,735,OpenPlay,2015,RightFoot,84,Leicester,Sunderland,4,2,08/08/2015 18:00,Adam Johnson,Throughball
51596,62,SavedShot,0.863000031,0.617999992,0.075410299,Jermain Defoe,a,735,OpenPlay,2015,RightFoot,84,Leicester,Sunderland,4,2,08/08/2015 18:00,Adam Johnson,Pass
51598,68,MissedShots,0.815999985,0.485,0.0234145,Jeremain Lens,a,781,OpenPlay,2015,LeftFoot,84,Leicester,Sunderland,4,2,08/08/2015 18:00,Adam Johnson,Cross
51599,70,Goal,0.954000015,0.517999992,0.702413023,Steven Fletcher,a,930,OpenPlay,2015,Head,84,Leicester,Sunderland,4,2,08/08/2015 18:00,Jeremain Lens,Aerial
51602,80,BlockedShot,0.706999969,0.48,0.0112551,Sebastian Larsson,a,740,OpenPlay,2015,RightFoot,84,Leicester,Sunderland,4,2,08/08/2015 18:00,Jack Rodwell,Pass
51646,1,MissedShots,0.716999969,0.317999992,0.011888,Graham Dorrans,h,801,OpenPlay,2015,RightFoot,85,Norwich,Crystal Palace,1,3,08/08/2015 18:00,Jonny Howson,Pass
51647,7,MissedShots,0.709000015,0.479000015,0.0120836,Alexander Tettey,h,791,OpenPlay,2015,RightFoot,85,Norwich,Crystal Palace,1,3,08/08/2015 18:00,,None
51648,9,MissedShots,0.953000031,0.52,0.620231986,Lewis Grabban,h,467,OpenPlay,2015,RightFoot,85,Norwich,Crystal Palace,1,3,08/08/2015 18:00,,None
51650,22,BlockedShot,0.748000031,0.315,0.044739299,Robbie Brady,h,789,DirectFreekick,2015,LeftFoot,85,Norwich,Crystal Palace,1,3,08/08/2015 18:00,,Standard
51654,32,MissedShots,0.723000031,0.683000031,0.0125375,Bradley Johnson,h,1011,OpenPlay,2015,LeftFoot,85,Norwich,Crystal Palace,1,3,08/08/2015 18:00,Jonny Howson,Pass
51657,42,MissedShots,0.806999969,0.452000008,0.0474113,Alexander Tettey,h,791,OpenPlay,2015,LeftFoot,85,Norwich,Crystal Palace,1,3,08/08/2015 18:00,Lewis Grabban,Pass
51658,44,SavedShot,0.798000031,0.602000008,0.0131445,Robbie Brady,h,789,OpenPlay,2015,LeftFoot,85,Norwich,Crystal Palace,1,3,08/08/2015 18:00,,Aerial
51659,46,MissedShots,0.903000031,0.434000015,0.046884801,Bradley Johnson,h,1011,FromCorner,2015,Head,85,Norwich,Crystal Palace,1,3,08/08/2015 18:00,Robbie Brady,Cross
51661,50,SavedShot,0.973000031,0.362999992,0.079966597,Lewis Grabban,h,467,OpenPlay,2015,RightFoot,85,Norwich,Crystal Palace,1,3,08/08/2015 18:00,Wes Hoolahan,Pass
51662,50,SavedShot,0.913000031,0.494000015,0.061810602,Bradley Johnson,h,1011,OpenPlay,2015,Head,85,Norwich,Crystal Palace,1,3,08/08/2015 18:00,Lewis Grabban,BallTouch
51663,54,SavedShot,0.775,0.272000008,0.0158366,Steven Whittaker,h,926,OpenPlay,2015,LeftFoot,85,Norwich,Crystal Palace,1,3,08/08/2015 18:00,Wes Hoolahan,Pass
51664,61,MissedShots,0.785,0.479000015,0.023917999,Jonny Howson,h,792,OpenPlay,2015,RightFoot,85,Norwich,Crystal Palace,1,3,08/08/2015 18:00,,None
51665,66,BlockedShot,0.740999985,0.485,0.0171044,Bradley Johnson,h,1011,OpenPlay,2015,LeftFoot,85,Norwich,Crystal Palace,1,3,08/08/2015 18:00,Graham Dorrans,Interception
51666,68,Goal,0.710999985,0.442999992,0.0117161,Nathan Redmond,h,790,OpenPlay,2015,RightFoot,85,Norwich,Crystal Palace,1,3,08/08/2015 18:00,Wes Hoolahan,Pass
51667,75,BlockedShot,0.945,0.312999992,0.032845899,Steven Whittaker,h,926,OpenPlay,2015,RightFoot,85,Norwich,Crystal Palace,1,3,08/08/2015 18:00,Robbie Brady,Cross
51670,86,MissedShots,0.781999969,0.592999992,0.0279264,Robbie Brady,h,789,OpenPlay,2015,LeftFoot,85,Norwich,Crystal Palace,1,3,08/08/2015 18:00,Cameron Jerome,Pass
51672,90,MissedShots,0.885,0.455,0.050709799,Cameron Jerome,h,794,SetPiece,2015,Head,85,Norwich,Crystal Palace,1,3,08/08/2015 18:00,Nathan Redmond,Cross
51649,12,BlockedShot,0.853000031,0.736999969,0.023883101,Jordon Mutch,a,632,OpenPlay,2015,RightFoot,85,Norwich,Crystal Palace,1,3,08/08/2015 18:00,Glenn Murray,Pass
51651,29,BlockedShot,0.845999985,0.402000008,0.059064899,Jason Puncheon,a,514,OpenPlay,2015,RightFoot,85,Norwich,Crystal Palace,1,3,08/08/2015 18:00,,None
51652,30,SavedShot,0.965,0.477000008,0.631695986,Glenn Murray,a,882,OpenPlay,2015,LeftFoot,85,Norwich,Crystal Palace,1,3,08/08/2015 18:00,Joel Ward,HeadPass
51653,30,MissedShots,0.959000015,0.308999996,0.012009,Joel Ward,a,510,OpenPlay,2015,Head,85,Norwich,Crystal Palace,1,3,08/08/2015 18:00,Glenn Murray,Pass
51655,38,Goal,0.955,0.577000008,0.392138004,Wilfried Zaha,a,522,OpenPlay,2015,RightFoot,85,Norwich,Crystal Palace,1,3,08/08/2015 18:00,Jason Puncheon,Cross
51656,41,SavedShot,0.864000015,0.399000015,0.132127002,Jordon Mutch,a,632,OpenPlay,2015,RightFoot,85,Norwich,Crystal Palace,1,3,08/08/2015 18:00,Yohan Cabaye,Throughball
51660,48,Goal,0.975999985,0.594000015,0.321473986,Damien Delaney,a,511,FromCorner,2015,RightFoot,85,Norwich,Crystal Palace,1,3,08/08/2015 18:00,Pape Souaré,HeadPass
51668,84,SavedShot,0.758000031,0.325,0.0228204,Yohan Cabaye,a,516,OpenPlay,2015,RightFoot,85,Norwich,Crystal Palace,1,3,08/08/2015 18:00,James McArthur,Pass
51669,86,MissedShots,0.798000031,0.544000015,0.058491901,Connor Wickham,a,519,OpenPlay,2015,RightFoot,85,Norwich,Crystal Palace,1,3,08/08/2015 18:00,Jason Puncheon,Pass
51671,87,SavedShot,0.784000015,0.515,0.0626183,Yannick Bolasie,a,518,OpenPlay,2015,RightFoot,85,Norwich,Crystal Palace,1,3,08/08/2015 18:00,James McArthur,LayOff
51673,93,Goal,0.888000031,0.432999992,0.393427998,Yohan Cabaye,a,516,OpenPlay,2015,RightFoot,85,Norwich,Crystal Palace,1,3,08/08/2015 18:00,James McArthur,Throughball
51525,10,MissedShots,0.760999985,0.225,0.0154953,Branislav Ivanovic,h,682,OpenPlay,2015,RightFoot,86,Chelsea,Swansea,2,2,08/08/2015 20:30,Willian,Pass
51528,17,BlockedShot,0.726999969,0.345999985,0.0146816,Nemanja Matic,h,697,OpenPlay,2015,LeftFoot,86,Chelsea,Swansea,2,2,08/08/2015 20:30,Eden Hazard,Pass
51529,22,Goal,0.838000031,0.845,0.040701602,Oscar,h,692,DirectFreekick,2015,RightFoot,86,Chelsea,Swansea,2,2,08/08/2015 20:30,,Standard
51534,32,SavedShot,0.98,0.243999996,0.050366402,Diego Costa,h,802,OpenPlay,2015,RightFoot,86,Chelsea,Swansea,2,2,08/08/2015 20:30,,Dispossessed
51536,36,MissedShots,0.85,0.332000008,0.052944001,Cesc Fàbregas,h,686,OpenPlay,2015,RightFoot,86,Chelsea,Swansea,2,2,08/08/2015 20:30,Willian,Pass
51537,36,MissedShots,0.913000031,0.43,0.136502996,Oscar,h,692,OpenPlay,2015,RightFoot,86,Chelsea,Swansea,2,2,08/08/2015 20:30,,Rebound
51544,58,BlockedShot,0.891999969,0.726999969,0.034211699,Willian,h,700,OpenPlay,2015,RightFoot,86,Chelsea,Swansea,2,2,08/08/2015 20:30,Diego Costa,Pass
51546,65,MissedShots,0.915999985,0.504000015,0.120536998,Branislav Ivanovic,h,682,SetPiece,2015,Head,86,Chelsea,Swansea,2,2,08/08/2015 20:30,Cesc Fàbregas,Cross
51549,74,SavedShot,0.968000031,0.332999992,0.102913998,Eden Hazard,h,701,OpenPlay,2015,RightFoot,86,Chelsea,Swansea,2,2,08/08/2015 20:30,Willian,Pass
51550,75,BlockedShot,0.785,0.295,0.0167777,Branislav Ivanovic,h,682,OpenPlay,2015,RightFoot,86,Chelsea,Swansea,2,2,08/08/2015 20:30,Willian,Pass
51552,86,MissedShots,0.816999969,0.535999985,0.066054799,Falcao,h,696,OpenPlay,2015,RightFoot,86,Chelsea,Swansea,2,2,08/08/2015 20:30,Eden Hazard,Pass
51524,6,MissedShots,0.916999969,0.595999985,0.038043499,Bafétimbi Gomis,a,717,FromCorner,2015,Head,86,Chelsea,Swansea,2,2,08/08/2015 20:30,Jonjo Shelvey,Cross
51526,14,BlockedShot,0.885,0.440999985,0.365916997,Bafétimbi Gomis,a,717,OpenPlay,2015,LeftFoot,86,Chelsea,Swansea,2,2,08/08/2015 20:30,Jonjo Shelvey,TakeOn
51527,14,SavedShot,0.811999969,0.362999992,0.035971601,Ki Sung-yueng,a,723,OpenPlay,2015,LeftFoot,86,Chelsea,Swansea,2,2,08/08/2015 20:30,Bafétimbi Gomis,Pass
51530,28,SavedShot,0.924000015,0.450999985,0.312094986,Bafétimbi Gomis,a,717,OpenPlay,2015,Head,86,Chelsea,Swansea,2,2,08/08/2015 20:30,Jefferson Montero,Cross
51531,28,BlockedShot,0.936999969,0.524000015,0.556185007,André Ayew,a,713,OpenPlay,2015,LeftFoot,86,Chelsea,Swansea,2,2,08/08/2015 20:30,,Rebound
51532,28,Goal,0.929000015,0.537000008,0.510694981,André Ayew,a,713,OpenPlay,2015,LeftFoot,86,Chelsea,Swansea,2,2,08/08/2015 20:30,,Rebound
51533,29,OwnGoal,0.056999998,0.295,0,Federico Fernández,a,708,OpenPlay,2015,RightFoot,86,Chelsea,Swansea,2,2,08/08/2015 20:30,,Aerial
51535,36,SavedShot,0.775,0.693000031,0.0176246,Gylfi Sigurdsson,a,714,OpenPlay,2015,RightFoot,86,Chelsea,Swansea,2,2,08/08/2015 20:30,Jefferson Montero,Pass
51538,46,BlockedShot,0.788000031,0.675999985,0.067128003,Gylfi Sigurdsson,a,714,DirectFreekick,2015,RightFoot,86,Chelsea,Swansea,2,2,08/08/2015 20:30,,Standard
51539,46,BlockedShot,0.926999969,0.602000008,0.057061698,Bafétimbi Gomis,a,717,FromCorner,2015,LeftFoot,86,Chelsea,Swansea,2,2,08/08/2015 20:30,Jonjo Shelvey,Cross
51540,47,MissedShots,0.934000015,0.524000015,0.120199002,Federico Fernández,a,708,FromCorner,2015,Head,86,Chelsea,Swansea,2,2,08/08/2015 20:30,Jonjo Shelvey,Cross
51541,49,BlockedShot,0.86,0.629000015,0.0391942,Gylfi Sigurdsson,a,714,FromCorner,2015,LeftFoot,86,Chelsea,Swansea,2,2,08/08/2015 20:30,,Foul
51542,54,Goal,0.885,0.5,0.761169016,Bafétimbi Gomis,a,717,Penalty,2015,RightFoot,86,Chelsea,Swansea,2,2,08/08/2015 20:30,,Standard
51543,57,SavedShot,0.805,0.66,0.0245251,Jefferson Montero,a,715,OpenPlay,2015,RightFoot,86,Chelsea,Swansea,2,2,08/08/2015 20:30,Jonjo Shelvey,TakeOn
51545,60,SavedShot,0.963000031,0.665999985,0.069078803,Jefferson Montero,a,715,OpenPlay,2015,RightFoot,86,Chelsea,Swansea,2,2,08/08/2015 20:30,Gylfi Sigurdsson,Pass
51547,66,BlockedShot,0.768000031,0.595999985,0.025423501,Jonjo Shelvey,a,769,OpenPlay,2015,LeftFoot,86,Chelsea,Swansea,2,2,08/08/2015 20:30,Jack Cork,Pass
51548,72,SavedShot,0.904000015,0.63,0.0946448,Wayne Routledge,a,719,OpenPlay,2015,RightFoot,86,Chelsea,Swansea,2,2,08/08/2015 20:30,Jonjo Shelvey,Pass
51551,80,SavedShot,0.846999969,0.25,0.025434,André Ayew,a,713,OpenPlay,2015,LeftFoot,86,Chelsea,Swansea,2,2,08/08/2015 20:30,Eder,Pass
51623,6,BlockedShot,0.856999969,0.479000015,0.102217004,Georginio Wijnaldum,h,771,OpenPlay,2015,RightFoot,87,Newcastle United,Southampton,2,2,09/08/2015 16:30,Moussa Sissoko,Pass
51625,14,SavedShot,0.803000031,0.492999992,0.049910501,Papiss Demba Cissé,h,850,OpenPlay,2015,RightFoot,87,Newcastle United,Southampton,2,2,09/08/2015 16:30,Georginio Wijnaldum,Save
51627,20,BlockedShot,0.929000015,0.454000015,0.107844003,Fabricio Coloccini,h,941,SetPiece,2015,LeftFoot,87,Newcastle United,Southampton,2,2,09/08/2015 16:30,Papiss Demba Cissé,Cross
51630,36,BlockedShot,0.903000031,0.502000008,0.075482301,Fabricio Coloccini,h,941,FromCorner,2015,LeftFoot,87,Newcastle United,Southampton,2,2,09/08/2015 16:30,Jack Colback,Cross
51632,41,Goal,0.995,0.495999985,0.975607991,Papiss Demba Cissé,h,850,FromCorner,2015,OtherBodyPart,87,Newcastle United,Southampton,2,2,09/08/2015 16:30,,None
51635,47,Goal,0.915,0.455999985,0.144658998,Georginio Wijnaldum,h,771,OpenPlay,2015,Head,87,Newcastle United,Southampton,2,2,09/08/2015 16:30,Gabriel Obertan,Cross
51636,49,MissedShots,0.720999985,0.645,0.0225734,Gabriel Obertan,h,851,OpenPlay,2015,RightFoot,87,Newcastle United,Southampton,2,2,09/08/2015 16:30,Massadio Haidara,Pass
51637,61,MissedShots,0.783000031,0.569000015,0.0227003,Vurnon Anita,h,768,FromCorner,2015,RightFoot,87,Newcastle United,Southampton,2,2,09/08/2015 16:30,Gabriel Obertan,Pass
51640,69,MissedShots,0.929000015,0.635,0.0451384,Papiss Demba Cissé,h,850,FromCorner,2015,LeftFoot,87,Newcastle United,Southampton,2,2,09/08/2015 16:30,Jack Colback,Cross
51624,14,SavedShot,0.955,0.335999985,0.060842201,Cédric Soares,a,847,OpenPlay,2015,RightFoot,87,Newcastle United,Southampton,2,2,09/08/2015 16:30,,None
51626,17,BlockedShot,0.733000031,0.372000008,0.0130545,Dusan Tadic,a,840,OpenPlay,2015,LeftFoot,87,Newcastle United,Southampton,2,2,09/08/2015 16:30,Jay Rodriguez,Chipped
51628,23,Goal,0.915,0.579000015,0.035580602,Graziano Pellè,a,841,OpenPlay,2015,Head,87,Newcastle United,Southampton,2,2,09/08/2015 16:30,Cédric Soares,Aerial
51629,34,MissedShots,0.915999985,0.509000015,0.066460699,Jay Rodriguez,a,844,OpenPlay,2015,Head,87,Newcastle United,Southampton,2,2,09/08/2015 16:30,Dusan Tadic,Aerial
51631,38,MissedShots,0.819000015,0.637000008,0.055271398,Sadio Mané,a,838,OpenPlay,2015,LeftFoot,87,Newcastle United,Southampton,2,2,09/08/2015 16:30,,Interception
51633,46,MissedShots,0.89,0.407999992,0.074229598,Dusan Tadic,a,840,OpenPlay,2015,LeftFoot,87,Newcastle United,Southampton,2,2,09/08/2015 16:30,Cédric Soares,Cross
51634,46,SavedShot,0.935,0.482000008,0.45499,Maya Yoshida,a,845,SetPiece,2015,Head,87,Newcastle United,Southampton,2,2,09/08/2015 16:30,Steven Davis,Cross
51638,63,MissedShots,0.93,0.472000008,0.112236001,José Fonte,a,834,FromCorner,2015,Head,87,Newcastle United,Southampton,2,2,09/08/2015 16:30,Dusan Tadic,Cross
51639,68,BlockedShot,0.79,0.231000004,0.017777801,Dusan Tadic,a,840,OpenPlay,2015,LeftFoot,87,Newcastle United,Southampton,2,2,09/08/2015 16:30,Steven Davis,Pass
51641,71,MissedShots,0.886999969,0.31,0.044287,Graziano Pellè,a,841,OpenPlay,2015,RightFoot,87,Newcastle United,Southampton,2,2,09/08/2015 16:30,Dusan Tadic,Chipped
51642,78,Goal,0.925999985,0.565,0.0363052,Shane Long,a,839,OpenPlay,2015,Head,87,Newcastle United,Southampton,2,2,09/08/2015 16:30,Dusan Tadic,Aerial
51643,83,MissedShots,0.689000015,0.517000008,0.0138693,Shane Long,a,839,OpenPlay,2015,RightFoot,87,Newcastle United,Southampton,2,2,09/08/2015 16:30,Dusan Tadic,Pass
51644,90,BlockedShot,0.859000015,0.55,0.147198007,Sadio Mané,a,838,OpenPlay,2015,RightFoot,87,Newcastle United,Southampton,2,2,09/08/2015 16:30,Steven Davis,TakeOn
51645,93,MissedShots,0.846999969,0.439000015,0.120797999,Sadio Mané,a,838,OpenPlay,2015,LeftFoot,87,Newcastle United,Southampton,2,2,09/08/2015 16:30,Dusan Tadic,TakeOn
51476,7,BlockedShot,0.778000031,0.332999992,0.063183799,Mesut Özil,h,499,DirectFreekick,2015,LeftFoot,88,Arsenal,West Ham,0,2,09/08/2015 16:30,,Standard
51477,8,MissedShots,0.855999985,0.554000015,0.017912401,Laurent Koscielny,h,494,FromCorner,2015,Head,88,Arsenal,West Ham,0,2,09/08/2015 16:30,Mathieu Debuchy,Chipped
51478,10,MissedShots,0.779000015,0.550999985,0.031294301,Alex Oxlade-Chamberlain,h,966,OpenPlay,2015,RightFoot,88,Arsenal,West Ham,0,2,09/08/2015 16:30,,None
51480,25,BlockedShot,0.919000015,0.627000008,0.069391496,Olivier Giroud,h,502,OpenPlay,2015,LeftFoot,88,Arsenal,West Ham,0,2,09/08/2015 16:30,Francis Coquelin,Cross
51481,27,MissedShots,0.916999969,0.693000031,0.031401999,Santiago Cazorla,h,965,OpenPlay,2015,LeftFoot,88,Arsenal,West Ham,0,2,09/08/2015 16:30,Alex Oxlade-Chamberlain,Cross
51483,30,BlockedShot,0.803000031,0.262000008,0.019085599,Aaron Ramsey,h,504,OpenPlay,2015,RightFoot,88,Arsenal,West Ham,0,2,09/08/2015 16:30,Alex Oxlade-Chamberlain,BallTouch
51484,32,SavedShot,0.911999969,0.527999992,0.080389999,Per Mertesacker,h,507,FromCorner,2015,Head,88,Arsenal,West Ham,0,2,09/08/2015 16:30,Mesut Özil,Cross
51487,38,MissedShots,0.751999969,0.467000008,0.0220399,Aaron Ramsey,h,504,OpenPlay,2015,RightFoot,88,Arsenal,West Ham,0,2,09/08/2015 16:30,Santiago Cazorla,Pass
51489,44,BlockedShot,0.903000031,0.587000008,0.0857611,Mesut Özil,h,499,OpenPlay,2015,RightFoot,88,Arsenal,West Ham,0,2,09/08/2015 16:30,Aaron Ramsey,Pass
51490,44,MissedShots,0.819000015,0.301000004,0.0284454,Mathieu Debuchy,h,967,OpenPlay,2015,RightFoot,88,Arsenal,West Ham,0,2,09/08/2015 16:30,,Rebound
51491,50,BlockedShot,0.873000031,0.705999985,0.045121301,Alex Oxlade-Chamberlain,h,966,OpenPlay,2015,RightFoot,88,Arsenal,West Ham,0,2,09/08/2015 16:30,Santiago Cazorla,Pass
51492,54,MissedShots,0.903000031,0.679000015,0.061159302,Olivier Giroud,h,502,OpenPlay,2015,LeftFoot,88,Arsenal,West Ham,0,2,09/08/2015 16:30,Mesut Özil,Pass
51493,55,SavedShot,0.845,0.415,0.070663802,Olivier Giroud,h,502,OpenPlay,2015,LeftFoot,88,Arsenal,West Ham,0,2,09/08/2015 16:30,Alex Oxlade-Chamberlain,Pass
51495,64,SavedShot,0.92,0.520999985,0.060720298,Olivier Giroud,h,502,SetPiece,2015,Head,88,Arsenal,West Ham,0,2,09/08/2015 16:30,Santiago Cazorla,Aerial
51496,70,BlockedShot,0.799000015,0.252000008,0.0166885,Theo Walcott,h,503,OpenPlay,2015,RightFoot,88,Arsenal,West Ham,0,2,09/08/2015 16:30,Santiago Cazorla,Pass
51497,72,BlockedShot,0.871999969,0.770999985,0.0238165,Alexis Sánchez,h,498,OpenPlay,2015,RightFoot,88,Arsenal,West Ham,0,2,09/08/2015 16:30,Santiago Cazorla,Pass
51499,80,BlockedShot,0.888000031,0.462999992,0.0851584,Theo Walcott,h,503,OpenPlay,2015,RightFoot,88,Arsenal,West Ham,0,2,09/08/2015 16:30,,Dispossessed
51500,80,MissedShots,0.849000015,0.295,0.038002498,Alex Oxlade-Chamberlain,h,966,OpenPlay,2015,RightFoot,88,Arsenal,West Ham,0,2,09/08/2015 16:30,Aaron Ramsey,Pass
51501,84,SavedShot,0.793000031,0.59,0.0136681,Santiago Cazorla,h,965,OpenPlay,2015,LeftFoot,88,Arsenal,West Ham,0,2,09/08/2015 16:30,,Aerial
51502,88,MissedShots,0.943000031,0.412999992,0.276021987,Olivier Giroud,h,502,OpenPlay,2015,RightFoot,88,Arsenal,West Ham,0,2,09/08/2015 16:30,Alex Oxlade-Chamberlain,Cross
51504,92,SavedShot,0.88,0.627000008,0.118262999,Alexis Sánchez,h,498,OpenPlay,2015,RightFoot,88,Arsenal,West Ham,0,2,09/08/2015 16:30,Mesut Özil,Pass
51505,94,SavedShot,0.899000015,0.664000015,0.0759129,Alexis Sánchez,h,498,OpenPlay,2015,RightFoot,88,Arsenal,West Ham,0,2,09/08/2015 16:30,Mesut Özil,Pass
51479,17,BlockedShot,0.770999985,0.681999969,0.019972499,Aaron Cresswell,a,534,OpenPlay,2015,LeftFoot,88,Arsenal,West Ham,0,2,09/08/2015 16:30,Mauro Zárate,Pass
51482,28,MissedShots,0.843000031,0.750999985,0.022996901,Diafra Sakho,a,656,OpenPlay,2015,RightFoot,88,Arsenal,West Ham,0,2,09/08/2015 16:30,Aaron Cresswell,BallRecovery
51485,35,BlockedShot,0.765,0.432999992,0.0220792,Dimitri Payet,a,536,OpenPlay,2015,RightFoot,88,Arsenal,West Ham,0,2,09/08/2015 16:30,Cheikhou Kouyaté,TakeOn
51486,35,MissedShots,0.845,0.372999992,0.0406055,Mauro Zárate,a,939,FromCorner,2015,RightFoot,88,Arsenal,West Ham,0,2,09/08/2015 16:30,Dimitri Payet,Pass
51488,42,Goal,0.915999985,0.482000008,0.297060996,Cheikhou Kouyaté,a,532,SetPiece,2015,Head,88,Arsenal,West Ham,0,2,09/08/2015 16:30,Dimitri Payet,Chipped
51494,56,Goal,0.759000015,0.674000015,0.0214699,Mauro Zárate,a,939,OpenPlay,2015,RightFoot,88,Arsenal,West Ham,0,2,09/08/2015 16:30,,None
51498,80,SavedShot,0.916999969,0.345,0.082506798,Diafra Sakho,a,656,OpenPlay,2015,RightFoot,88,Arsenal,West Ham,0,2,09/08/2015 16:30,Cheikhou Kouyaté,Pass
51503,89,SavedShot,0.725999985,0.505999985,0.029269001,Modibo Maiga,a,1029,OpenPlay,2015,LeftFoot,88,Arsenal,West Ham,0,2,09/08/2015 16:30,James Tomkins,TakeOn
51674,7,MissedShots,0.865,0.46,0.077142701,Charlie Adam,h,873,OpenPlay,2015,LeftFoot,89,Stoke,Liverpool,0,1,09/08/2015 19:00,,None
51675,17,SavedShot,0.751999969,0.622999992,0.0160482,Mame Biram Diouf,h,868,OpenPlay,2015,LeftFoot,89,Stoke,Liverpool,0,1,09/08/2015 19:00,Jonathan Walters,HeadPass
51679,35,BlockedShot,0.891999969,0.643000031,0.065000102,Ibrahim Afellay,h,864,OpenPlay,2015,LeftFoot,89,Stoke,Liverpool,0,1,09/08/2015 19:00,,None
51680,35,MissedShots,0.889000015,0.527999992,0.110270001,Glen Johnson,h,944,OpenPlay,2015,LeftFoot,89,Stoke,Liverpool,0,1,09/08/2015 19:00,,Rebound
51681,44,MissedShots,0.760999985,0.579000015,0.020544801,Charlie Adam,h,873,OpenPlay,2015,LeftFoot,89,Stoke,Liverpool,0,1,09/08/2015 19:00,Mame Biram Diouf,Pass
51682,45,MissedShots,0.761999969,0.207000008,0.0107786,Marco van Ginkel,h,946,OpenPlay,2015,LeftFoot,89,Stoke,Liverpool,0,1,09/08/2015 19:00,Jonathan Walters,Pass
51687,79,BlockedShot,0.86,0.419000015,0.088657297,Marco van Ginkel,h,946,OpenPlay,2015,LeftFoot,89,Stoke,Liverpool,0,1,09/08/2015 19:00,Jonathan Walters,Pass
51676,18,BlockedShot,0.765,0.617000008,0.020306399,Adam Lallana,a,486,OpenPlay,2015,RightFoot,89,Stoke,Liverpool,0,1,09/08/2015 19:00,,None
51677,20,BlockedShot,0.751999969,0.59,0.020529,Philippe Coutinho,a,488,OpenPlay,2015,RightFoot,89,Stoke,Liverpool,0,1,09/08/2015 19:00,,BallRecovery
51678,30,BlockedShot,0.865999985,0.248999996,0.0281047,Jordon Ibe,a,481,OpenPlay,2015,RightFoot,89,Stoke,Liverpool,0,1,09/08/2015 19:00,Nathaniel Clyne,Pass
51683,62,SavedShot,0.906999969,0.74,0.0319595,Dejan Lovren,a,602,SetPiece,2015,LeftFoot,89,Stoke,Liverpool,0,1,09/08/2015 19:00,Martin Skrtel,Pass
51684,66,BlockedShot,0.899000015,0.575,0.116688997,Christian Benteke,a,606,OpenPlay,2015,RightFoot,89,Stoke,Liverpool,0,1,09/08/2015 19:00,Philippe Coutinho,Pass
51685,67,SavedShot,0.913000031,0.490999985,0.087718599,Martin Skrtel,a,607,FromCorner,2015,Head,89,Stoke,Liverpool,0,1,09/08/2015 19:00,James Milner,Cross
51686,76,MissedShots,0.701999969,0.475999985,0.0109168,Philippe Coutinho,a,488,OpenPlay,2015,RightFoot,89,Stoke,Liverpool,0,1,09/08/2015 19:00,,None
51688,85,Goal,0.726999969,0.535999985,0.0136493,Philippe Coutinho,a,488,OpenPlay,2015,RightFoot,89,Stoke,Liverpool,0,1,09/08/2015 19:00,Joseph Gomez,TakeOn
51697,27,MissedShots,0.700999985,0.46,0.037923899,Rickie Lambert,h,816,DirectFreekick,2015,RightFoot,90,West Bromwich Albion,Manchester City,0,3,10/08/2015 23:00,,Standard
51703,48,MissedShots,0.730999985,0.477999992,0.052051499,Rickie Lambert,h,816,DirectFreekick,2015,RightFoot,90,West Bromwich Albion,Manchester City,0,3,10/08/2015 23:00,,Standard
51707,66,BlockedShot,0.953000031,0.495999985,0.132235005,Craig Dawson,h,804,FromCorner,2015,Head,90,West Bromwich Albion,Manchester City,0,3,10/08/2015 23:00,Craig Gardner,Cross
51708,68,MissedShots,0.739000015,0.442999992,0.0135201,Craig Gardner,h,812,OpenPlay,2015,RightFoot,90,West Bromwich Albion,Manchester City,0,3,10/08/2015 23:00,Rickie Lambert,HeadPass
51709,74,MissedShots,0.726999969,0.342000008,0.0109059,Craig Gardner,h,812,OpenPlay,2015,RightFoot,90,West Bromwich Albion,Manchester City,0,3,10/08/2015 23:00,,BallRecovery
51710,76,SavedShot,0.908000031,0.569000015,0.056207199,James Morrison,h,990,OpenPlay,2015,Head,90,West Bromwich Albion,Manchester City,0,3,10/08/2015 23:00,Chris Brunt,Cross
51711,81,MissedShots,0.885999985,0.332000008,0.026802,James Morrison,h,990,OpenPlay,2015,LeftFoot,90,West Bromwich Albion,Manchester City,0,3,10/08/2015 23:00,Callum McManaman,Cross
51712,82,MissedShots,0.936999969,0.658000031,0.089458197,Chris Brunt,h,904,OpenPlay,2015,RightFoot,90,West Bromwich Albion,Manchester City,0,3,10/08/2015 23:00,Victor Anichebe,Pass
51713,86,SavedShot,0.749000015,0.629000015,0.016134201,Victor Anichebe,h,818,OpenPlay,2015,LeftFoot,90,West Bromwich Albion,Manchester City,0,3,10/08/2015 23:00,Darren Fletcher,TakeOn
51689,3,BlockedShot,0.764000015,0.449000015,0.027680101,David Silva,a,617,OpenPlay,2015,LeftFoot,90,West Bromwich Albion,Manchester City,0,3,10/08/2015 23:00,Bacary Sagna,Pass
51690,8,MissedShots,0.924000015,0.701999969,0.030899201,David Silva,a,617,OpenPlay,2015,LeftFoot,90,West Bromwich Albion,Manchester City,0,3,10/08/2015 23:00,Aleksandar Kolarov,Cross
51691,8,BlockedShot,0.815,0.329000015,0.0249235,Yaya Touré,a,878,OpenPlay,2015,RightFoot,90,West Bromwich Albion,Manchester City,0,3,10/08/2015 23:00,Jesús Navas,Interception
51692,8,Goal,0.891999969,0.447000008,0.105548002,David Silva,a,617,OpenPlay,2015,RightFoot,90,West Bromwich Albion,Manchester City,0,3,10/08/2015 23:00,Yaya Touré,Rebound
51693,10,BlockedShot,0.769000015,0.32,0.0263421,Jesús Navas,a,616,OpenPlay,2015,LeftFoot,90,West Bromwich Albion,Manchester City,0,3,10/08/2015 23:00,David Silva,Pass
51694,10,BlockedShot,0.78,0.415,0.0292276,Wilfried Bony,a,622,OpenPlay,2015,RightFoot,90,West Bromwich Albion,Manchester City,0,3,10/08/2015 23:00,,Rebound
51695,19,BlockedShot,0.888000031,0.454000015,0.112899996,Wilfried Bony,a,622,OpenPlay,2015,RightFoot,90,West Bromwich Albion,Manchester City,0,3,10/08/2015 23:00,,None
51696,23,Goal,0.810999985,0.497000008,0.064967103,Yaya Touré,a,878,OpenPlay,2015,RightFoot,90,West Bromwich Albion,Manchester City,0,3,10/08/2015 23:00,Wilfried Bony,Pass
51698,30,BlockedShot,0.823000031,0.559000015,0.078022599,Wilfried Bony,a,622,OpenPlay,2015,LeftFoot,90,West Bromwich Albion,Manchester City,0,3,10/08/2015 23:00,Aleksandar Kolarov,Pass
51699,40,SavedShot,0.91,0.569000015,0.255376011,Raheem Sterling,a,618,OpenPlay,2015,RightFoot,90,West Bromwich Albion,Manchester City,0,3,10/08/2015 23:00,Fernandinho,BallRecovery
51700,42,BlockedShot,0.951999969,0.67,0.136865005,Aleksandar Kolarov,a,621,OpenPlay,2015,LeftFoot,90,West Bromwich Albion,Manchester City,0,3,10/08/2015 23:00,David Silva,Throughball
51701,43,BlockedShot,0.865,0.281000004,0.057813801,Jesús Navas,a,616,OpenPlay,2015,RightFoot,90,West Bromwich Albion,Manchester City,0,3,10/08/2015 23:00,Yaya Touré,Pass
51702,46,SavedShot,0.955,0.649000015,0.102620997,Raheem Sterling,a,618,OpenPlay,2015,RightFoot,90,West Bromwich Albion,Manchester City,0,3,10/08/2015 23:00,David Silva,Pass
51704,58,Goal,0.961999969,0.6,0.0179167,Vincent Kompany,a,612,FromCorner,2015,Head,90,West Bromwich Albion,Manchester City,0,3,10/08/2015 23:00,David Silva,Aerial
51705,61,MissedShots,0.719000015,0.382999992,0.040822402,Aleksandar Kolarov,a,621,DirectFreekick,2015,LeftFoot,90,West Bromwich Albion,Manchester City,0,3,10/08/2015 23:00,,Standard
51706,64,BlockedShot,0.845999985,0.490999985,0.116435997,Sergio Agüero,a,619,OpenPlay,2015,RightFoot,90,West Bromwich Albion,Manchester City,0,3,10/08/2015 23:00,Jesús Navas,Pass
51714,87,BlockedShot,0.816999969,0.539000015,0.089235403,Samir Nasri,a,877,OpenPlay,2015,RightFoot,90,West Bromwich Albion,Manchester City,0,3,10/08/2015 23:00,Sergio Agüero,Pass
51715,88,BlockedShot,0.875,0.580999985,0.106962003,David Silva,a,617,OpenPlay,2015,LeftFoot,90,West Bromwich Albion,Manchester City,0,3,10/08/2015 23:00,Aleksandar Kolarov,Cross
51716,88,SavedShot,0.920999985,0.562999992,0.51375699,Sergio Agüero,a,619,OpenPlay,2015,LeftFoot,90,West Bromwich Albion,Manchester City,0,3,10/08/2015 23:00,,Rebound
51717,91,SavedShot,0.783000031,0.760999985,0.044237599,Aleksandar Kolarov,a,621,DirectFreekick,2015,LeftFoot,90,West Bromwich Albion,Manchester City,0,3,10/08/2015 23:00,,Standard
51723,37,MissedShots,0.905,0.442999992,0.054892302,Micah Richards,h,665,FromCorner,2015,Head,91,Aston Villa,Manchester United,0,1,14/08/2015 22:45,Ashley Westwood,Cross
51724,47,MissedShots,0.785999985,0.545999985,0.0316169,Jordan Ayew,h,672,OpenPlay,2015,RightFoot,91,Aston Villa,Manchester United,0,1,14/08/2015 22:45,,BallRecovery
51725,54,SavedShot,0.909000015,0.429000015,0.0520196,Gabriel Agbonlahor,h,890,FromCorner,2015,Head,91,Aston Villa,Manchester United,0,1,14/08/2015 22:45,Ashley Westwood,Cross
51726,56,BlockedShot,0.858000031,0.379000015,0.065297998,Idrissa Gueye,h,668,OpenPlay,2015,RightFoot,91,Aston Villa,Manchester United,0,1,14/08/2015 22:45,Gabriel Agbonlahor,Pass
51730,74,MissedShots,0.888000031,0.392000008,0.0152914,Rudy Gestede,h,671,OpenPlay,2015,Head,91,Aston Villa,Manchester United,0,1,14/08/2015 22:45,Ashley Westwood,Aerial
51718,15,MissedShots,0.954000015,0.382000008,0.044353899,Morgan Schneiderlin,a,551,SetPiece,2015,Head,91,Aston Villa,Manchester United,0,1,14/08/2015 22:45,Memphis Depay,Cross
51719,21,BlockedShot,0.731999969,0.7,0.00935902,Memphis Depay,a,555,OpenPlay,2015,RightFoot,91,Aston Villa,Manchester United,0,1,14/08/2015 22:45,Wayne Rooney,Chipped
51720,22,BlockedShot,0.869000015,0.663000031,0.049579401,Memphis Depay,a,555,OpenPlay,2015,RightFoot,91,Aston Villa,Manchester United,0,1,14/08/2015 22:45,Wayne Rooney,Chipped
51721,26,MissedShots,0.9,0.599000015,0.032064401,Memphis Depay,a,555,OpenPlay,2015,Head,91,Aston Villa,Manchester United,0,1,14/08/2015 22:45,Adnan Januzaj,Chipped
51722,28,Goal,0.945999985,0.649000015,0.120036997,Adnan Januzaj,a,323,OpenPlay,2015,RightFoot,91,Aston Villa,Manchester United,0,1,14/08/2015 22:45,Juan Mata,Throughball
51727,66,BlockedShot,0.858000031,0.805,0.0210557,Memphis Depay,a,555,FromCorner,2015,RightFoot,91,Aston Villa,Manchester United,0,1,14/08/2015 22:45,Juan Mata,Pass
51728,68,MissedShots,0.724000015,0.73,0.032488301,Memphis Depay,a,555,DirectFreekick,2015,RightFoot,91,Aston Villa,Manchester United,0,1,14/08/2015 22:45,,Standard
51729,72,MissedShots,0.843000031,0.59,0.32229501,Memphis Depay,a,555,OpenPlay,2015,RightFoot,91,Aston Villa,Manchester United,0,1,14/08/2015 22:45,Juan Mata,Throughball
51731,77,SavedShot,0.755999985,0.535999985,0.0291708,Memphis Depay,a,555,OpenPlay,2015,RightFoot,91,Aston Villa,Manchester United,0,1,14/08/2015 22:45,Ander Herrera,Pass
51823,4,MissedShots,0.874000015,0.602000008,0.058478199,Graziano Pellè,h,841,OpenPlay,2015,LeftFoot,92,Southampton,Everton,0,3,15/08/2015 15:45,Dusan Tadic,Cross
51826,11,MissedShots,0.981999969,0.639000015,0.0624131,Sadio Mané,h,838,OpenPlay,2015,LeftFoot,92,Southampton,Everton,0,3,15/08/2015 15:45,,None
51827,13,BlockedShot,0.913000031,0.440999985,0.103671998,Dusan Tadic,h,840,OpenPlay,2015,RightFoot,92,Southampton,Everton,0,3,15/08/2015 15:45,,None
51828,14,MissedShots,0.929000015,0.575,0.111110002,Graziano Pellè,h,841,OpenPlay,2015,Head,92,Southampton,Everton,0,3,15/08/2015 15:45,Dusan Tadic,Cross
51829,15,SavedShot,0.773000031,0.763000031,0.0128888,Matt Targett,h,884,OpenPlay,2015,LeftFoot,92,Southampton,Everton,0,3,15/08/2015 15:45,Shane Long,Pass
51830,20,SavedShot,0.94,0.681999969,0.074191503,Sadio Mané,h,838,OpenPlay,2015,LeftFoot,92,Southampton,Everton,0,3,15/08/2015 15:45,Graziano Pellè,Pass
51834,34,MissedShots,0.924000015,0.54,0.096187897,Victor Wanyama,h,836,FromCorner,2015,Head,92,Southampton,Everton,0,3,15/08/2015 15:45,Steven Davis,Cross
51836,46,MissedShots,0.91,0.54,0.071430102,Victor Wanyama,h,836,FromCorner,2015,Head,92,Southampton,Everton,0,3,15/08/2015 15:45,Steven Davis,Cross
51837,47,BlockedShot,0.873000031,0.492999992,0.110674001,Graziano Pellè,h,841,OpenPlay,2015,RightFoot,92,Southampton,Everton,0,3,15/08/2015 15:45,Oriol Romeu,Pass
51838,47,BlockedShot,0.848000031,0.298999996,0.0189861,Cédric Soares,h,847,OpenPlay,2015,RightFoot,92,Southampton,Everton,0,3,15/08/2015 15:45,,Rebound
51839,52,SavedShot,0.875999985,0.457999992,0.0662698,Graziano Pellè,h,841,OpenPlay,2015,LeftFoot,92,Southampton,Everton,0,3,15/08/2015 15:45,,None
51840,59,MissedShots,0.87,0.47,0.057128701,Graziano Pellè,h,841,OpenPlay,2015,RightFoot,92,Southampton,Everton,0,3,15/08/2015 15:45,Cédric Soares,Chipped
51841,66,MissedShots,0.901999969,0.544000015,0.0577069,Graziano Pellè,h,841,FromCorner,2015,Head,92,Southampton,Everton,0,3,15/08/2015 15:45,Steven Davis,Cross
51843,78,SavedShot,0.740999985,0.322000008,0.0136787,Sadio Mané,h,838,OpenPlay,2015,RightFoot,92,Southampton,Everton,0,3,15/08/2015 15:45,Victor Wanyama,Pass
51844,79,MissedShots,0.835,0.369000015,0.019373599,Victor Wanyama,h,836,FromCorner,2015,RightFoot,92,Southampton,Everton,0,3,15/08/2015 15:45,Sadio Mané,TakeOn
51848,85,BlockedShot,0.845999985,0.427000008,0.115029,Graziano Pellè,h,841,OpenPlay,2015,LeftFoot,92,Southampton,Everton,0,3,15/08/2015 15:45,Sadio Mané,TakeOn
51849,92,MissedShots,0.721999969,0.412000008,0.0150267,Jay Rodriguez,h,844,OpenPlay,2015,RightFoot,92,Southampton,Everton,0,3,15/08/2015 15:45,Oriol Romeu,Pass
51824,6,BlockedShot,0.823000031,0.744000015,0.064238504,Ross Barkley,a,592,DirectFreekick,2015,RightFoot,92,Southampton,Everton,0,3,15/08/2015 15:45,,Standard
51825,7,BlockedShot,0.875999985,0.645,0.034287199,Arouna Koné,a,601,OpenPlay,2015,RightFoot,92,Southampton,Everton,0,3,15/08/2015 15:45,Phil Jagielka,Cross
51831,21,Goal,0.93,0.55,0.471733987,Romelu Lukaku,a,594,OpenPlay,2015,Head,92,Southampton,Everton,0,3,15/08/2015 15:45,Arouna Koné,Cross
51832,28,SavedShot,0.855,0.492999992,0.360417008,Ross Barkley,a,592,OpenPlay,2015,RightFoot,92,Southampton,Everton,0,3,15/08/2015 15:45,Romelu Lukaku,Pass
51833,28,MissedShots,0.893000031,0.671999969,0.290870994,Tom Cleverley,a,596,OpenPlay,2015,RightFoot,92,Southampton,Everton,0,3,15/08/2015 15:45,,Rebound
51835,44,Goal,0.815999985,0.522000008,0.077446401,Romelu Lukaku,a,594,OpenPlay,2015,LeftFoot,92,Southampton,Everton,0,3,15/08/2015 15:45,Ross Barkley,Pass
51842,72,MissedShots,0.898000031,0.630999985,0.011486,Phil Jagielka,a,587,FromCorner,2015,Head,92,Southampton,Everton,0,3,15/08/2015 15:45,Tom Cleverley,Aerial
51845,81,BlockedShot,0.774000015,0.362999992,0.036733899,Romelu Lukaku,a,594,OpenPlay,2015,LeftFoot,92,Southampton,Everton,0,3,15/08/2015 15:45,James McCarthy,Pass
51846,82,BlockedShot,0.871999969,0.335999985,0.0397822,Tom Cleverley,a,596,FromCorner,2015,RightFoot,92,Southampton,Everton,0,3,15/08/2015 15:45,,None
51847,83,Goal,0.865999985,0.6,0.114119999,Ross Barkley,a,592,OpenPlay,2015,RightFoot,92,Southampton,Everton,0,3,15/08/2015 15:45,Seamus Coleman,Pass
51850,7,BlockedShot,0.706999969,0.46,0.0138186,Sebastian Larsson,h,740,OpenPlay,2015,RightFoot,93,Sunderland,Norwich,1,3,15/08/2015 18:00,,Dispossessed
51857,27,MissedShots,0.720999985,0.525999985,0.016929099,Jeremain Lens,h,781,OpenPlay,2015,RightFoot,93,Sunderland,Norwich,1,3,15/08/2015 18:00,Jermain Defoe,Pass
51861,40,MissedShots,0.920999985,0.427999992,0.099443898,Steven Fletcher,h,930,OpenPlay,2015,Head,93,Sunderland,Norwich,1,3,15/08/2015 18:00,Jeremain Lens,Cross
51863,46,SavedShot,0.755,0.559000015,0.017622299,Jeremain Lens,h,781,OpenPlay,2015,LeftFoot,93,Sunderland,Norwich,1,3,15/08/2015 18:00,Jermain Defoe,TakeOn
51864,52,MissedShots,0.929000015,0.532999992,0.108557999,Younes Kaboul,h,736,FromCorner,2015,Head,93,Sunderland,Norwich,1,3,15/08/2015 18:00,Jeremain Lens,Cross
51871,87,Goal,0.865999985,0.48,0.072756402,Duncan Watmore,h,919,SetPiece,2015,RightFoot,93,Sunderland,Norwich,1,3,15/08/2015 18:00,,None
51851,12,MissedShots,0.79,0.71,0.0266397,Robbie Brady,a,789,OpenPlay,2015,LeftFoot,93,Sunderland,Norwich,1,3,15/08/2015 18:00,,TakeOn
51852,20,BlockedShot,0.795999985,0.236000004,0.047868401,Robbie Brady,a,789,DirectFreekick,2015,LeftFoot,93,Sunderland,Norwich,1,3,15/08/2015 18:00,,Standard
51853,20,SavedShot,0.885,0.565999985,0.083674103,Jonny Howson,a,792,OpenPlay,2015,RightFoot,93,Sunderland,Norwich,1,3,15/08/2015 18:00,Robbie Brady,Cross
51854,24,SavedShot,0.808000031,0.665999985,0.024390901,Jonny Howson,a,792,OpenPlay,2015,RightFoot,93,Sunderland,Norwich,1,3,15/08/2015 18:00,Wes Hoolahan,Pass
51855,25,SavedShot,0.790999985,0.25,0.019897601,Robbie Brady,a,789,FromCorner,2015,LeftFoot,93,Sunderland,Norwich,1,3,15/08/2015 18:00,Nathan Redmond,Pass
51856,25,Goal,0.946999969,0.517999992,0.589132011,Russell Martin,a,788,FromCorner,2015,LeftFoot,93,Sunderland,Norwich,1,3,15/08/2015 18:00,,Rebound
51858,35,BlockedShot,0.770999985,0.679000015,0.0564151,Nathan Redmond,a,790,DirectFreekick,2015,RightFoot,93,Sunderland,Norwich,1,3,15/08/2015 18:00,,Standard
51859,36,Goal,0.93,0.33,0.171527997,Steven Whittaker,a,926,OpenPlay,2015,RightFoot,93,Sunderland,Norwich,1,3,15/08/2015 18:00,Wes Hoolahan,TakeOn
51860,38,MissedShots,0.9,0.509000015,0.126216993,Cameron Jerome,a,794,OpenPlay,2015,RightFoot,93,Sunderland,Norwich,1,3,15/08/2015 18:00,Jonny Howson,HeadPass
51862,47,MissedShots,0.825999985,0.53,0.117558002,Graham Dorrans,a,801,OpenPlay,2015,LeftFoot,93,Sunderland,Norwich,1,3,15/08/2015 18:00,,TakeOn
51865,56,Goal,0.91,0.357000008,0.138894007,Nathan Redmond,a,790,OpenPlay,2015,RightFoot,93,Sunderland,Norwich,1,3,15/08/2015 18:00,Wes Hoolahan,Throughball
51866,60,BlockedShot,0.859000015,0.334000015,0.081718802,Nathan Redmond,a,790,OpenPlay,2015,RightFoot,93,Sunderland,Norwich,1,3,15/08/2015 18:00,Robbie Brady,TakeOn
51867,66,MissedShots,0.866999969,0.298999996,0.059099101,Cameron Jerome,a,794,OpenPlay,2015,RightFoot,93,Sunderland,Norwich,1,3,15/08/2015 18:00,Nathan Redmond,Pass
51868,75,BlockedShot,0.744000015,0.686999969,0.017201699,Lewis Grabban,a,467,OpenPlay,2015,RightFoot,93,Sunderland,Norwich,1,3,15/08/2015 18:00,Robbie Brady,BallRecovery
51869,80,BlockedShot,0.748000031,0.522999992,0.0231595,Bradley Johnson,a,1011,OpenPlay,2015,LeftFoot,93,Sunderland,Norwich,1,3,15/08/2015 18:00,Nathan Redmond,Pass
51870,81,BlockedShot,0.783000031,0.512000008,0.0475589,Bradley Johnson,a,1011,OpenPlay,2015,RightFoot,93,Sunderland,Norwich,1,3,15/08/2015 18:00,Lewis Grabban,Pass
51872,91,BlockedShot,0.900999985,0.587000008,0.037884802,Bradley Johnson,a,1011,OpenPlay,2015,Head,93,Sunderland,Norwich,1,3,15/08/2015 18:00,Lewis Grabban,Cross
51873,91,BlockedShot,0.848000031,0.509000015,0.062093101,Bradley Johnson,a,1011,OpenPlay,2015,RightFoot,93,Sunderland,Norwich,1,3,15/08/2015 18:00,,Rebound
51874,2,MissedShots,0.764000015,0.532999992,0.0192066,Gylfi Sigurdsson,h,714,FromCorner,2015,LeftFoot,94,Swansea,Newcastle United,2,0,15/08/2015 18:00,,None
51875,2,BlockedShot,0.851999969,0.41,0.042194601,Gylfi Sigurdsson,h,714,FromCorner,2015,LeftFoot,94,Swansea,Newcastle United,2,0,15/08/2015 18:00,Jack Cork,Pass
51876,2,SavedShot,0.804000015,0.285,0.0244157,Jonjo Shelvey,h,769,OpenPlay,2015,RightFoot,94,Swansea,Newcastle United,2,0,15/08/2015 18:00,Kyle Naughton,Pass
51877,6,SavedShot,0.751999969,0.482999992,0.021418801,Gylfi Sigurdsson,h,714,OpenPlay,2015,RightFoot,94,Swansea,Newcastle United,2,0,15/08/2015 18:00,André Ayew,Pass
51878,8,Goal,0.916999969,0.55,0.823248982,Bafétimbi Gomis,h,717,OpenPlay,2015,LeftFoot,94,Swansea,Newcastle United,2,0,15/08/2015 18:00,Jonjo Shelvey,TakeOn
51880,11,BlockedShot,0.739000015,0.630999985,0.018650601,Jonjo Shelvey,h,769,OpenPlay,2015,RightFoot,94,Swansea,Newcastle United,2,0,15/08/2015 18:00,Jefferson Montero,Pass
51882,28,BlockedShot,0.769000015,0.402000008,0.0332775,Gylfi Sigurdsson,h,714,OpenPlay,2015,RightFoot,94,Swansea,Newcastle United,2,0,15/08/2015 18:00,André Ayew,Pass
51884,43,ShotOnPost,0.793000031,0.679000015,0.031486299,Jefferson Montero,h,715,OpenPlay,2015,RightFoot,94,Swansea,Newcastle United,2,0,15/08/2015 18:00,Gylfi Sigurdsson,Pass
51885,43,MissedShots,0.691999969,0.487999992,0.0148419,Jonjo Shelvey,h,769,OpenPlay,2015,RightFoot,94,Swansea,Newcastle United,2,0,15/08/2015 18:00,Jack Cork,Pass
51887,47,ShotOnPost,0.775,0.452000008,0.038510099,Gylfi Sigurdsson,h,714,OpenPlay,2015,LeftFoot,94,Swansea,Newcastle United,2,0,15/08/2015 18:00,Kyle Naughton,Pass
51888,50,MissedShots,0.850999985,0.542000008,0.033801802,André Ayew,h,713,SetPiece,2015,Head,94,Swansea,Newcastle United,2,0,15/08/2015 18:00,Jonjo Shelvey,Chipped
51889,51,Goal,0.933000031,0.527999992,0.146413997,André Ayew,h,713,OpenPlay,2015,Head,94,Swansea,Newcastle United,2,0,15/08/2015 18:00,Jefferson Montero,Cross
51890,58,BlockedShot,0.781999969,0.529000015,0.043936402,Jack Cork,h,712,OpenPlay,2015,RightFoot,94,Swansea,Newcastle United,2,0,15/08/2015 18:00,Jefferson Montero,Pass
51891,62,MissedShots,0.929000015,0.52,0.457275003,André Ayew,h,713,OpenPlay,2015,Head,94,Swansea,Newcastle United,2,0,15/08/2015 18:00,Jefferson Montero,Cross
51892,78,SavedShot,0.913000031,0.257999992,0.073299199,Jonjo Shelvey,h,769,OpenPlay,2015,LeftFoot,94,Swansea,Newcastle United,2,0,15/08/2015 18:00,Nathan Dyer,TakeOn
51893,88,BlockedShot,0.801999969,0.429000015,0.056342099,Wayne Routledge,h,719,OpenPlay,2015,LeftFoot,94,Swansea,Newcastle United,2,0,15/08/2015 18:00,Nathan Dyer,Pass
51894,88,BlockedShot,0.915999985,0.41,0.059105899,Jack Cork,h,712,FromCorner,2015,RightFoot,94,Swansea,Newcastle United,2,0,15/08/2015 18:00,Jonjo Shelvey,Cross
51895,89,SavedShot,0.738000031,0.278999996,0.018288299,Kyle Naughton,h,718,OpenPlay,2015,RightFoot,94,Swansea,Newcastle United,2,0,15/08/2015 18:00,Jack Cork,Pass
51896,93,BlockedShot,0.700999985,0.392999992,0.018523,Jonjo Shelvey,h,769,OpenPlay,2015,RightFoot,94,Swansea,Newcastle United,2,0,15/08/2015 18:00,Federico Fernández,Pass
51879,9,SavedShot,0.861999969,0.709000015,0.026121899,Gabriel Obertan,a,851,OpenPlay,2015,RightFoot,94,Swansea,Newcastle United,2,0,15/08/2015 18:00,Moussa Sissoko,Cross
51881,15,SavedShot,0.796999969,0.685,0.025324499,Gabriel Obertan,a,851,OpenPlay,2015,RightFoot,94,Swansea,Newcastle United,2,0,15/08/2015 18:00,Papiss Demba Cissé,Pass
51883,30,MissedShots,0.789000015,0.364000015,0.0258113,Moussa Sissoko,a,772,OpenPlay,2015,RightFoot,94,Swansea,Newcastle United,2,0,15/08/2015 18:00,,None
51886,45,MissedShots,0.754000015,0.763000031,0.035850801,Georginio Wijnaldum,a,771,DirectFreekick,2015,RightFoot,94,Swansea,Newcastle United,2,0,15/08/2015 18:00,,Standard
51898,5,SavedShot,0.855,0.675999985,0.0443311,Christian Eriksen,h,646,OpenPlay,2015,LeftFoot,95,Tottenham,Stoke,2,2,15/08/2015 18:00,,None
51899,8,SavedShot,0.780999985,0.417000008,0.086752899,Christian Eriksen,h,646,DirectFreekick,2015,RightFoot,95,Tottenham,Stoke,2,2,15/08/2015 18:00,,Standard
51902,17,BlockedShot,0.749000015,0.417000008,0.0177512,Ryan Mason,h,649,OpenPlay,2015,RightFoot,95,Tottenham,Stoke,2,2,15/08/2015 18:00,,None
51903,18,Goal,0.944000015,0.529000015,0.127397001,Eric Dier,h,643,FromCorner,2015,Head,95,Tottenham,Stoke,2,2,15/08/2015 18:00,Christian Eriksen,Cross
51906,45,SavedShot,0.904000015,0.557999992,0.318996012,Ryan Mason,h,649,OpenPlay,2015,RightFoot,95,Tottenham,Stoke,2,2,15/08/2015 18:00,Harry Kane,Chipped
51908,45,MissedShots,0.716999969,0.646999969,0.016330199,Christian Eriksen,h,646,OpenPlay,2015,RightFoot,95,Tottenham,Stoke,2,2,15/08/2015 18:00,Ryan Mason,Pass
51907,46,Goal,0.9,0.392999992,0.303855002,Nacer Chadli,h,648,OpenPlay,2015,RightFoot,95,Tottenham,Stoke,2,2,15/08/2015 18:00,Ben Davies,Cross
51909,51,SavedShot,0.929000015,0.545999985,0.499936998,Harry Kane,h,647,OpenPlay,2015,RightFoot,95,Tottenham,Stoke,2,2,15/08/2015 18:00,Nacer Chadli,Cross
51911,54,MissedShots,0.813000031,0.525999985,0.118340001,Ryan Mason,h,649,OpenPlay,2015,RightFoot,95,Tottenham,Stoke,2,2,15/08/2015 18:00,Eric Dier,TakeOn
51916,69,SavedShot,0.751999969,0.435999985,0.0234842,Mousa Dembélé,h,642,OpenPlay,2015,LeftFoot,95,Tottenham,Stoke,2,2,15/08/2015 18:00,Nacer Chadli,TakeOn
51917,69,BlockedShot,0.939000015,0.325999985,0.052492701,Erik Lamela,h,644,OpenPlay,2015,RightFoot,95,Tottenham,Stoke,2,2,15/08/2015 18:00,,Rebound
51918,70,BlockedShot,0.883000031,0.686999969,0.071762897,Ben Davies,h,660,OpenPlay,2015,LeftFoot,95,Tottenham,Stoke,2,2,15/08/2015 18:00,,Tackle
51921,80,BlockedShot,0.738000031,0.457999992,0.025944499,Mousa Dembélé,h,642,OpenPlay,2015,LeftFoot,95,Tottenham,Stoke,2,2,15/08/2015 18:00,Eric Dier,Pass
51897,4,BlockedShot,0.761999969,0.355,0.0164044,Ibrahim Afellay,a,864,OpenPlay,2015,LeftFoot,95,Tottenham,Stoke,2,2,15/08/2015 18:00,Jonathan Walters,Pass
51900,11,SavedShot,0.906999969,0.282000008,0.047240101,Mame Biram Diouf,a,868,OpenPlay,2015,RightFoot,95,Tottenham,Stoke,2,2,15/08/2015 18:00,,BallRecovery
51901,11,BlockedShot,0.909000015,0.350999985,0.062577397,Marco van Ginkel,a,946,OpenPlay,2015,RightFoot,95,Tottenham,Stoke,2,2,15/08/2015 18:00,,Rebound
51904,43,MissedShots,0.861999969,0.48,0.026509199,Marco van Ginkel,a,946,OpenPlay,2015,Head,95,Tottenham,Stoke,2,2,15/08/2015 18:00,Glen Johnson,Cross
51905,43,SavedShot,0.93,0.517999992,0.305902988,Mame Biram Diouf,a,868,OpenPlay,2015,Head,95,Tottenham,Stoke,2,2,15/08/2015 18:00,Jonathan Walters,HeadPass
51910,52,MissedShots,0.900999985,0.509000015,0.098236501,Jonathan Walters,a,863,OpenPlay,2015,Head,95,Tottenham,Stoke,2,2,15/08/2015 18:00,Erik Pieters,Cross
51912,60,SavedShot,0.820999985,0.658000031,0.044477899,Marko Arnautovic,a,865,OpenPlay,2015,RightFoot,95,Tottenham,Stoke,2,2,15/08/2015 18:00,Stephen Ireland,Pass
51913,61,SavedShot,0.919000015,0.474000015,0.310615003,Mame Biram Diouf,a,868,OpenPlay,2015,Head,95,Tottenham,Stoke,2,2,15/08/2015 18:00,Stephen Ireland,Cross
51914,64,MissedShots,0.781999969,0.645,0.0262748,Marko Arnautovic,a,865,OpenPlay,2015,RightFoot,95,Tottenham,Stoke,2,2,15/08/2015 18:00,Glenn Whelan,Pass
51915,67,MissedShots,0.875,0.849000015,0.0463369,Marko Arnautovic,a,865,DirectFreekick,2015,RightFoot,95,Tottenham,Stoke,2,2,15/08/2015 18:00,,Standard
51919,76,MissedShots,0.899000015,0.422999992,0.034097798,Joselu,a,866,FromCorner,2015,Head,95,Tottenham,Stoke,2,2,15/08/2015 18:00,Ibrahim Afellay,Cross
51920,77,Goal,0.885,0.5,0.761132002,Marko Arnautovic,a,865,Penalty,2015,RightFoot,95,Tottenham,Stoke,2,2,15/08/2015 18:00,,Standard
51922,82,Goal,0.963000031,0.532000008,0.534174979,Mame Biram Diouf,a,868,OpenPlay,2015,Head,95,Tottenham,Stoke,2,2,15/08/2015 18:00,Stephen Ireland,Cross
51923,86,MissedShots,0.930999985,0.472000008,0.417308986,Stephen Ireland,a,867,OpenPlay,2015,Head,95,Tottenham,Stoke,2,2,15/08/2015 18:00,Marko Arnautovic,Cross
51924,88,SavedShot,0.885999985,0.46,0.081228301,Mame Biram Diouf,a,868,OpenPlay,2015,RightFoot,95,Tottenham,Stoke,2,2,15/08/2015 18:00,Joselu,HeadPass
51925,2,SavedShot,0.711999969,0.357000008,0.0138394,Odion Ighalo,h,573,OpenPlay,2015,RightFoot,96,Watford,West Bromwich Albion,0,0,15/08/2015 18:00,Troy Deeney,Pass
51926,5,MissedShots,0.910999985,0.537000008,0.052275099,Troy Deeney,h,574,OpenPlay,2015,Head,96,Watford,West Bromwich Albion,0,0,15/08/2015 18:00,Miguel Layún,Aerial
51927,9,BlockedShot,0.868000031,0.535999985,0.0256212,Troy Deeney,h,574,OpenPlay,2015,Head,96,Watford,West Bromwich Albion,0,0,15/08/2015 18:00,Jurado,Cross
51929,14,SavedShot,0.856999969,0.245,0.0274095,Troy Deeney,h,574,OpenPlay,2015,RightFoot,96,Watford,West Bromwich Albion,0,0,15/08/2015 18:00,Etienne Capoue,Chipped
51930,19,MissedShots,0.899000015,0.612000008,0.061114602,Jurado,h,582,OpenPlay,2015,RightFoot,96,Watford,West Bromwich Albion,0,0,15/08/2015 18:00,Etienne Capoue,Cross
51933,28,SavedShot,0.828000031,0.686999969,0.056278799,Nyom,h,565,OpenPlay,2015,LeftFoot,96,Watford,West Bromwich Albion,0,0,15/08/2015 18:00,Ikechi Anya,Pass
51934,31,MissedShots,0.755999985,0.547999992,0.067918196,Jurado,h,582,DirectFreekick,2015,RightFoot,96,Watford,West Bromwich Albion,0,0,15/08/2015 18:00,,Standard
51935,43,MissedShots,0.954000015,0.664000015,0.086583503,Odion Ighalo,h,573,OpenPlay,2015,LeftFoot,96,Watford,West Bromwich Albion,0,0,15/08/2015 18:00,Troy Deeney,LayOff
51936,46,MissedShots,0.815,0.75,0.0168612,Jurado,h,582,OpenPlay,2015,RightFoot,96,Watford,West Bromwich Albion,0,0,15/08/2015 18:00,Craig Cathcart,TakeOn
51937,50,SavedShot,0.743000031,0.552000008,0.0182011,Odion Ighalo,h,573,OpenPlay,2015,LeftFoot,96,Watford,West Bromwich Albion,0,0,15/08/2015 18:00,Troy Deeney,LayOff
51938,58,BlockedShot,0.868000031,0.522999992,0.112952001,Odion Ighalo,h,573,OpenPlay,2015,RightFoot,96,Watford,West Bromwich Albion,0,0,15/08/2015 18:00,Ikechi Anya,Pass
51940,67,BlockedShot,0.753000031,0.547000008,0.0227117,Etienne Capoue,h,572,OpenPlay,2015,RightFoot,96,Watford,West Bromwich Albion,0,0,15/08/2015 18:00,Jurado,Pass
51941,67,MissedShots,0.925,0.46,0.128389999,Odion Ighalo,h,573,OpenPlay,2015,Head,96,Watford,West Bromwich Albion,0,0,15/08/2015 18:00,Almen Abdi,Cross
51942,69,MissedShots,0.704000015,0.701999969,0.0113078,Odion Ighalo,h,573,OpenPlay,2015,RightFoot,96,Watford,West Bromwich Albion,0,0,15/08/2015 18:00,Troy Deeney,Pass
51943,73,MissedShots,0.791999969,0.375,0.032678299,Troy Deeney,h,574,OpenPlay,2015,RightFoot,96,Watford,West Bromwich Albion,0,0,15/08/2015 18:00,Jurado,BlockedPass
51946,89,SavedShot,0.764000015,0.487000008,0.026704701,Almen Abdi,h,569,OpenPlay,2015,LeftFoot,96,Watford,West Bromwich Albion,0,0,15/08/2015 18:00,Ikechi Anya,Pass
51928,13,BlockedShot,0.700999985,0.420999985,0.0128579,Rickie Lambert,a,816,OpenPlay,2015,RightFoot,96,Watford,West Bromwich Albion,0,0,15/08/2015 18:00,James Morrison,Pass
51931,27,MissedShots,0.933000031,0.472000008,0.117200002,Rickie Lambert,a,816,FromCorner,2015,Head,96,Watford,West Bromwich Albion,0,0,15/08/2015 18:00,Craig Gardner,Cross
51932,27,MissedShots,0.971999969,0.569000015,0.066053301,Saido Berahino,a,811,FromCorner,2015,Head,96,Watford,West Bromwich Albion,0,0,15/08/2015 18:00,Rickie Lambert,None
51939,62,MissedShots,0.865999985,0.317000008,0.060072701,Salomón Rondón,a,813,OpenPlay,2015,LeftFoot,96,Watford,West Bromwich Albion,0,0,15/08/2015 18:00,Craig Dawson,Pass
51944,79,MissedShots,0.964000015,0.552000008,0.383980989,Saido Berahino,a,811,FromCorner,2015,Head,96,Watford,West Bromwich Albion,0,0,15/08/2015 18:00,Gareth McAuley,HeadPass
51945,84,MissedShots,0.748000031,0.690999985,0.043871298,Chris Brunt,a,904,DirectFreekick,2015,LeftFoot,96,Watford,West Bromwich Albion,0,0,15/08/2015 18:00,,Standard
51947,16,BlockedShot,0.79,0.620999985,0.035764001,Mauro Zárate,h,939,SetPiece,2015,LeftFoot,97,West Ham,Leicester,1,2,15/08/2015 18:00,,TakeOn
51948,21,MissedShots,0.836999969,0.247999992,0.023028901,Carl Jenkinson,h,938,OpenPlay,2015,RightFoot,97,West Ham,Leicester,1,2,15/08/2015 18:00,Dimitri Payet,Pass
51955,42,MissedShots,0.945999985,0.379000015,0.0301503,Cheikhou Kouyaté,h,532,OpenPlay,2015,Head,97,West Ham,Leicester,1,2,15/08/2015 18:00,Aaron Cresswell,Cross
51956,47,MissedShots,0.829000015,0.350999985,0.0339805,Diafra Sakho,h,656,OpenPlay,2015,RightFoot,97,West Ham,Leicester,1,2,15/08/2015 18:00,Dimitri Payet,Chipped
51957,49,BlockedShot,0.838000031,0.357000008,0.0302925,Mark Noble,h,533,OpenPlay,2015,LeftFoot,97,West Ham,Leicester,1,2,15/08/2015 18:00,Dimitri Payet,Chipped
51958,54,BlockedShot,0.821999969,0.492999992,0.0659803,Dimitri Payet,h,536,OpenPlay,2015,RightFoot,97,West Ham,Leicester,1,2,15/08/2015 18:00,Mark Noble,Pass
51959,54,Goal,0.86,0.490999985,0.099020697,Dimitri Payet,h,536,OpenPlay,2015,RightFoot,97,West Ham,Leicester,1,2,15/08/2015 18:00,Cheikhou Kouyaté,Pass
51960,59,SavedShot,0.959000015,0.392999992,0.042328499,Diafra Sakho,h,656,FromCorner,2015,Head,97,West Ham,Leicester,1,2,15/08/2015 18:00,Mauro Zárate,Cross
51961,61,BlockedShot,0.838000031,0.658000031,0.0569475,Dimitri Payet,h,536,OpenPlay,2015,RightFoot,97,West Ham,Leicester,1,2,15/08/2015 18:00,,TakeOn
51966,80,SavedShot,0.916999969,0.557000008,0.095997803,Diafra Sakho,h,656,OpenPlay,2015,LeftFoot,97,West Ham,Leicester,1,2,15/08/2015 18:00,Manuel Lanzini,HeadPass
51949,25,SavedShot,0.980999985,0.425999985,0.193522006,Riyad Mahrez,a,750,OpenPlay,2015,LeftFoot,97,West Ham,Leicester,1,2,15/08/2015 18:00,Jeffrey Schlupp,TakeOn
51950,25,SavedShot,0.898000031,0.452999992,0.091246396,Robert Huth,a,747,FromCorner,2015,RightFoot,97,West Ham,Leicester,1,2,15/08/2015 18:00,Jamie Vardy,HeadPass
51951,26,SavedShot,0.899000015,0.587999992,0.292023003,Shinji Okazaki,a,754,OpenPlay,2015,RightFoot,97,West Ham,Leicester,1,2,15/08/2015 18:00,Jamie Vardy,Cross
51952,26,Goal,0.990999985,0.529000015,0.938997984,Shinji Okazaki,a,754,OpenPlay,2015,Head,97,West Ham,Leicester,1,2,15/08/2015 18:00,,Rebound
51953,30,BlockedShot,0.721999969,0.504000015,0.0204725,Marc Albrighton,a,753,OpenPlay,2015,RightFoot,97,West Ham,Leicester,1,2,15/08/2015 18:00,,None
51954,37,Goal,0.881999969,0.544000015,0.119732,Riyad Mahrez,a,750,OpenPlay,2015,LeftFoot,97,West Ham,Leicester,1,2,15/08/2015 18:00,Marc Albrighton,Pass
51962,71,MissedShots,0.730999985,0.499000015,0.052309599,Riyad Mahrez,a,750,DirectFreekick,2015,LeftFoot,97,West Ham,Leicester,1,2,15/08/2015 18:00,,Standard
51963,72,BlockedShot,0.728000031,0.609000015,0.0207764,Jeffrey Schlupp,a,757,OpenPlay,2015,LeftFoot,97,West Ham,Leicester,1,2,15/08/2015 18:00,Andy King,Pass
51964,73,MissedShots,0.858000031,0.370999985,0.036681101,Marc Albrighton,a,753,FromCorner,2015,RightFoot,97,West Ham,Leicester,1,2,15/08/2015 18:00,Riyad Mahrez,Cross
51965,74,MissedShots,0.856999969,0.357999992,0.317838997,Daniel Drinkwater,a,752,OpenPlay,2015,RightFoot,97,West Ham,Leicester,1,2,15/08/2015 18:00,Riyad Mahrez,Pass
51734,5,BlockedShot,0.799000015,0.499000015,0.032350399,Yohan Cabaye,h,516,FromCorner,2015,RightFoot,98,Crystal Palace,Arsenal,1,2,16/08/2015 16:30,Jason Puncheon,Cross
51740,14,SavedShot,0.765,0.699000015,0.0165693,Yohan Cabaye,h,516,OpenPlay,2015,RightFoot,98,Crystal Palace,Arsenal,1,2,16/08/2015 16:30,,Interception
51744,27,Goal,0.795999985,0.305,0.0219121,Joel Ward,h,510,OpenPlay,2015,RightFoot,98,Crystal Palace,Arsenal,1,2,16/08/2015 16:30,James McArthur,Pass
51749,36,BlockedShot,0.793000031,0.674000015,0.0194338,Yohan Cabaye,h,516,OpenPlay,2015,LeftFoot,98,Crystal Palace,Arsenal,1,2,16/08/2015 16:30,Jason Puncheon,Pass
51750,47,ShotOnPost,0.93,0.464000015,0.409076005,Connor Wickham,h,519,OpenPlay,2015,RightFoot,98,Crystal Palace,Arsenal,1,2,16/08/2015 16:30,Wilfried Zaha,Cross
51751,47,MissedShots,0.869000015,0.590999985,0.067559898,Jason Puncheon,h,514,OpenPlay,2015,RightFoot,98,Crystal Palace,Arsenal,1,2,16/08/2015 16:30,,Rebound
51754,54,OwnGoal,0.019,0.509000015,0,Damien Delaney,h,511,OpenPlay,2015,RightFoot,98,Crystal Palace,Arsenal,1,2,16/08/2015 16:30,,None
51755,57,SavedShot,0.908000031,0.635999985,0.088110201,Jason Puncheon,h,514,OpenPlay,2015,LeftFoot,98,Crystal Palace,Arsenal,1,2,16/08/2015 16:30,Connor Wickham,TakeOn
51758,73,MissedShots,0.871999969,0.537000008,0.063464902,Connor Wickham,h,519,SetPiece,2015,LeftFoot,98,Crystal Palace,Arsenal,1,2,16/08/2015 16:30,Jason Puncheon,Cross
51759,86,MissedShots,0.973000031,0.510999985,0.136152998,Jordon Mutch,h,632,FromCorner,2015,Head,98,Crystal Palace,Arsenal,1,2,16/08/2015 16:30,,None
51760,88,SavedShot,0.924000015,0.467000008,0.100405999,Joel Ward,h,510,FromCorner,2015,Head,98,Crystal Palace,Arsenal,1,2,16/08/2015 16:30,Jason Puncheon,Cross
51762,90,BlockedShot,0.799000015,0.562999992,0.036735199,Jason Puncheon,h,514,OpenPlay,2015,LeftFoot,98,Crystal Palace,Arsenal,1,2,16/08/2015 16:30,,None
51732,4,BlockedShot,0.921999969,0.602000008,0.117641002,Olivier Giroud,a,502,OpenPlay,2015,LeftFoot,98,Crystal Palace,Arsenal,1,2,16/08/2015 16:30,Aaron Ramsey,Pass
51733,4,BlockedShot,0.750999985,0.579000015,0.022291699,Alexis Sánchez,a,498,OpenPlay,2015,RightFoot,98,Crystal Palace,Arsenal,1,2,16/08/2015 16:30,Mesut Özil,Pass
51735,6,BlockedShot,0.901999969,0.39,0.448789001,Alexis Sánchez,a,498,OpenPlay,2015,RightFoot,98,Crystal Palace,Arsenal,1,2,16/08/2015 16:30,Mesut Özil,Pass
51736,6,BlockedShot,0.949000015,0.395999985,0.510645986,Alexis Sánchez,a,498,OpenPlay,2015,RightFoot,98,Crystal Palace,Arsenal,1,2,16/08/2015 16:30,,Rebound
51737,8,SavedShot,0.745999985,0.278999996,0.0145067,Aaron Ramsey,a,504,OpenPlay,2015,RightFoot,98,Crystal Palace,Arsenal,1,2,16/08/2015 16:30,Santiago Cazorla,Pass
51738,9,BlockedShot,0.828000031,0.485,0.082933903,Alexis Sánchez,a,498,OpenPlay,2015,RightFoot,98,Crystal Palace,Arsenal,1,2,16/08/2015 16:30,,TakeOn
51739,12,BlockedShot,0.875,0.569000015,0.0105041,Laurent Koscielny,a,494,SetPiece,2015,Head,98,Crystal Palace,Arsenal,1,2,16/08/2015 16:30,Santiago Cazorla,Aerial
51741,15,Goal,0.885,0.462000008,0.094600298,Olivier Giroud,a,502,OpenPlay,2015,LeftFoot,98,Crystal Palace,Arsenal,1,2,16/08/2015 16:30,Mesut Özil,Cross
51742,22,SavedShot,0.943000031,0.27,0.058981799,Alexis Sánchez,a,498,OpenPlay,2015,RightFoot,98,Crystal Palace,Arsenal,1,2,16/08/2015 16:30,,BallRecovery
51743,25,MissedShots,0.896999969,0.5,0.101796001,Alexis Sánchez,a,498,OpenPlay,2015,Head,98,Crystal Palace,Arsenal,1,2,16/08/2015 16:30,Nacho Monreal,Cross
51745,31,MissedShots,0.875999985,0.570999985,0.097016998,Olivier Giroud,a,502,OpenPlay,2015,LeftFoot,98,Crystal Palace,Arsenal,1,2,16/08/2015 16:30,Santiago Cazorla,Pass
51746,31,MissedShots,0.994000015,0.595999985,0.067234397,Mesut Özil,a,499,OpenPlay,2015,LeftFoot,98,Crystal Palace,Arsenal,1,2,16/08/2015 16:30,Olivier Giroud,None
51747,34,MissedShots,0.8,0.43,0.037490699,Santiago Cazorla,a,965,OpenPlay,2015,RightFoot,98,Crystal Palace,Arsenal,1,2,16/08/2015 16:30,Aaron Ramsey,Pass
51748,35,SavedShot,0.951999969,0.587999992,0.103781,Aaron Ramsey,a,504,OpenPlay,2015,RightFoot,98,Crystal Palace,Arsenal,1,2,16/08/2015 16:30,Mesut Özil,Cross
51752,53,BlockedShot,0.911999969,0.68,0.067821302,Aaron Ramsey,a,504,OpenPlay,2015,LeftFoot,98,Crystal Palace,Arsenal,1,2,16/08/2015 16:30,Santiago Cazorla,Pass
51753,54,MissedShots,0.923000031,0.610999985,0.043202199,Alexis Sánchez,a,498,OpenPlay,2015,Head,98,Crystal Palace,Arsenal,1,2,16/08/2015 16:30,Héctor Bellerín,Cross
51756,67,MissedShots,0.9,0.61,0.140943006,Aaron Ramsey,a,504,OpenPlay,2015,LeftFoot,98,Crystal Palace,Arsenal,1,2,16/08/2015 16:30,Mesut Özil,Throughball
51757,71,BlockedShot,0.875999985,0.325999985,0.0467075,Alex Oxlade-Chamberlain,a,966,OpenPlay,2015,RightFoot,98,Crystal Palace,Arsenal,1,2,16/08/2015 16:30,Petr Cech,Pass
51761,89,SavedShot,0.901999969,0.632999992,0.140154004,Santiago Cazorla,a,965,OpenPlay,2015,LeftFoot,98,Crystal Palace,Arsenal,1,2,16/08/2015 16:30,Aaron Ramsey,Throughball
51763,93,SavedShot,0.904000015,0.312999992,0.077552803,Alex Oxlade-Chamberlain,a,966,OpenPlay,2015,RightFoot,98,Crystal Palace,Arsenal,1,2,16/08/2015 16:30,Aaron Ramsey,Pass
51795,0,SavedShot,0.850999985,0.582000008,0.322351992,Sergio Agüero,h,619,OpenPlay,2015,RightFoot,99,Manchester City,Chelsea,3,0,16/08/2015 19:00,David Silva,Throughball
51796,0,MissedShots,0.900999985,0.282999992,0.033006798,Jesús Navas,h,616,OpenPlay,2015,RightFoot,99,Manchester City,Chelsea,3,0,16/08/2015 19:00,,Rebound
51797,15,SavedShot,0.865,0.462000008,0.071278103,Sergio Agüero,h,619,OpenPlay,2015,RightFoot,99,Manchester City,Chelsea,3,0,16/08/2015 19:00,Aleksandar Kolarov,Cross
51798,16,SavedShot,0.86,0.440999985,0.096845903,Sergio Agüero,h,619,OpenPlay,2015,RightFoot,99,Manchester City,Chelsea,3,0,16/08/2015 19:00,Jesús Navas,Pass
51800,20,MissedShots,0.963000031,0.515,0.613321006,Sergio Agüero,h,619,OpenPlay,2015,RightFoot,99,Manchester City,Chelsea,3,0,16/08/2015 19:00,Aleksandar Kolarov,Cross
51803,30,BlockedShot,0.895,0.462000008,0.092904799,Yaya Touré,h,878,OpenPlay,2015,LeftFoot,99,Manchester City,Chelsea,3,0,16/08/2015 19:00,Aleksandar Kolarov,Cross
51804,31,Goal,0.86,0.465999985,0.105805002,Sergio Agüero,h,619,OpenPlay,2015,LeftFoot,99,Manchester City,Chelsea,3,0,16/08/2015 19:00,Yaya Touré,Pass
51805,34,MissedShots,0.791999969,0.420999985,0.0410234,Raheem Sterling,h,618,OpenPlay,2015,RightFoot,99,Manchester City,Chelsea,3,0,16/08/2015 19:00,Sergio Agüero,Pass
51807,43,MissedShots,0.923000031,0.527999992,0.358842999,Eliaquim Mangala,h,626,SetPiece,2015,Head,99,Manchester City,Chelsea,3,0,16/08/2015 19:00,Aleksandar Kolarov,Cross
51808,60,SavedShot,0.865999985,0.365999985,0.073618099,Yaya Touré,h,878,OpenPlay,2015,RightFoot,99,Manchester City,Chelsea,3,0,16/08/2015 19:00,Jesús Navas,Pass
51809,64,MissedShots,0.808000031,0.445,0.059461199,Sergio Agüero,h,619,OpenPlay,2015,LeftFoot,99,Manchester City,Chelsea,3,0,16/08/2015 19:00,Jesús Navas,Pass
51810,66,BlockedShot,0.761999969,0.731999969,0.020928901,Raheem Sterling,h,618,OpenPlay,2015,RightFoot,99,Manchester City,Chelsea,3,0,16/08/2015 19:00,Yaya Touré,Pass
51811,67,BlockedShot,0.885999985,0.646999969,0.111340001,Sergio Agüero,h,619,OpenPlay,2015,LeftFoot,99,Manchester City,Chelsea,3,0,16/08/2015 19:00,Yaya Touré,TakeOn
51812,69,BlockedShot,0.743000031,0.335999985,0.0165464,Yaya Touré,h,878,OpenPlay,2015,RightFoot,99,Manchester City,Chelsea,3,0,16/08/2015 19:00,Samir Nasri,Pass
51814,78,Goal,0.925,0.572999992,0.069106601,Vincent Kompany,h,612,FromCorner,2015,Head,99,Manchester City,Chelsea,3,0,16/08/2015 19:00,David Silva,Cross
51815,81,SavedShot,0.735,0.472000008,0.019029399,Yaya Touré,h,878,OpenPlay,2015,RightFoot,99,Manchester City,Chelsea,3,0,16/08/2015 19:00,Sergio Agüero,Pass
51816,81,MissedShots,0.805999985,0.675999985,0.027633199,Samir Nasri,h,877,OpenPlay,2015,RightFoot,99,Manchester City,Chelsea,3,0,16/08/2015 19:00,Fernandinho,Cross
51818,84,Goal,0.821999969,0.365,0.063387699,Fernandinho,h,614,OpenPlay,2015,RightFoot,99,Manchester City,Chelsea,3,0,16/08/2015 19:00,David Silva,Pass
51799,19,MissedShots,0.97,0.587000008,0.047668099,Nemanja Matic,a,697,SetPiece,2015,Head,99,Manchester City,Chelsea,3,0,16/08/2015 19:00,Eden Hazard,Aerial
51801,29,BlockedShot,0.720999985,0.412000008,0.015697099,Branislav Ivanovic,a,682,OpenPlay,2015,RightFoot,99,Manchester City,Chelsea,3,0,16/08/2015 19:00,Eden Hazard,Pass
51802,29,BlockedShot,0.761999969,0.542000008,0.027200799,Willian,a,700,OpenPlay,2015,RightFoot,99,Manchester City,Chelsea,3,0,16/08/2015 19:00,César Azpilicueta,Pass
51806,41,MissedShots,0.775999985,0.617999992,0.0225312,Cesc Fàbregas,a,686,OpenPlay,2015,RightFoot,99,Manchester City,Chelsea,3,0,16/08/2015 19:00,,Dispossessed
51813,69,SavedShot,0.868000031,0.507000008,0.134849995,Eden Hazard,a,701,OpenPlay,2015,RightFoot,99,Manchester City,Chelsea,3,0,16/08/2015 19:00,Diego Costa,Pass
51817,82,BlockedShot,0.779000015,0.375,0.0241482,Falcao,a,696,OpenPlay,2015,RightFoot,99,Manchester City,Chelsea,3,0,16/08/2015 19:00,Cesc Fàbregas,Pass
51819,87,MissedShots,0.813000031,0.387999992,0.033316899,Gary Cahill,a,699,SetPiece,2015,RightFoot,99,Manchester City,Chelsea,3,0,16/08/2015 19:00,,None
51820,87,SavedShot,0.87,0.301000004,0.039353199,Juan Cuadrado,a,1089,OpenPlay,2015,LeftFoot,99,Manchester City,Chelsea,3,0,16/08/2015 19:00,Branislav Ivanovic,TakeOn
51821,92,ShotOnPost,0.930999985,0.517999992,0.097729303,Diego Costa,a,802,OpenPlay,2015,RightFoot,99,Manchester City,Chelsea,3,0,16/08/2015 19:00,Cesc Fàbregas,Chipped
51822,92,SavedShot,0.975999985,0.643000031,0.0442538,Falcao,a,696,OpenPlay,2015,LeftFoot,99,Manchester City,Chelsea,3,0,16/08/2015 19:00,,Rebound
51764,3,MissedShots,0.770999985,0.625999985,0.016912,Jordon Ibe,h,481,FromCorner,2015,RightFoot,100,Liverpool,Bournemouth,1,0,17/08/2015 23:00,Martin Skrtel,LayOff
51766,23,MissedShots,0.754000015,0.614000015,0.0196243,Christian Benteke,h,606,OpenPlay,2015,RightFoot,100,Liverpool,Bournemouth,1,0,17/08/2015 23:00,,BallRecovery
51767,25,Goal,0.956999969,0.475999985,0.529785991,Christian Benteke,h,606,FromCorner,2015,RightFoot,100,Liverpool,Bournemouth,1,0,17/08/2015 23:00,Jordan Henderson,Cross
51768,28,ShotOnPost,0.793000031,0.382000008,0.026856801,Jordan Henderson,h,605,SetPiece,2015,RightFoot,100,Liverpool,Bournemouth,1,0,17/08/2015 23:00,James Milner,Pass
51769,30,BlockedShot,0.780999985,0.450999985,0.046132401,Philippe Coutinho,h,488,OpenPlay,2015,RightFoot,100,Liverpool,Bournemouth,1,0,17/08/2015 23:00,Christian Benteke,Pass
51770,43,MissedShots,0.796999969,0.301000004,0.0177764,Philippe Coutinho,h,488,OpenPlay,2015,LeftFoot,100,Liverpool,Bournemouth,1,0,17/08/2015 23:00,Christian Benteke,HeadPass
51771,43,MissedShots,0.845,0.47,0.356377006,Philippe Coutinho,h,488,OpenPlay,2015,LeftFoot,100,Liverpool,Bournemouth,1,0,17/08/2015 23:00,,None
51775,50,MissedShots,0.825999985,0.716999969,0.048670299,Jordon Ibe,h,481,OpenPlay,2015,RightFoot,100,Liverpool,Bournemouth,1,0,17/08/2015 23:00,Adam Lallana,TakeOn
51776,50,BlockedShot,0.770999985,0.375999985,0.033371001,Philippe Coutinho,h,488,OpenPlay,2015,RightFoot,100,Liverpool,Bournemouth,1,0,17/08/2015 23:00,,Dispossessed
51777,54,MissedShots,0.926999969,0.585,0.138493001,James Milner,h,489,OpenPlay,2015,LeftFoot,100,Liverpool,Bournemouth,1,0,17/08/2015 23:00,Jordon Ibe,Pass
51782,67,BlockedShot,0.805,0.243999996,0.0530557,Philippe Coutinho,h,488,DirectFreekick,2015,RightFoot,100,Liverpool,Bournemouth,1,0,17/08/2015 23:00,,Standard
51783,69,MissedShots,0.866999969,0.267999992,0.043572899,Philippe Coutinho,h,488,OpenPlay,2015,LeftFoot,100,Liverpool,Bournemouth,1,0,17/08/2015 23:00,Christian Benteke,Pass
51784,71,BlockedShot,0.878000031,0.520999985,0.112910002,Philippe Coutinho,h,488,OpenPlay,2015,RightFoot,100,Liverpool,Bournemouth,1,0,17/08/2015 23:00,,None
51785,73,BlockedShot,0.849000015,0.434000015,0.128120005,Philippe Coutinho,h,488,OpenPlay,2015,RightFoot,100,Liverpool,Bournemouth,1,0,17/08/2015 23:00,Christian Benteke,Pass
51791,87,MissedShots,0.786999969,0.295,0.026128899,Nathaniel Clyne,h,603,OpenPlay,2015,LeftFoot,100,Liverpool,Bournemouth,1,0,17/08/2015 23:00,,None
51792,89,SavedShot,0.933000031,0.487000008,0.475800991,Christian Benteke,h,606,OpenPlay,2015,RightFoot,100,Liverpool,Bournemouth,1,0,17/08/2015 23:00,Nathaniel Clyne,Cross
51793,89,MissedShots,0.865,0.450999985,0.094457999,Adam Lallana,h,486,OpenPlay,2015,RightFoot,100,Liverpool,Bournemouth,1,0,17/08/2015 23:00,,Rebound
51794,91,MissedShots,0.785999985,0.582000008,0.0275179,James Milner,h,489,SetPiece,2015,RightFoot,100,Liverpool,Bournemouth,1,0,17/08/2015 23:00,Emre Can,Pass
51765,11,MissedShots,0.921999969,0.610999985,0.028754899,Joshua King,a,465,FromCorner,2015,Head,100,Liverpool,Bournemouth,1,0,17/08/2015 23:00,Max Gradel,Cross
51772,46,SavedShot,0.736999969,0.549000015,0.019499799,Matt Ritchie,a,461,OpenPlay,2015,LeftFoot,100,Liverpool,Bournemouth,1,0,17/08/2015 23:00,Eunan O&#039;Kane,Pass
51773,48,MissedShots,0.830999985,0.312999992,0.035874199,Matt Ritchie,a,461,OpenPlay,2015,LeftFoot,100,Liverpool,Bournemouth,1,0,17/08/2015 23:00,Callum Wilson,Pass
51774,49,BlockedShot,0.798000031,0.34,0.023447201,Callum Wilson,a,468,OpenPlay,2015,LeftFoot,100,Liverpool,Bournemouth,1,0,17/08/2015 23:00,Matt Ritchie,Chipped
51778,59,ShotOnPost,0.851999969,0.312999992,0.044646699,Matt Ritchie,a,461,OpenPlay,2015,LeftFoot,100,Liverpool,Bournemouth,1,0,17/08/2015 23:00,Joshua King,Pass
51779,62,BlockedShot,0.785,0.389000015,0.0310746,Matt Ritchie,a,461,OpenPlay,2015,LeftFoot,100,Liverpool,Bournemouth,1,0,17/08/2015 23:00,Eunan O&#039;Kane,Pass
51780,62,MissedShots,0.944000015,0.330999985,0.071656302,Eunan O&#039;Kane,a,472,OpenPlay,2015,RightFoot,100,Liverpool,Bournemouth,1,0,17/08/2015 23:00,Callum Wilson,Pass
51781,64,BlockedShot,0.775999985,0.427000008,0.0303747,Matt Ritchie,a,461,OpenPlay,2015,RightFoot,100,Liverpool,Bournemouth,1,0,17/08/2015 23:00,Max Gradel,Pass
51786,79,MissedShots,0.915999985,0.597000008,0.036189601,Steve Cook,a,458,FromCorner,2015,Head,100,Liverpool,Bournemouth,1,0,17/08/2015 23:00,Max Gradel,Cross
51787,83,BlockedShot,0.720999985,0.500999985,0.0145336,Eunan O&#039;Kane,a,472,OpenPlay,2015,RightFoot,100,Liverpool,Bournemouth,1,0,17/08/2015 23:00,Andrew Surman,HeadPass
51788,84,BlockedShot,0.905999985,0.315,0.056477599,Lee Tomlin,a,975,OpenPlay,2015,RightFoot,100,Liverpool,Bournemouth,1,0,17/08/2015 23:00,Adam Smith,Pass
51789,85,MissedShots,0.915,0.5,0.044381302,Lee Tomlin,a,975,FromCorner,2015,OtherBodyPart,100,Liverpool,Bournemouth,1,0,17/08/2015 23:00,Matt Ritchie,Aerial
51790,87,SavedShot,0.938000031,0.367000008,0.0238942,Lee Tomlin,a,975,OpenPlay,2015,Head,100,Liverpool,Bournemouth,1,0,17/08/2015 23:00,Simon Francis,Aerial
56795,2,SavedShot,0.779000015,0.715,0.019706801,Memphis Depay,h,555,OpenPlay,2015,RightFoot,101,Manchester United,Newcastle United,0,0,22/08/2015 15:45,Luke Shaw,Pass
56796,5,SavedShot,0.715,0.442999992,0.0164074,Wayne Rooney,h,629,OpenPlay,2015,RightFoot,101,Manchester United,Newcastle United,0,0,22/08/2015 15:45,Bastian Schweinsteiger,Pass
56797,11,SavedShot,0.776999969,0.349000015,0.066466399,Juan Mata,h,554,DirectFreekick,2015,LeftFoot,101,Manchester United,Newcastle United,0,0,22/08/2015 15:45,,Standard
56798,14,BlockedShot,0.765999985,0.665999985,0.020237699,Adnan Januzaj,h,323,OpenPlay,2015,LeftFoot,101,Manchester United,Newcastle United,0,0,22/08/2015 15:45,Juan Mata,Pass
56799,14,SavedShot,0.880999985,0.34,0.063583903,Juan Mata,h,554,OpenPlay,2015,LeftFoot,101,Manchester United,Newcastle United,0,0,22/08/2015 15:45,Matteo Darmian,HeadPass
56800,15,SavedShot,0.811999969,0.640999985,0.037273601,Wayne Rooney,h,629,OpenPlay,2015,RightFoot,101,Manchester United,Newcastle United,0,0,22/08/2015 15:45,Luke Shaw,Pass
56802,21,SavedShot,0.91,0.731999969,0.033358399,Memphis Depay,h,555,OpenPlay,2015,RightFoot,101,Manchester United,Newcastle United,0,0,22/08/2015 15:45,Juan Mata,TakeOn
56804,24,BlockedShot,0.861999969,0.432999992,0.0528077,Adnan Januzaj,h,323,OpenPlay,2015,LeftFoot,101,Manchester United,Newcastle United,0,0,22/08/2015 15:45,Juan Mata,HeadPass
56806,31,BlockedShot,0.740999985,0.664000015,0.0148603,Daley Blind,h,548,OpenPlay,2015,LeftFoot,101,Manchester United,Newcastle United,0,0,22/08/2015 15:45,Juan Mata,Pass
56810,57,BlockedShot,0.751999969,0.685999985,0.046209201,Memphis Depay,h,555,DirectFreekick,2015,RightFoot,101,Manchester United,Newcastle United,0,0,22/08/2015 15:45,,Standard
56811,62,BlockedShot,0.788000031,0.649000015,0.027706999,Memphis Depay,h,555,OpenPlay,2015,RightFoot,101,Manchester United,Newcastle United,0,0,22/08/2015 15:45,Daley Blind,Pass
56812,71,BlockedShot,0.84,0.535999985,0.064366102,Wayne Rooney,h,629,OpenPlay,2015,RightFoot,101,Manchester United,Newcastle United,0,0,22/08/2015 15:45,Juan Mata,Chipped
56813,72,MissedShots,0.923000031,0.342000008,0.045128498,Juan Mata,h,554,OpenPlay,2015,RightFoot,101,Manchester United,Newcastle United,0,0,22/08/2015 15:45,Wayne Rooney,Cross
56814,74,MissedShots,0.901999969,0.688000031,0.044396698,Juan Mata,h,554,OpenPlay,2015,LeftFoot,101,Manchester United,Newcastle United,0,0,22/08/2015 15:45,Wayne Rooney,HeadPass
56815,75,SavedShot,0.820999985,0.547999992,0.0692463,Luke Shaw,h,1006,OpenPlay,2015,LeftFoot,101,Manchester United,Newcastle United,0,0,22/08/2015 15:45,Morgan Schneiderlin,Pass
56816,79,BlockedShot,0.789000015,0.46,0.0423401,Juan Mata,h,554,OpenPlay,2015,LeftFoot,101,Manchester United,Newcastle United,0,0,22/08/2015 15:45,Chicharito,LayOff
56817,79,SavedShot,0.911999969,0.567000008,0.387088001,Chicharito,h,191,OpenPlay,2015,LeftFoot,101,Manchester United,Newcastle United,0,0,22/08/2015 15:45,,Rebound
56818,84,BlockedShot,0.913000031,0.419000015,0.063670702,Antonio Valencia,h,627,OpenPlay,2015,RightFoot,101,Manchester United,Newcastle United,0,0,22/08/2015 15:45,,Aerial
56819,90,ShotOnPost,0.936999969,0.525999985,0.121258996,Chris Smalling,h,628,FromCorner,2015,Head,101,Manchester United,Newcastle United,0,0,22/08/2015 15:45,Memphis Depay,Cross
56821,92,BlockedShot,0.774000015,0.462999992,0.029377401,Michael Carrick,h,654,OpenPlay,2015,RightFoot,101,Manchester United,Newcastle United,0,0,22/08/2015 15:45,,None
56801,18,BlockedShot,0.921999969,0.534000015,0.125319004,Aleksandar Mitrovic,a,773,SetPiece,2015,Head,101,Manchester United,Newcastle United,0,0,22/08/2015 15:45,Georginio Wijnaldum,Cross
56803,22,ShotOnPost,0.863000031,0.477999992,0.0141329,Aleksandar Mitrovic,a,773,OpenPlay,2015,Head,101,Manchester United,Newcastle United,0,0,22/08/2015 15:45,Chancel Mbemba,Aerial
56805,26,MissedShots,0.895,0.509000015,0.068648502,Aleksandar Mitrovic,a,773,FromCorner,2015,Head,101,Manchester United,Newcastle United,0,0,22/08/2015 15:45,Vurnon Anita,Cross
56807,34,BlockedShot,0.799000015,0.580999985,0.0247273,Ayoze Pérez,a,770,OpenPlay,2015,RightFoot,101,Manchester United,Newcastle United,0,0,22/08/2015 15:45,Gabriel Obertan,Cross
56808,41,MissedShots,0.770999985,0.477999992,0.028178001,Ayoze Pérez,a,770,OpenPlay,2015,RightFoot,101,Manchester United,Newcastle United,0,0,22/08/2015 15:45,,None
56809,42,BlockedShot,0.955999985,0.595999985,0.066839002,Aleksandar Mitrovic,a,773,FromCorner,2015,Head,101,Manchester United,Newcastle United,0,0,22/08/2015 15:45,Ayoze Pérez,Cross
56820,90,MissedShots,0.92,0.330999985,0.110555999,Papiss Demba Cissé,a,850,OpenPlay,2015,RightFoot,101,Manchester United,Newcastle United,0,0,22/08/2015 15:45,Georginio Wijnaldum,Pass
56914,12,MissedShots,0.754000015,0.714000015,0.013143,Robbie Brady,h,789,OpenPlay,2015,RightFoot,102,Norwich,Stoke,1,1,22/08/2015 18:00,,Dispossessed
56916,15,SavedShot,0.953000031,0.266000004,0.093181297,Steven Whittaker,h,926,OpenPlay,2015,RightFoot,102,Norwich,Stoke,1,1,22/08/2015 18:00,Graham Dorrans,Throughball
56917,17,MissedShots,0.733000031,0.417000008,0.0183019,Nathan Redmond,h,790,OpenPlay,2015,RightFoot,102,Norwich,Stoke,1,1,22/08/2015 18:00,Jonny Howson,Pass
56918,23,MissedShots,0.713000031,0.382999992,0.0152749,Alexander Tettey,h,791,OpenPlay,2015,RightFoot,102,Norwich,Stoke,1,1,22/08/2015 18:00,Graham Dorrans,Pass
56919,27,SavedShot,0.921999969,0.499000015,0.552614987,Russell Martin,h,788,SetPiece,2015,RightFoot,102,Norwich,Stoke,1,1,22/08/2015 18:00,Nathan Redmond,Pass
56920,27,Goal,0.895,0.445,0.098869503,Russell Martin,h,788,SetPiece,2015,RightFoot,102,Norwich,Stoke,1,1,22/08/2015 18:00,Nathan Redmond,Pass
56921,37,MissedShots,0.774000015,0.355999985,0.066071898,Robbie Brady,h,789,DirectFreekick,2015,LeftFoot,102,Norwich,Stoke,1,1,22/08/2015 18:00,,Standard
56922,45,BlockedShot,0.770999985,0.739000015,0.017537801,Robbie Brady,h,789,OpenPlay,2015,RightFoot,102,Norwich,Stoke,1,1,22/08/2015 18:00,Nathan Redmond,Pass
56923,45,BlockedShot,0.775,0.489000015,0.0319525,Nathan Redmond,h,790,OpenPlay,2015,RightFoot,102,Norwich,Stoke,1,1,22/08/2015 18:00,Robbie Brady,Pass
56924,45,MissedShots,0.775,0.257999992,0.0148885,Nathan Redmond,h,790,OpenPlay,2015,RightFoot,102,Norwich,Stoke,1,1,22/08/2015 18:00,Wes Hoolahan,BallRecovery
56925,49,MissedShots,0.868000031,0.512999992,0.36570701,Cameron Jerome,h,794,OpenPlay,2015,RightFoot,102,Norwich,Stoke,1,1,22/08/2015 18:00,Jonny Howson,Throughball
56926,50,MissedShots,0.898000031,0.520999985,0.261070013,Wes Hoolahan,h,793,OpenPlay,2015,Head,102,Norwich,Stoke,1,1,22/08/2015 18:00,Robbie Brady,Cross
56927,52,SavedShot,0.848000031,0.302999992,0.036635201,Graham Dorrans,h,801,OpenPlay,2015,RightFoot,102,Norwich,Stoke,1,1,22/08/2015 18:00,,None
56929,60,SavedShot,0.889000015,0.467999992,0.418522,Nathan Redmond,h,790,FromCorner,2015,RightFoot,102,Norwich,Stoke,1,1,22/08/2015 18:00,,None
56932,83,BlockedShot,0.793000031,0.56,0.021319199,Jonny Howson,h,792,OpenPlay,2015,LeftFoot,102,Norwich,Stoke,1,1,22/08/2015 18:00,Nathan Redmond,TakeOn
56933,84,SavedShot,0.815999985,0.297999992,0.0175959,Graham Dorrans,h,801,OpenPlay,2015,RightFoot,102,Norwich,Stoke,1,1,22/08/2015 18:00,Robbie Brady,Cross
56934,85,SavedShot,0.951999969,0.537000008,0.572726011,Cameron Jerome,h,794,FromCorner,2015,RightFoot,102,Norwich,Stoke,1,1,22/08/2015 18:00,,None
56936,90,MissedShots,0.955,0.56,0.475190997,Bradley Johnson,h,1011,SetPiece,2015,LeftFoot,102,Norwich,Stoke,1,1,22/08/2015 18:00,Robbie Brady,Chipped
56937,91,BlockedShot,0.915,0.58,0.037080899,Cameron Jerome,h,794,OpenPlay,2015,Head,102,Norwich,Stoke,1,1,22/08/2015 18:00,Bradley Johnson,Aerial
56938,92,BlockedShot,0.773000031,0.474000015,0.021193,Graham Dorrans,h,801,FromCorner,2015,RightFoot,102,Norwich,Stoke,1,1,22/08/2015 18:00,,None
56913,10,Goal,0.923000031,0.547999992,0.290176004,Mame Biram Diouf,a,868,SetPiece,2015,Head,102,Norwich,Stoke,1,1,22/08/2015 18:00,Xherdan Shaqiri,Cross
56915,13,MissedShots,0.780999985,0.770999985,0.0150018,Marco van Ginkel,a,946,OpenPlay,2015,RightFoot,102,Norwich,Stoke,1,1,22/08/2015 18:00,Marko Arnautovic,Pass
56928,56,MissedShots,0.845999985,0.228999996,0.0241405,Xherdan Shaqiri,a,888,OpenPlay,2015,LeftFoot,102,Norwich,Stoke,1,1,22/08/2015 18:00,Marco van Ginkel,Pass
56930,68,MissedShots,0.848000031,0.427999992,0.071217299,Stephen Ireland,a,867,OpenPlay,2015,RightFoot,102,Norwich,Stoke,1,1,22/08/2015 18:00,,BallTouch
56931,75,BlockedShot,0.735,0.515,0.0205156,Joselu,a,866,OpenPlay,2015,LeftFoot,102,Norwich,Stoke,1,1,22/08/2015 18:00,Glenn Whelan,Pass
56935,88,MissedShots,0.933000031,0.397999992,0.277177006,Joselu,a,866,SetPiece,2015,LeftFoot,102,Norwich,Stoke,1,1,22/08/2015 18:00,Xherdan Shaqiri,Cross
57036,28,MissedShots,0.689000015,0.587999992,0.015684299,Patrick van Aanholt,h,730,SetPiece,2015,LeftFoot,103,Sunderland,Swansea,1,1,22/08/2015 18:00,Yann M&#039;Vila,Pass
57039,35,SavedShot,0.901999969,0.537999992,0.0843058,Danny Graham,h,932,SetPiece,2015,RightFoot,103,Sunderland,Swansea,1,1,22/08/2015 18:00,Sebastián Coates,None
57046,55,MissedShots,0.725,0.605999985,0.0177416,Jack Rodwell,h,733,OpenPlay,2015,LeftFoot,103,Sunderland,Swansea,1,1,22/08/2015 18:00,Yann M&#039;Vila,Pass
57049,61,Goal,0.855,0.455999985,0.072117597,Jermain Defoe,h,735,OpenPlay,2015,RightFoot,103,Sunderland,Swansea,1,1,22/08/2015 18:00,Jeremain Lens,Pass
57050,65,BlockedShot,0.815999985,0.482000008,0.065551497,Jack Rodwell,h,733,OpenPlay,2015,RightFoot,103,Sunderland,Swansea,1,1,22/08/2015 18:00,Billy Jones,Pass
57055,75,MissedShots,0.833000031,0.699000015,0.038942602,Jeremain Lens,h,781,OpenPlay,2015,RightFoot,103,Sunderland,Swansea,1,1,22/08/2015 18:00,Jack Rodwell,TakeOn
57060,88,BlockedShot,0.780999985,0.572000008,0.089164399,Jeremain Lens,h,781,DirectFreekick,2015,RightFoot,103,Sunderland,Swansea,1,1,22/08/2015 18:00,,Standard
57061,88,MissedShots,0.765999985,0.505,0.018174401,Patrick van Aanholt,h,730,SetPiece,2015,RightFoot,103,Sunderland,Swansea,1,1,22/08/2015 18:00,,Rebound
57063,90,MissedShots,0.911999969,0.497000008,0.0863543,Sebastián Coates,h,927,FromCorner,2015,Head,103,Sunderland,Swansea,1,1,22/08/2015 18:00,Yann M&#039;Vila,Cross
57064,94,BlockedShot,0.779000015,0.59,0.083009601,Sebastian Larsson,h,740,DirectFreekick,2015,RightFoot,103,Sunderland,Swansea,1,1,22/08/2015 18:00,,Standard
57035,13,MissedShots,0.725999985,0.407000008,0.00972765,André Ayew,a,713,OpenPlay,2015,LeftFoot,103,Sunderland,Swansea,1,1,22/08/2015 18:00,Kyle Naughton,TakeOn
57037,29,SavedShot,0.714000015,0.552999992,0.0109992,Bafétimbi Gomis,a,717,OpenPlay,2015,LeftFoot,103,Sunderland,Swansea,1,1,22/08/2015 18:00,Kyle Naughton,HeadPass
57038,33,MissedShots,0.8,0.582000008,0.0425242,André Ayew,a,713,OpenPlay,2015,LeftFoot,103,Sunderland,Swansea,1,1,22/08/2015 18:00,Kyle Naughton,Pass
57040,40,BlockedShot,0.904000015,0.509000015,0.108888,Gylfi Sigurdsson,a,714,OpenPlay,2015,LeftFoot,103,Sunderland,Swansea,1,1,22/08/2015 18:00,Bafétimbi Gomis,HeadPass
57041,40,BlockedShot,0.866999969,0.557999992,0.076062903,Bafétimbi Gomis,a,717,OpenPlay,2015,RightFoot,103,Sunderland,Swansea,1,1,22/08/2015 18:00,,Rebound
57042,45,BlockedShot,0.806999969,0.479000015,0.052047301,Jonjo Shelvey,a,769,OpenPlay,2015,RightFoot,103,Sunderland,Swansea,1,1,22/08/2015 18:00,Gylfi Sigurdsson,Pass
57043,47,Goal,0.901999969,0.352999992,0.0831265,Bafétimbi Gomis,a,717,OpenPlay,2015,RightFoot,103,Sunderland,Swansea,1,1,22/08/2015 18:00,Kyle Naughton,Pass
57044,50,ShotOnPost,0.929000015,0.495,0.341057986,André Ayew,a,713,FromCorner,2015,Head,103,Sunderland,Swansea,1,1,22/08/2015 18:00,Jonjo Shelvey,Cross
57045,53,SavedShot,0.855999985,0.665999985,0.068467803,Jefferson Montero,a,715,OpenPlay,2015,RightFoot,103,Sunderland,Swansea,1,1,22/08/2015 18:00,Gylfi Sigurdsson,Pass
57047,56,SavedShot,0.734000015,0.535999985,0.0250162,Gylfi Sigurdsson,a,714,OpenPlay,2015,RightFoot,103,Sunderland,Swansea,1,1,22/08/2015 18:00,Jonjo Shelvey,Pass
57048,59,MissedShots,0.905,0.482000008,0.323899001,André Ayew,a,713,OpenPlay,2015,Head,103,Sunderland,Swansea,1,1,22/08/2015 18:00,Jonjo Shelvey,Cross
57051,67,SavedShot,0.774000015,0.678000031,0.0154749,Jonjo Shelvey,a,769,OpenPlay,2015,LeftFoot,103,Sunderland,Swansea,1,1,22/08/2015 18:00,Kyle Naughton,TakeOn
57052,68,SavedShot,0.78,0.472000008,0.034134399,Gylfi Sigurdsson,a,714,OpenPlay,2015,LeftFoot,103,Sunderland,Swansea,1,1,22/08/2015 18:00,Neil Taylor,Pass
57053,73,SavedShot,0.933000031,0.500999985,0.144486994,Bafétimbi Gomis,a,717,OpenPlay,2015,Head,103,Sunderland,Swansea,1,1,22/08/2015 18:00,Jefferson Montero,Cross
57054,74,MissedShots,0.733000031,0.359000015,0.0197869,Gylfi Sigurdsson,a,714,OpenPlay,2015,RightFoot,103,Sunderland,Swansea,1,1,22/08/2015 18:00,Jack Cork,Pass
57056,79,BlockedShot,0.735999985,0.529000015,0.0205198,Jonjo Shelvey,a,769,OpenPlay,2015,RightFoot,103,Sunderland,Swansea,1,1,22/08/2015 18:00,Gylfi Sigurdsson,Pass
57057,79,BlockedShot,0.883000031,0.700999985,0.050059699,Jefferson Montero,a,715,OpenPlay,2015,RightFoot,103,Sunderland,Swansea,1,1,22/08/2015 18:00,André Ayew,BallTouch
57058,82,SavedShot,0.855,0.470999985,0.0263534,André Ayew,a,713,SetPiece,2015,Head,103,Sunderland,Swansea,1,1,22/08/2015 18:00,Jonjo Shelvey,Cross
57059,86,MissedShots,0.941999969,0.445,0.070051298,Federico Fernández,a,708,SetPiece,2015,Head,103,Sunderland,Swansea,1,1,22/08/2015 18:00,Jefferson Montero,Aerial
57062,88,SavedShot,0.815,0.379000015,0.0462365,André Ayew,a,713,OpenPlay,2015,LeftFoot,103,Sunderland,Swansea,1,1,22/08/2015 18:00,Gylfi Sigurdsson,Pass
56486,9,MissedShots,0.800999985,0.490999985,0.0446762,Jason Puncheon,h,514,OpenPlay,2015,LeftFoot,104,Crystal Palace,Aston Villa,2,1,22/08/2015 18:00,,None
56490,28,MissedShots,0.775,0.417999992,0.0277298,Yohan Cabaye,h,516,OpenPlay,2015,RightFoot,104,Crystal Palace,Aston Villa,2,1,22/08/2015 18:00,James McArthur,Pass
56491,32,BlockedShot,0.810999985,0.658000031,0.032730199,Wilfried Zaha,h,522,OpenPlay,2015,RightFoot,104,Crystal Palace,Aston Villa,2,1,22/08/2015 18:00,Jason Puncheon,Pass
56492,34,MissedShots,0.941999969,0.61,0.053426702,Glenn Murray,h,882,SetPiece,2015,Head,104,Crystal Palace,Aston Villa,2,1,22/08/2015 18:00,Yohan Cabaye,Cross
56493,37,SavedShot,0.721999969,0.577000008,0.0166074,Bakary Sako,h,520,OpenPlay,2015,LeftFoot,104,Crystal Palace,Aston Villa,2,1,22/08/2015 18:00,Wilfried Zaha,Pass
56496,46,SavedShot,0.981999969,0.577000008,0.104128003,Bakary Sako,h,520,OpenPlay,2015,LeftFoot,104,Crystal Palace,Aston Villa,2,1,22/08/2015 18:00,Jordon Mutch,Cross
56498,55,BlockedShot,0.791999969,0.700999985,0.0623344,Yohan Cabaye,h,516,DirectFreekick,2015,RightFoot,104,Crystal Palace,Aston Villa,2,1,22/08/2015 18:00,,Standard
56501,58,MissedShots,0.865999985,0.587999992,0.092741601,Dwight Gayle,h,743,OpenPlay,2015,RightFoot,104,Crystal Palace,Aston Villa,2,1,22/08/2015 18:00,Yohan Cabaye,Pass
56502,60,BlockedShot,0.854000015,0.317000008,0.041525401,Jordon Mutch,h,632,OpenPlay,2015,LeftFoot,104,Crystal Palace,Aston Villa,2,1,22/08/2015 18:00,,None
56503,64,MissedShots,0.903000031,0.405999985,0.372812003,Bakary Sako,h,520,OpenPlay,2015,RightFoot,104,Crystal Palace,Aston Villa,2,1,22/08/2015 18:00,Joel Ward,Pass
56504,69,MissedShots,0.851999969,0.494000015,0.101144001,Jason Puncheon,h,514,OpenPlay,2015,LeftFoot,104,Crystal Palace,Aston Villa,2,1,22/08/2015 18:00,James McArthur,Pass
56505,70,Goal,0.916999969,0.482000008,0.093610696,Scott Dann,h,512,FromCorner,2015,Head,104,Crystal Palace,Aston Villa,2,1,22/08/2015 18:00,Jason Puncheon,Cross
56506,73,SavedShot,0.929000015,0.681999969,0.084024899,Bakary Sako,h,520,OpenPlay,2015,LeftFoot,104,Crystal Palace,Aston Villa,2,1,22/08/2015 18:00,Dwight Gayle,Pass
56507,74,MissedShots,0.789000015,0.191000004,0.016377,Jason Puncheon,h,514,SetPiece,2015,LeftFoot,104,Crystal Palace,Aston Villa,2,1,22/08/2015 18:00,Yohan Cabaye,Pass
56508,76,OwnGoal,0.018,0.705999985,0,Pape Souaré,h,513,OpenPlay,2015,LeftFoot,104,Crystal Palace,Aston Villa,2,1,22/08/2015 18:00,,Challenge
56509,77,SavedShot,0.969000015,0.720999985,0.037396301,Bakary Sako,h,520,OpenPlay,2015,LeftFoot,104,Crystal Palace,Aston Villa,2,1,22/08/2015 18:00,Pape Souaré,TakeOn
56511,86,Goal,0.855,0.357999992,0.056802802,Bakary Sako,h,520,OpenPlay,2015,LeftFoot,104,Crystal Palace,Aston Villa,2,1,22/08/2015 18:00,Scott Dann,Pass
56484,1,BlockedShot,0.926999969,0.327999992,0.0718996,Rudy Gestede,a,671,OpenPlay,2015,RightFoot,104,Crystal Palace,Aston Villa,2,1,22/08/2015 18:00,Jack Grealish,Pass
56485,7,BlockedShot,0.691999969,0.585,0.011589,Jordan Amavi,a,961,OpenPlay,2015,RightFoot,104,Crystal Palace,Aston Villa,2,1,22/08/2015 18:00,Gabriel Agbonlahor,Pass
56487,13,SavedShot,0.899000015,0.565,0.383242995,Gabriel Agbonlahor,a,890,OpenPlay,2015,RightFoot,104,Crystal Palace,Aston Villa,2,1,22/08/2015 18:00,Ashley Westwood,Throughball
56488,20,MissedShots,0.745,0.45,0.0184325,Carlos Sánchez,a,667,OpenPlay,2015,LeftFoot,104,Crystal Palace,Aston Villa,2,1,22/08/2015 18:00,,TakeOn
56489,25,MissedShots,0.758000031,0.565,0.0215664,Idrissa Gueye,a,668,SetPiece,2015,RightFoot,104,Crystal Palace,Aston Villa,2,1,22/08/2015 18:00,Ashley Westwood,Pass
56494,38,SavedShot,0.956999969,0.713000031,0.0467107,Jack Grealish,a,675,OpenPlay,2015,LeftFoot,104,Crystal Palace,Aston Villa,2,1,22/08/2015 18:00,Idrissa Gueye,Pass
56495,41,MissedShots,0.925999985,0.444000015,0.054147899,Rudy Gestede,a,671,OpenPlay,2015,Head,104,Crystal Palace,Aston Villa,2,1,22/08/2015 18:00,Ashley Westwood,Aerial
56497,51,MissedShots,0.818000031,0.41,0.050537702,Leandro Bacuna,a,674,OpenPlay,2015,LeftFoot,104,Crystal Palace,Aston Villa,2,1,22/08/2015 18:00,Ashley Westwood,Pass
56499,56,BlockedShot,0.831999969,0.385999985,0.049125101,Jack Grealish,a,675,OpenPlay,2015,LeftFoot,104,Crystal Palace,Aston Villa,2,1,22/08/2015 18:00,Carlos Sánchez,Pass
56500,57,MissedShots,0.881999969,0.462000008,0.0320746,Rudy Gestede,a,671,FromCorner,2015,Head,104,Crystal Palace,Aston Villa,2,1,22/08/2015 18:00,Ashley Westwood,Cross
56510,82,MissedShots,0.795999985,0.604000015,0.0259519,Ashley Westwood,a,669,SetPiece,2015,RightFoot,104,Crystal Palace,Aston Villa,2,1,22/08/2015 18:00,,None
56691,10,BlockedShot,0.739000015,0.597999992,0.029157599,Daniel Drinkwater,h,752,FromCorner,2015,LeftFoot,105,Leicester,Tottenham,1,1,22/08/2015 18:00,Ritchie de Laet,Pass
56692,12,MissedShots,0.856999969,0.635999985,0.0541704,Marc Albrighton,h,753,OpenPlay,2015,RightFoot,105,Leicester,Tottenham,1,1,22/08/2015 18:00,,None
56693,12,BlockedShot,0.895999985,0.575,0.098665498,Shinji Okazaki,h,754,OpenPlay,2015,LeftFoot,105,Leicester,Tottenham,1,1,22/08/2015 18:00,Marc Albrighton,Rebound
56694,13,BlockedShot,0.800999985,0.31,0.024233099,Riyad Mahrez,h,750,OpenPlay,2015,LeftFoot,105,Leicester,Tottenham,1,1,22/08/2015 18:00,Andy King,TakeOn
56695,17,MissedShots,0.850999985,0.706999969,0.028192,Marc Albrighton,h,753,OpenPlay,2015,RightFoot,105,Leicester,Tottenham,1,1,22/08/2015 18:00,,TakeOn
56702,47,BlockedShot,0.776999969,0.512999992,0.030918,Riyad Mahrez,h,750,OpenPlay,2015,LeftFoot,105,Leicester,Tottenham,1,1,22/08/2015 18:00,Jamie Vardy,Pass
56706,54,MissedShots,0.893000031,0.307000008,0.0579498,Daniel Drinkwater,h,752,OpenPlay,2015,LeftFoot,105,Leicester,Tottenham,1,1,22/08/2015 18:00,Riyad Mahrez,Pass
56713,68,ShotOnPost,0.934000015,0.286000004,0.046559099,Riyad Mahrez,h,750,OpenPlay,2015,RightFoot,105,Leicester,Tottenham,1,1,22/08/2015 18:00,Jamie Vardy,Pass
56715,81,Goal,0.873000031,0.282999992,0.044128999,Riyad Mahrez,h,750,OpenPlay,2015,LeftFoot,105,Leicester,Tottenham,1,1,22/08/2015 18:00,Jamie Vardy,HeadPass
56716,84,BlockedShot,0.81,0.685,0.079442702,Jamie Vardy,h,755,DirectFreekick,2015,RightFoot,105,Leicester,Tottenham,1,1,22/08/2015 18:00,,Standard
56717,84,BlockedShot,0.821999969,0.497000008,0.0443535,Andy King,h,784,SetPiece,2015,RightFoot,105,Leicester,Tottenham,1,1,22/08/2015 18:00,,Rebound
56718,85,MissedShots,0.683000031,0.502000008,0.0149996,Gökhan Inler,h,761,OpenPlay,2015,LeftFoot,105,Leicester,Tottenham,1,1,22/08/2015 18:00,Ritchie de Laet,Pass
56719,87,SavedShot,0.92,0.464000015,0.285109997,Wes Morgan,h,748,FromCorner,2015,Head,105,Leicester,Tottenham,1,1,22/08/2015 18:00,Riyad Mahrez,Cross
56690,7,SavedShot,0.758000031,0.475,0.0238542,Mousa Dembélé,a,642,OpenPlay,2015,LeftFoot,105,Leicester,Tottenham,1,1,22/08/2015 18:00,Kyle Walker,Pass
56696,24,MissedShots,0.92,0.535999985,0.0921859,Eric Dier,a,643,FromCorner,2015,Head,105,Leicester,Tottenham,1,1,22/08/2015 18:00,Erik Lamela,Cross
56697,28,SavedShot,0.793000031,0.316000004,0.0254607,Mousa Dembélé,a,642,OpenPlay,2015,LeftFoot,105,Leicester,Tottenham,1,1,22/08/2015 18:00,Kyle Walker,Pass
56698,37,BlockedShot,0.791999969,0.640999985,0.0301822,Harry Kane,a,647,OpenPlay,2015,RightFoot,105,Leicester,Tottenham,1,1,22/08/2015 18:00,Erik Lamela,Pass
56699,44,MissedShots,0.94,0.725999985,0.02372,Harry Kane,a,647,OpenPlay,2015,LeftFoot,105,Leicester,Tottenham,1,1,22/08/2015 18:00,Hugo Lloris,Pass
56700,45,MissedShots,0.720999985,0.507000008,0.0165019,Ryan Mason,a,649,OpenPlay,2015,RightFoot,105,Leicester,Tottenham,1,1,22/08/2015 18:00,Erik Lamela,Pass
56701,46,BlockedShot,0.845,0.525999985,0.079744197,Ryan Mason,a,649,OpenPlay,2015,RightFoot,105,Leicester,Tottenham,1,1,22/08/2015 18:00,Harry Kane,Pass
56703,47,MissedShots,0.941999969,0.305,0.301346004,Nacer Chadli,a,648,OpenPlay,2015,RightFoot,105,Leicester,Tottenham,1,1,22/08/2015 18:00,Kyle Walker,Throughball
56704,51,MissedShots,0.923000031,0.559000015,0.117220998,Erik Lamela,a,644,OpenPlay,2015,RightFoot,105,Leicester,Tottenham,1,1,22/08/2015 18:00,Jan Vertonghen,Cross
56705,53,MissedShots,0.923000031,0.507000008,0.107560001,Nacer Chadli,a,648,FromCorner,2015,Head,105,Leicester,Tottenham,1,1,22/08/2015 18:00,Erik Lamela,Cross
56707,56,MissedShots,0.916999969,0.532999992,0.036602199,Nacer Chadli,a,648,FromCorner,2015,Head,105,Leicester,Tottenham,1,1,22/08/2015 18:00,Erik Lamela,Aerial
56708,57,MissedShots,0.764000015,0.615999985,0.024998499,Nacer Chadli,a,648,OpenPlay,2015,RightFoot,105,Leicester,Tottenham,1,1,22/08/2015 18:00,Ryan Mason,Pass
56709,62,SavedShot,0.893000031,0.547999992,0.0908029,Harry Kane,a,647,OpenPlay,2015,RightFoot,105,Leicester,Tottenham,1,1,22/08/2015 18:00,,None
56710,63,BlockedShot,0.863000031,0.664000015,0.051360201,Nacer Chadli,a,648,OpenPlay,2015,RightFoot,105,Leicester,Tottenham,1,1,22/08/2015 18:00,Harry Kane,Pass
56711,64,SavedShot,0.735,0.335999985,0.0131582,Kyle Walker,a,638,OpenPlay,2015,RightFoot,105,Leicester,Tottenham,1,1,22/08/2015 18:00,Mousa Dembélé,Pass
56712,66,MissedShots,0.775999985,0.445,0.032435201,Harry Kane,a,647,OpenPlay,2015,RightFoot,105,Leicester,Tottenham,1,1,22/08/2015 18:00,,Dispossessed
56714,80,Goal,0.976999969,0.454000015,0.66319102,Dele Alli,a,645,OpenPlay,2015,Head,105,Leicester,Tottenham,1,1,22/08/2015 18:00,Nacer Chadli,Cross
56720,90,SavedShot,0.951999969,0.532000008,0.125557005,Dele Alli,a,645,OpenPlay,2015,RightFoot,105,Leicester,Tottenham,1,1,22/08/2015 18:00,Harry Kane,Chipped
56721,92,BlockedShot,0.963000031,0.693000031,0.0384898,Toby Alderweireld,a,639,FromCorner,2015,RightFoot,105,Leicester,Tottenham,1,1,22/08/2015 18:00,,None
57295,17,MissedShots,0.935999985,0.38,0.0320655,Cheikhou Kouyaté,h,532,FromCorner,2015,Head,106,West Ham,Bournemouth,3,4,22/08/2015 18:00,Aaron Cresswell,Cross
57302,45,BlockedShot,0.760999985,0.547999992,0.0119618,Pedro Obiang,h,542,OpenPlay,2015,RightFoot,106,West Ham,Bournemouth,3,4,22/08/2015 18:00,Dimitri Payet,Aerial
57305,47,Goal,0.885,0.5,0.761169016,Mark Noble,h,533,Penalty,2015,RightFoot,106,West Ham,Bournemouth,3,4,22/08/2015 18:00,,Standard
57306,51,BlockedShot,0.798000031,0.632999992,0.0410675,Dimitri Payet,h,536,OpenPlay,2015,RightFoot,106,West Ham,Bournemouth,3,4,22/08/2015 18:00,Diafra Sakho,LayOff
57307,52,SavedShot,0.976999969,0.339000015,0.064227901,Diafra Sakho,h,656,OpenPlay,2015,RightFoot,106,West Ham,Bournemouth,3,4,22/08/2015 18:00,Carl Jenkinson,Pass
57308,52,Goal,0.973000031,0.385999985,0.31794101,Cheikhou Kouyaté,h,532,OpenPlay,2015,RightFoot,106,West Ham,Bournemouth,3,4,22/08/2015 18:00,,Rebound
57309,54,MissedShots,0.828000031,0.753000031,0.0221895,Diafra Sakho,h,656,OpenPlay,2015,RightFoot,106,West Ham,Bournemouth,3,4,22/08/2015 18:00,Aaron Cresswell,Pass
57313,77,MissedShots,0.818000031,0.35,0.0251066,Mark Noble,h,533,FromCorner,2015,RightFoot,106,West Ham,Bournemouth,3,4,22/08/2015 18:00,,None
57315,81,Goal,0.845,0.505,0.208269998,Modibo Maiga,h,1029,OpenPlay,2015,RightFoot,106,West Ham,Bournemouth,3,4,22/08/2015 18:00,Aaron Cresswell,TakeOn
57317,92,BlockedShot,0.85,0.307000008,0.038451701,Cheikhou Kouyaté,h,532,OpenPlay,2015,RightFoot,106,West Ham,Bournemouth,3,4,22/08/2015 18:00,Mark Noble,Pass
57294,10,Goal,0.914000015,0.457999992,0.140129,Callum Wilson,a,468,OpenPlay,2015,RightFoot,106,West Ham,Bournemouth,3,4,22/08/2015 18:00,Simon Francis,Pass
57296,21,BlockedShot,0.863000031,0.681999969,0.062676802,Max Gradel,a,464,OpenPlay,2015,RightFoot,106,West Ham,Bournemouth,3,4,22/08/2015 18:00,,TakeOn
57297,27,Goal,0.889000015,0.475999985,0.440975994,Callum Wilson,a,468,OpenPlay,2015,RightFoot,106,West Ham,Bournemouth,3,4,22/08/2015 18:00,,None
57298,29,MissedShots,0.928000031,0.317999992,0.135332003,Callum Wilson,a,468,OpenPlay,2015,RightFoot,106,West Ham,Bournemouth,3,4,22/08/2015 18:00,Joshua King,Throughball
57299,31,MissedShots,0.911999969,0.445,0.528310001,Joshua King,a,465,OpenPlay,2015,RightFoot,106,West Ham,Bournemouth,3,4,22/08/2015 18:00,Simon Francis,Pass
57300,35,MissedShots,0.759000015,0.713000031,0.026287099,Charlie Daniels,a,459,OpenPlay,2015,LeftFoot,106,West Ham,Bournemouth,3,4,22/08/2015 18:00,Andrew Surman,Pass
57301,44,BlockedShot,0.744000015,0.457999992,0.027117901,Matt Ritchie,a,461,OpenPlay,2015,LeftFoot,106,West Ham,Bournemouth,3,4,22/08/2015 18:00,Joshua King,Pass
57303,46,MissedShots,0.720999985,0.387999992,0.0201499,Matt Ritchie,a,461,FromCorner,2015,LeftFoot,106,West Ham,Bournemouth,3,4,22/08/2015 18:00,Simon Francis,Pass
57304,47,SavedShot,0.859000015,0.544000015,0.397314012,Max Gradel,a,464,OpenPlay,2015,RightFoot,106,West Ham,Bournemouth,3,4,22/08/2015 18:00,Callum Wilson,Pass
57310,56,MissedShots,0.714000015,0.425,0.017684501,Max Gradel,a,464,OpenPlay,2015,RightFoot,106,West Ham,Bournemouth,3,4,22/08/2015 18:00,Charlie Daniels,Pass
57311,61,SavedShot,0.828000031,0.552000008,0.0699424,Marc Pugh,a,466,OpenPlay,2015,RightFoot,106,West Ham,Bournemouth,3,4,22/08/2015 18:00,Max Gradel,Pass
57312,65,Goal,0.899000015,0.585,0.179113001,Marc Pugh,a,466,OpenPlay,2015,RightFoot,106,West Ham,Bournemouth,3,4,22/08/2015 18:00,Max Gradel,TakeOn
57314,78,Goal,0.885,0.5,0.761169016,Callum Wilson,a,468,Penalty,2015,RightFoot,106,West Ham,Bournemouth,3,4,22/08/2015 18:00,,Standard
57316,82,MissedShots,0.696999969,0.452999992,0.015766,Andrew Surman,a,460,OpenPlay,2015,LeftFoot,106,West Ham,Bournemouth,3,4,22/08/2015 18:00,Matt Ritchie,Pass
57318,94,SavedShot,0.869000015,0.572999992,0.033435799,Dan Gosling,a,462,OpenPlay,2015,Head,106,West Ham,Bournemouth,3,4,22/08/2015 18:00,,None
57218,13,SavedShot,0.885,0.5,0.761169016,James Morrison,h,990,Penalty,2015,RightFoot,107,West Bromwich Albion,Chelsea,2,3,23/08/2015 16:30,,Standard
57219,17,MissedShots,0.919000015,0.505,0.0606305,Craig Dawson,h,804,SetPiece,2015,Head,107,West Bromwich Albion,Chelsea,2,3,23/08/2015 16:30,James Morrison,Aerial
57224,34,Goal,0.865999985,0.517999992,0.102554999,James Morrison,h,990,OpenPlay,2015,RightFoot,107,West Bromwich Albion,Chelsea,2,3,23/08/2015 16:30,Salomón Rondón,Pass
57230,55,BlockedShot,0.803000031,0.594000015,0.112360999,Salomón Rondón,h,813,DirectFreekick,2015,RightFoot,107,West Bromwich Albion,Chelsea,2,3,23/08/2015 16:30,,Standard
57231,55,SavedShot,0.795,0.67,0.0216408,Chris Brunt,h,904,FromCorner,2015,RightFoot,107,West Bromwich Albion,Chelsea,2,3,23/08/2015 16:30,Callum McManaman,Pass
57233,58,Goal,0.905999985,0.562999992,0.0500324,James Morrison,h,990,OpenPlay,2015,Head,107,West Bromwich Albion,Chelsea,2,3,23/08/2015 16:30,Callum McManaman,Aerial
57235,66,MissedShots,0.821999969,0.569000015,0.039781701,Salomón Rondón,h,813,FromCorner,2015,RightFoot,107,West Bromwich Albion,Chelsea,2,3,23/08/2015 16:30,James Morrison,HeadPass
57236,71,MissedShots,0.925,0.668000031,0.070188597,Callum McManaman,h,880,OpenPlay,2015,RightFoot,107,West Bromwich Albion,Chelsea,2,3,23/08/2015 16:30,Rickie Lambert,Pass
57237,75,BlockedShot,0.728000031,0.635,0.0155932,Rickie Lambert,h,816,OpenPlay,2015,RightFoot,107,West Bromwich Albion,Chelsea,2,3,23/08/2015 16:30,Callum McManaman,Pass
57238,75,BlockedShot,0.715,0.377000008,0.0146387,Craig Dawson,h,804,OpenPlay,2015,RightFoot,107,West Bromwich Albion,Chelsea,2,3,23/08/2015 16:30,Callum McManaman,Pass
57241,81,MissedShots,0.891999969,0.755999985,0.027793201,Serge Gnabry,h,993,FromCorner,2015,RightFoot,107,West Bromwich Albion,Chelsea,2,3,23/08/2015 16:30,Chris Brunt,Pass
57242,85,SavedShot,0.774000015,0.46,0.030679099,Serge Gnabry,h,993,OpenPlay,2015,RightFoot,107,West Bromwich Albion,Chelsea,2,3,23/08/2015 16:30,Claudio Yacob,Pass
57244,86,MissedShots,0.805999985,0.699000015,0.0269884,Chris Brunt,h,904,OpenPlay,2015,RightFoot,107,West Bromwich Albion,Chelsea,2,3,23/08/2015 16:30,Claudio Yacob,TakeOn
57245,92,SavedShot,0.976999969,0.405999985,0.078158602,Salomón Rondón,h,813,OpenPlay,2015,RightFoot,107,West Bromwich Albion,Chelsea,2,3,23/08/2015 16:30,,None
57246,93,MissedShots,0.94,0.350999985,0.0140077,Jonas Olsson,h,805,FromCorner,2015,Head,107,West Bromwich Albion,Chelsea,2,3,23/08/2015 16:30,Serge Gnabry,Cross
57217,4,MissedShots,0.905,0.61,0.106509,Diego Costa,a,802,OpenPlay,2015,LeftFoot,107,West Bromwich Albion,Chelsea,2,3,23/08/2015 16:30,Eden Hazard,Pass
57220,19,Goal,0.845999985,0.435,0.090793803,Pedro,a,687,OpenPlay,2015,LeftFoot,107,West Bromwich Albion,Chelsea,2,3,23/08/2015 16:30,Eden Hazard,Pass
57221,29,BlockedShot,0.855999985,0.285,0.063253403,Pedro,a,687,OpenPlay,2015,RightFoot,107,West Bromwich Albion,Chelsea,2,3,23/08/2015 16:30,Willian,Pass
57222,29,Goal,0.939000015,0.527999992,0.659758985,Diego Costa,a,802,OpenPlay,2015,RightFoot,107,West Bromwich Albion,Chelsea,2,3,23/08/2015 16:30,,Rebound
57223,31,SavedShot,0.793000031,0.635,0.046371199,Willian,a,700,OpenPlay,2015,LeftFoot,107,West Bromwich Albion,Chelsea,2,3,23/08/2015 16:30,Diego Costa,Pass
57225,38,MissedShots,0.795999985,0.385,0.043830499,Willian,a,700,OpenPlay,2015,RightFoot,107,West Bromwich Albion,Chelsea,2,3,23/08/2015 16:30,Eden Hazard,Pass
57226,39,MissedShots,0.858000031,0.475999985,0.368420005,Willian,a,700,OpenPlay,2015,RightFoot,107,West Bromwich Albion,Chelsea,2,3,23/08/2015 16:30,Pedro,Pass
57227,41,Goal,0.85,0.552999992,0.115491003,César Azpilicueta,a,681,OpenPlay,2015,RightFoot,107,West Bromwich Albion,Chelsea,2,3,23/08/2015 16:30,Diego Costa,LayOff
57228,46,BlockedShot,0.774000015,0.62,0.024491001,César Azpilicueta,a,681,OpenPlay,2015,RightFoot,107,West Bromwich Albion,Chelsea,2,3,23/08/2015 16:30,Eden Hazard,Pass
57229,50,BlockedShot,0.788000031,0.570999985,0.029146999,Pedro,a,687,SetPiece,2015,RightFoot,107,West Bromwich Albion,Chelsea,2,3,23/08/2015 16:30,Eden Hazard,Pass
57232,57,SavedShot,0.758000031,0.397999992,0.0629455,Nemanja Matic,a,697,DirectFreekick,2015,LeftFoot,107,West Bromwich Albion,Chelsea,2,3,23/08/2015 16:30,,Standard
57234,62,MissedShots,0.903000031,0.645,0.060527898,Diego Costa,a,802,OpenPlay,2015,LeftFoot,107,West Bromwich Albion,Chelsea,2,3,23/08/2015 16:30,Pedro,Cross
57239,76,MissedShots,0.875,0.415999985,0.135443002,Diego Costa,a,802,OpenPlay,2015,RightFoot,107,West Bromwich Albion,Chelsea,2,3,23/08/2015 16:30,Cesc Fàbregas,Throughball
57240,79,MissedShots,0.903000031,0.432999992,0.136221007,Falcao,a,696,OpenPlay,2015,RightFoot,107,West Bromwich Albion,Chelsea,2,3,23/08/2015 16:30,Pedro,Pass
57243,86,MissedShots,0.9,0.630999985,0.126307994,Eden Hazard,a,701,OpenPlay,2015,LeftFoot,107,West Bromwich Albion,Chelsea,2,3,23/08/2015 16:30,Nemanja Matic,TakeOn
56587,18,SavedShot,0.778000031,0.678000031,0.0156675,Ross Barkley,h,592,OpenPlay,2015,LeftFoot,108,Everton,Manchester City,0,2,23/08/2015 19:00,Arouna Koné,TakeOn
56590,25,MissedShots,0.778000031,0.31,0.022486201,Seamus Coleman,h,585,OpenPlay,2015,LeftFoot,108,Everton,Manchester City,0,2,23/08/2015 19:00,Tom Cleverley,Pass
56594,31,MissedShots,0.843000031,0.55,0.0116117,Phil Jagielka,h,587,FromCorner,2015,Head,108,Everton,Manchester City,0,2,23/08/2015 19:00,Tom Cleverley,Cross
56595,42,MissedShots,0.796999969,0.572000008,0.111074001,Ross Barkley,h,592,DirectFreekick,2015,RightFoot,108,Everton,Manchester City,0,2,23/08/2015 19:00,,Standard
56596,48,ShotOnPost,0.778000031,0.467999992,0.091731697,Romelu Lukaku,h,594,DirectFreekick,2015,LeftFoot,108,Everton,Manchester City,0,2,23/08/2015 19:00,,Standard
56599,61,BlockedShot,0.893000031,0.415,0.070759602,Arouna Koné,h,601,OpenPlay,2015,LeftFoot,108,Everton,Manchester City,0,2,23/08/2015 19:00,Tom Cleverley,Cross
56601,65,BlockedShot,0.878000031,0.718000031,0.036199499,Ross Barkley,h,592,OpenPlay,2015,RightFoot,108,Everton,Manchester City,0,2,23/08/2015 19:00,Steven Naismith,Pass
56602,66,BlockedShot,0.813000031,0.515,0.060203001,Steven Naismith,h,824,OpenPlay,2015,RightFoot,108,Everton,Manchester City,0,2,23/08/2015 19:00,Ross Barkley,Pass
56603,78,MissedShots,0.931999969,0.420999985,0.080677003,Gareth Barry,h,590,OpenPlay,2015,Head,108,Everton,Manchester City,0,2,23/08/2015 19:00,James McCarthy,Cross
56608,93,BlockedShot,0.943000031,0.407999992,0.078927599,Romelu Lukaku,h,594,OpenPlay,2015,LeftFoot,108,Everton,Manchester City,0,2,23/08/2015 19:00,Gareth Barry,HeadPass
56583,1,BlockedShot,0.810999985,0.422999992,0.047246899,David Silva,a,617,OpenPlay,2015,LeftFoot,108,Everton,Manchester City,0,2,23/08/2015 19:00,Jesús Navas,Pass
56584,1,SavedShot,0.928000031,0.342999992,0.060879,Sergio Agüero,a,619,OpenPlay,2015,RightFoot,108,Everton,Manchester City,0,2,23/08/2015 19:00,,Rebound
56585,9,SavedShot,0.875,0.437000008,0.072434999,Sergio Agüero,a,619,OpenPlay,2015,RightFoot,108,Everton,Manchester City,0,2,23/08/2015 19:00,Jesús Navas,Cross
56586,13,SavedShot,0.754000015,0.622999992,0.0211342,David Silva,a,617,OpenPlay,2015,LeftFoot,108,Everton,Manchester City,0,2,23/08/2015 19:00,Sergio Agüero,Pass
56588,19,MissedShots,0.725,0.595999985,0.0112756,Aleksandar Kolarov,a,621,OpenPlay,2015,LeftFoot,108,Everton,Manchester City,0,2,23/08/2015 19:00,Bacary Sagna,Cross
56589,23,SavedShot,0.735,0.646999969,0.0145719,Yaya Touré,a,878,OpenPlay,2015,RightFoot,108,Everton,Manchester City,0,2,23/08/2015 19:00,Raheem Sterling,Pass
56591,27,SavedShot,0.798000031,0.725999985,0.0229792,Raheem Sterling,a,618,OpenPlay,2015,RightFoot,108,Everton,Manchester City,0,2,23/08/2015 19:00,David Silva,Pass
56592,28,BlockedShot,0.909000015,0.575999985,0.046318799,Vincent Kompany,a,612,FromCorner,2015,Head,108,Everton,Manchester City,0,2,23/08/2015 19:00,David Silva,Cross
56593,28,BlockedShot,0.913000031,0.592000008,0.096645802,Vincent Kompany,a,612,FromCorner,2015,RightFoot,108,Everton,Manchester City,0,2,23/08/2015 19:00,,Rebound
56597,46,ShotOnPost,0.896999969,0.649000015,0.124816,David Silva,a,617,OpenPlay,2015,LeftFoot,108,Everton,Manchester City,0,2,23/08/2015 19:00,Raheem Sterling,Throughball
56598,59,Goal,0.979000015,0.664000015,0.069238402,Aleksandar Kolarov,a,621,OpenPlay,2015,LeftFoot,108,Everton,Manchester City,0,2,23/08/2015 19:00,Raheem Sterling,Pass
56600,62,SavedShot,0.946999969,0.407999992,0.431131005,Jesús Navas,a,616,OpenPlay,2015,RightFoot,108,Everton,Manchester City,0,2,23/08/2015 19:00,,None
56604,78,BlockedShot,0.745999985,0.565,0.027670501,Yaya Touré,a,878,OpenPlay,2015,RightFoot,108,Everton,Manchester City,0,2,23/08/2015 19:00,,Dispossessed
56605,79,MissedShots,0.803000031,0.370999985,0.039747,Yaya Touré,a,878,OpenPlay,2015,RightFoot,108,Everton,Manchester City,0,2,23/08/2015 19:00,Bacary Sagna,Pass
56606,87,SavedShot,0.923000031,0.31,0.078410499,Jesús Navas,a,616,OpenPlay,2015,RightFoot,108,Everton,Manchester City,0,2,23/08/2015 19:00,Yaya Touré,Pass
56607,87,Goal,0.936999969,0.412000008,0.422684997,Samir Nasri,a,877,OpenPlay,2015,RightFoot,108,Everton,Manchester City,0,2,23/08/2015 19:00,Yaya Touré,Throughball
57126,8,MissedShots,0.76,0.360999985,0.0192832,Nyom,h,565,OpenPlay,2015,RightFoot,109,Watford,Southampton,0,0,23/08/2015 19:00,Odion Ighalo,Pass
57127,24,BlockedShot,0.779000015,0.645,0.0123471,José Holebas,h,568,OpenPlay,2015,LeftFoot,109,Watford,Southampton,0,0,23/08/2015 19:00,,Aerial
57129,29,BlockedShot,0.775999985,0.785,0.0112886,José Holebas,h,568,OpenPlay,2015,RightFoot,109,Watford,Southampton,0,0,23/08/2015 19:00,Jurado,Pass
57132,48,BlockedShot,0.856999969,0.302000008,0.035117902,Troy Deeney,h,574,OpenPlay,2015,RightFoot,109,Watford,Southampton,0,0,23/08/2015 19:00,Odion Ighalo,TakeOn
57135,59,MissedShots,0.898000031,0.517999992,0.069668002,Odion Ighalo,h,573,FromCorner,2015,Head,109,Watford,Southampton,0,0,23/08/2015 19:00,Alessandro Diamanti,Cross
57137,60,BlockedShot,0.855999985,0.29,0.034140699,Troy Deeney,h,574,OpenPlay,2015,RightFoot,109,Watford,Southampton,0,0,23/08/2015 19:00,Jurado,Pass
57138,61,BlockedShot,0.635,0.329000015,0.00952048,Etienne Capoue,h,572,OpenPlay,2015,RightFoot,109,Watford,Southampton,0,0,23/08/2015 19:00,Nyom,Pass
57139,65,BlockedShot,0.955,0.464000015,0.131108999,Troy Deeney,h,574,FromCorner,2015,Head,109,Watford,Southampton,0,0,23/08/2015 19:00,Alessandro Diamanti,Cross
57140,65,MissedShots,0.989000015,0.537999992,0.745693982,Etienne Capoue,h,572,FromCorner,2015,Head,109,Watford,Southampton,0,0,23/08/2015 19:00,,Rebound
57141,67,BlockedShot,0.781999969,0.404000015,0.031262401,Troy Deeney,h,574,OpenPlay,2015,RightFoot,109,Watford,Southampton,0,0,23/08/2015 19:00,,BallRecovery
57142,68,MissedShots,0.71,0.482000008,0.0140984,Alessandro Diamanti,h,948,OpenPlay,2015,LeftFoot,109,Watford,Southampton,0,0,23/08/2015 19:00,Etienne Capoue,Pass
57147,80,MissedShots,0.926999969,0.457999992,0.132302001,Odion Ighalo,h,573,OpenPlay,2015,Head,109,Watford,Southampton,0,0,23/08/2015 19:00,Jurado,Cross
57151,87,MissedShots,0.810999985,0.364000015,0.0278157,Ben Watson,h,571,SetPiece,2015,RightFoot,109,Watford,Southampton,0,0,23/08/2015 19:00,,None
57128,26,SavedShot,0.935999985,0.330999985,0.101246998,Shane Long,a,839,OpenPlay,2015,LeftFoot,109,Watford,Southampton,0,0,23/08/2015 19:00,Graziano Pellè,TakeOn
57130,33,MissedShots,0.93,0.462999992,0.132540002,Shane Long,a,839,OpenPlay,2015,Head,109,Watford,Southampton,0,0,23/08/2015 19:00,Cédric Soares,Cross
57131,36,SavedShot,0.935999985,0.545,0.084223904,Steven Caulker,a,953,FromCorner,2015,OtherBodyPart,109,Watford,Southampton,0,0,23/08/2015 19:00,Steven Davis,Cross
57133,49,SavedShot,0.9,0.278999996,0.042383999,Graziano Pellè,a,841,OpenPlay,2015,RightFoot,109,Watford,Southampton,0,0,23/08/2015 19:00,Steven Davis,Pass
57134,50,MissedShots,0.949000015,0.425,0.096905597,Shane Long,a,839,FromCorner,2015,Head,109,Watford,Southampton,0,0,23/08/2015 19:00,Steven Davis,Cross
57136,60,MissedShots,0.806999969,0.192999992,0.0125793,Cédric Soares,a,847,OpenPlay,2015,LeftFoot,109,Watford,Southampton,0,0,23/08/2015 19:00,Steven Caulker,TakeOn
57143,72,SavedShot,0.759000015,0.530999985,0.026203601,Victor Wanyama,a,836,OpenPlay,2015,RightFoot,109,Watford,Southampton,0,0,23/08/2015 19:00,Shane Long,Pass
57144,73,MissedShots,0.770999985,0.232999992,0.0105552,Cédric Soares,a,847,OpenPlay,2015,RightFoot,109,Watford,Southampton,0,0,23/08/2015 19:00,Graziano Pellè,LayOff
57145,75,MissedShots,0.841999969,0.452000008,0.065480098,Graziano Pellè,a,841,SetPiece,2015,LeftFoot,109,Watford,Southampton,0,0,23/08/2015 19:00,José Fonte,Chipped
57146,79,MissedShots,0.92,0.572000008,0.041332401,Jay Rodriguez,a,844,OpenPlay,2015,Head,109,Watford,Southampton,0,0,23/08/2015 19:00,Cédric Soares,Aerial
57148,81,MissedShots,0.773000031,0.860999985,0.010514,Shane Long,a,839,OpenPlay,2015,RightFoot,109,Watford,Southampton,0,0,23/08/2015 19:00,,BallTouch
57149,82,MissedShots,0.693000031,0.479000015,0.0123601,Victor Wanyama,a,836,OpenPlay,2015,LeftFoot,109,Watford,Southampton,0,0,23/08/2015 19:00,,BallRecovery
57150,84,MissedShots,0.785999985,0.605999985,0.0295507,Shane Long,a,839,OpenPlay,2015,RightFoot,109,Watford,Southampton,0,0,23/08/2015 19:00,Cédric Soares,Pass
57152,88,SavedShot,0.843000031,0.452999992,0.017714599,Steven Caulker,a,953,SetPiece,2015,Head,109,Watford,Southampton,0,0,23/08/2015 19:00,James Ward-Prowse,Cross
56363,4,MissedShots,0.93,0.47,0.066203699,Alexis Sánchez,h,498,OpenPlay,2015,Head,110,Arsenal,Liverpool,0,0,24/08/2015 23:00,Nacho Monreal,Aerial
56365,10,BlockedShot,0.883000031,0.699000015,0.050591599,Alexis Sánchez,h,498,OpenPlay,2015,RightFoot,110,Arsenal,Liverpool,0,0,24/08/2015 23:00,Santiago Cazorla,Pass
56368,17,SavedShot,0.873000031,0.507000008,0.0138362,Olivier Giroud,h,502,FromCorner,2015,Head,110,Arsenal,Liverpool,0,0,24/08/2015 23:00,Mesut Özil,Aerial
56375,49,MissedShots,0.768000031,0.617000008,0.0235742,Santiago Cazorla,h,965,OpenPlay,2015,LeftFoot,110,Arsenal,Liverpool,0,0,24/08/2015 23:00,Mesut Özil,LayOff
56376,52,BlockedShot,0.920999985,0.445999985,0.137684003,Olivier Giroud,h,502,OpenPlay,2015,RightFoot,110,Arsenal,Liverpool,0,0,24/08/2015 23:00,Alexis Sánchez,Pass
56377,56,MissedShots,0.819000015,0.635999985,0.039771199,Olivier Giroud,h,502,OpenPlay,2015,LeftFoot,110,Arsenal,Liverpool,0,0,24/08/2015 23:00,Alexis Sánchez,Pass
56378,59,ShotOnPost,0.925999985,0.595999985,0.410643995,Alexis Sánchez,h,498,OpenPlay,2015,LeftFoot,110,Arsenal,Liverpool,0,0,24/08/2015 23:00,Olivier Giroud,Pass
56380,61,MissedShots,0.741999969,0.565,0.0127512,Francis Coquelin,h,497,SetPiece,2015,LeftFoot,110,Arsenal,Liverpool,0,0,24/08/2015 23:00,,None
56381,63,BlockedShot,0.858000031,0.639000015,0.063473202,Aaron Ramsey,h,504,OpenPlay,2015,RightFoot,110,Arsenal,Liverpool,0,0,24/08/2015 23:00,Alexis Sánchez,Pass
56382,63,BlockedShot,0.833000031,0.455,0.055668399,Héctor Bellerín,h,492,OpenPlay,2015,RightFoot,110,Arsenal,Liverpool,0,0,24/08/2015 23:00,,Rebound
56383,67,BlockedShot,0.945,0.555,0.147921994,Olivier Giroud,h,502,OpenPlay,2015,LeftFoot,110,Arsenal,Liverpool,0,0,24/08/2015 23:00,Nacho Monreal,Pass
56384,69,SavedShot,0.921999969,0.499000015,0.565939009,Olivier Giroud,h,502,OpenPlay,2015,LeftFoot,110,Arsenal,Liverpool,0,0,24/08/2015 23:00,Aaron Ramsey,Pass
56386,71,SavedShot,0.809000015,0.620999985,0.0353605,Aaron Ramsey,h,504,OpenPlay,2015,RightFoot,110,Arsenal,Liverpool,0,0,24/08/2015 23:00,Olivier Giroud,Pass
56389,82,SavedShot,0.78,0.295,0.019568801,Aaron Ramsey,h,504,OpenPlay,2015,RightFoot,110,Arsenal,Liverpool,0,0,24/08/2015 23:00,Santiago Cazorla,Pass
56390,84,MissedShots,0.806999969,0.492999992,0.031406499,Alex Oxlade-Chamberlain,h,966,FromCorner,2015,RightFoot,110,Arsenal,Liverpool,0,0,24/08/2015 23:00,,BallTouch
56391,85,MissedShots,0.818000031,0.671999969,0.032909598,Mesut Özil,h,499,OpenPlay,2015,RightFoot,110,Arsenal,Liverpool,0,0,24/08/2015 23:00,Santiago Cazorla,Pass
56392,85,MissedShots,0.759000015,0.612000008,0.015933299,Santiago Cazorla,h,965,OpenPlay,2015,RightFoot,110,Arsenal,Liverpool,0,0,24/08/2015 23:00,,Rebound
56393,93,SavedShot,0.750999985,0.382000008,0.0159376,Alex Oxlade-Chamberlain,h,966,OpenPlay,2015,LeftFoot,110,Arsenal,Liverpool,0,0,24/08/2015 23:00,Theo Walcott,Pass
56394,93,MissedShots,0.923000031,0.507000008,0.102434002,Gabriel,h,493,FromCorner,2015,Head,110,Arsenal,Liverpool,0,0,24/08/2015 23:00,Mesut Özil,Cross
56361,1,MissedShots,0.875999985,0.614000015,0.095751099,Christian Benteke,a,606,OpenPlay,2015,LeftFoot,110,Arsenal,Liverpool,0,0,24/08/2015 23:00,Emre Can,Pass
56362,2,ShotOnPost,0.88,0.440999985,0.117213003,Philippe Coutinho,a,488,OpenPlay,2015,RightFoot,110,Arsenal,Liverpool,0,0,24/08/2015 23:00,Christian Benteke,Pass
56364,8,SavedShot,0.911999969,0.292999992,0.052152298,Christian Benteke,a,606,OpenPlay,2015,RightFoot,110,Arsenal,Liverpool,0,0,24/08/2015 23:00,Philippe Coutinho,Pass
56366,13,BlockedShot,0.881999969,0.32,0.058426499,James Milner,a,489,OpenPlay,2015,RightFoot,110,Arsenal,Liverpool,0,0,24/08/2015 23:00,Roberto Firmino,Pass
56367,14,BlockedShot,0.881999969,0.535999985,0.032146301,Dejan Lovren,a,602,FromCorner,2015,Head,110,Arsenal,Liverpool,0,0,24/08/2015 23:00,James Milner,Cross
56369,23,SavedShot,0.941999969,0.622999992,0.081316702,James Milner,a,489,OpenPlay,2015,RightFoot,110,Arsenal,Liverpool,0,0,24/08/2015 23:00,,None
56370,25,BlockedShot,0.829000015,0.342000008,0.041428301,Nathaniel Clyne,a,603,OpenPlay,2015,LeftFoot,110,Arsenal,Liverpool,0,0,24/08/2015 23:00,Roberto Firmino,Pass
56371,38,SavedShot,0.954000015,0.479000015,0.597194016,Christian Benteke,a,606,OpenPlay,2015,RightFoot,110,Arsenal,Liverpool,0,0,24/08/2015 23:00,Roberto Firmino,Cross
56372,38,SavedShot,0.905,0.295,0.018941101,Roberto Firmino,a,482,FromCorner,2015,RightFoot,110,Arsenal,Liverpool,0,0,24/08/2015 23:00,,Aerial
56373,39,MissedShots,0.858000031,0.345999985,0.044583701,Roberto Firmino,a,482,FromCorner,2015,LeftFoot,110,Arsenal,Liverpool,0,0,24/08/2015 23:00,James Milner,Pass
56374,44,SavedShot,0.920999985,0.705,0.023064701,Philippe Coutinho,a,488,OpenPlay,2015,RightFoot,110,Arsenal,Liverpool,0,0,24/08/2015 23:00,Christian Benteke,Aerial
56379,60,SavedShot,0.730999985,0.51,0.0221084,Philippe Coutinho,a,488,OpenPlay,2015,RightFoot,110,Arsenal,Liverpool,0,0,24/08/2015 23:00,Lucas Leiva,Pass
56385,70,SavedShot,0.760999985,0.605,0.039917599,James Milner,a,489,OpenPlay,2015,LeftFoot,110,Arsenal,Liverpool,0,0,24/08/2015 23:00,Emre Can,Pass
56387,72,MissedShots,0.719000015,0.539000015,0.0121414,Christian Benteke,a,606,OpenPlay,2015,LeftFoot,110,Arsenal,Liverpool,0,0,24/08/2015 23:00,,None
56388,80,SavedShot,0.901999969,0.696999969,0.055675801,Philippe Coutinho,a,488,OpenPlay,2015,LeftFoot,110,Arsenal,Liverpool,0,0,24/08/2015 23:00,Joseph Gomez,Pass
57626,12,MissedShots,0.861999969,0.277000008,0.031969398,Moussa Sissoko,h,772,OpenPlay,2015,RightFoot,111,Newcastle United,Arsenal,0,1,29/08/2015 15:45,Georginio Wijnaldum,Pass
57638,51,OwnGoal,0.053000002,0.537999992,0,Fabricio Coloccini,h,941,OpenPlay,2015,RightFoot,111,Newcastle United,Arsenal,0,1,29/08/2015 15:45,,None
57624,5,BlockedShot,0.795,0.242999992,0.0202283,Alex Oxlade-Chamberlain,a,966,OpenPlay,2015,RightFoot,111,Newcastle United,Arsenal,0,1,29/08/2015 15:45,Santiago Cazorla,Pass
57625,8,SavedShot,0.924000015,0.389000015,0.360505998,Theo Walcott,a,503,OpenPlay,2015,RightFoot,111,Newcastle United,Arsenal,0,1,29/08/2015 15:45,Héctor Bellerín,Pass
57627,17,MissedShots,0.569000015,0.658000031,0.00878519,Alexis Sánchez,a,498,OpenPlay,2015,RightFoot,111,Newcastle United,Arsenal,0,1,29/08/2015 15:45,Santiago Cazorla,Pass
57628,20,BlockedShot,0.728000031,0.535999985,0.0499628,Alexis Sánchez,a,498,DirectFreekick,2015,RightFoot,111,Newcastle United,Arsenal,0,1,29/08/2015 15:45,,Standard
57629,31,SavedShot,0.756999969,0.402999992,0.0242595,Alexis Sánchez,a,498,OpenPlay,2015,RightFoot,111,Newcastle United,Arsenal,0,1,29/08/2015 15:45,Santiago Cazorla,Pass
57630,31,MissedShots,0.96,0.562999992,0.578059971,Theo Walcott,a,503,OpenPlay,2015,RightFoot,111,Newcastle United,Arsenal,0,1,29/08/2015 15:45,,Rebound
57631,36,BlockedShot,0.843000031,0.47,0.090149298,Aaron Ramsey,a,504,OpenPlay,2015,RightFoot,111,Newcastle United,Arsenal,0,1,29/08/2015 15:45,Héctor Bellerín,Pass
57632,37,MissedShots,0.759000015,0.472000008,0.018388901,Francis Coquelin,a,497,FromCorner,2015,RightFoot,111,Newcastle United,Arsenal,0,1,29/08/2015 15:45,,None
57633,38,MissedShots,0.945,0.442999992,0.122643001,Theo Walcott,a,503,OpenPlay,2015,RightFoot,111,Newcastle United,Arsenal,0,1,29/08/2015 15:45,Alexis Sánchez,Cross
57634,44,BlockedShot,0.843000031,0.36,0.0571776,Alexis Sánchez,a,498,OpenPlay,2015,RightFoot,111,Newcastle United,Arsenal,0,1,29/08/2015 15:45,Aaron Ramsey,Pass
57635,51,BlockedShot,0.836999969,0.59,0.069816001,Santiago Cazorla,a,965,OpenPlay,2015,RightFoot,111,Newcastle United,Arsenal,0,1,29/08/2015 15:45,Laurent Koscielny,Pass
57636,51,SavedShot,0.809000015,0.464000015,0.038417999,Aaron Ramsey,a,504,OpenPlay,2015,RightFoot,111,Newcastle United,Arsenal,0,1,29/08/2015 15:45,,Rebound
57637,51,MissedShots,0.91,0.287999992,0.036393501,Alex Oxlade-Chamberlain,a,966,OpenPlay,2015,RightFoot,111,Newcastle United,Arsenal,0,1,29/08/2015 15:45,,Rebound
57639,57,SavedShot,0.929000015,0.595999985,0.136190996,Alexis Sánchez,a,498,OpenPlay,2015,LeftFoot,111,Newcastle United,Arsenal,0,1,29/08/2015 15:45,Aaron Ramsey,Pass
57640,65,SavedShot,0.88,0.306000004,0.048815001,Santiago Cazorla,a,965,OpenPlay,2015,LeftFoot,111,Newcastle United,Arsenal,0,1,29/08/2015 15:45,Aaron Ramsey,Pass
57641,71,MissedShots,0.858000031,0.77,0.0250553,Olivier Giroud,a,502,OpenPlay,2015,LeftFoot,111,Newcastle United,Arsenal,0,1,29/08/2015 15:45,Alexis Sánchez,Chipped
57642,75,BlockedShot,0.969000015,0.617999992,0.063771598,Alexis Sánchez,a,498,FromCorner,2015,LeftFoot,111,Newcastle United,Arsenal,0,1,29/08/2015 15:45,Olivier Giroud,Pass
57643,76,SavedShot,0.845999985,0.609000015,0.074702397,Olivier Giroud,a,502,OpenPlay,2015,LeftFoot,111,Newcastle United,Arsenal,0,1,29/08/2015 15:45,Nacho Monreal,Pass
57644,86,SavedShot,0.715999985,0.505999985,0.0445133,Santiago Cazorla,a,965,DirectFreekick,2015,RightFoot,111,Newcastle United,Arsenal,0,1,29/08/2015 15:45,,Standard
57645,88,BlockedShot,0.815,0.668000031,0.0423913,Alexis Sánchez,a,498,OpenPlay,2015,RightFoot,111,Newcastle United,Arsenal,0,1,29/08/2015 15:45,Aaron Ramsey,Pass
57646,88,SavedShot,0.84,0.658000031,0.032427698,Nacho Monreal,a,495,FromCorner,2015,LeftFoot,111,Newcastle United,Arsenal,0,1,29/08/2015 15:45,Santiago Cazorla,Cross
57647,92,SavedShot,0.89,0.427999992,0.417367995,Olivier Giroud,a,502,OpenPlay,2015,LeftFoot,111,Newcastle United,Arsenal,0,1,29/08/2015 15:45,Aaron Ramsey,Throughball
57701,2,MissedShots,0.941999969,0.273999996,0.043979399,Xherdan Shaqiri,h,888,FromCorner,2015,LeftFoot,112,Stoke,West Bromwich Albion,0,1,29/08/2015 18:00,Ibrahim Afellay,Pass
57702,5,MissedShots,0.809000015,0.808000031,0.00959172,Charlie Adam,h,873,OpenPlay,2015,LeftFoot,112,Stoke,West Bromwich Albion,0,1,29/08/2015 18:00,Ibrahim Afellay,TakeOn
57703,10,SavedShot,0.898000031,0.560999985,0.062105101,Mame Biram Diouf,h,868,OpenPlay,2015,Head,112,Stoke,West Bromwich Albion,0,1,29/08/2015 18:00,Charlie Adam,Cross
57704,14,SavedShot,0.703000031,0.412000008,0.036925498,Charlie Adam,h,873,DirectFreekick,2015,LeftFoot,112,Stoke,West Bromwich Albion,0,1,29/08/2015 18:00,,Standard
57706,27,BlockedShot,0.964000015,0.535999985,0.864556015,Mame Biram Diouf,h,868,OpenPlay,2015,Head,112,Stoke,West Bromwich Albion,0,1,29/08/2015 18:00,,TakeOn
57707,28,BlockedShot,0.806999969,0.400999985,0.0277867,Xherdan Shaqiri,h,888,FromCorner,2015,RightFoot,112,Stoke,West Bromwich Albion,0,1,29/08/2015 18:00,,None
57715,47,MissedShots,0.76,0.369000015,0.0148577,Glen Johnson,h,944,OpenPlay,2015,RightFoot,112,Stoke,West Bromwich Albion,0,1,29/08/2015 18:00,Glenn Whelan,TakeOn
57717,56,MissedShots,0.810999985,0.28,0.0252115,Xherdan Shaqiri,h,888,OpenPlay,2015,LeftFoot,112,Stoke,West Bromwich Albion,0,1,29/08/2015 18:00,Marc Muniesa,Pass
57720,70,SavedShot,0.678000031,0.555999985,0.0120467,Erik Pieters,h,887,OpenPlay,2015,LeftFoot,112,Stoke,West Bromwich Albion,0,1,29/08/2015 18:00,Glenn Whelan,Pass
57721,73,SavedShot,0.783000031,0.286000004,0.0204482,Marko Arnautovic,h,865,OpenPlay,2015,RightFoot,112,Stoke,West Bromwich Albion,0,1,29/08/2015 18:00,Geoff Cameron,Pass
57725,81,BlockedShot,0.774000015,0.47,0.0291008,Geoff Cameron,h,859,OpenPlay,2015,LeftFoot,112,Stoke,West Bromwich Albion,0,1,29/08/2015 18:00,Marko Arnautovic,Pass
57727,92,BlockedShot,0.740999985,0.490999985,0.058504701,Marko Arnautovic,h,865,DirectFreekick,2015,RightFoot,112,Stoke,West Bromwich Albion,0,1,29/08/2015 18:00,,Standard
57728,93,MissedShots,0.748000031,0.372000008,0.013375,Marko Arnautovic,h,865,SetPiece,2015,RightFoot,112,Stoke,West Bromwich Albion,0,1,29/08/2015 18:00,,Rebound
57705,23,SavedShot,0.875,0.625,0.064304098,James Morrison,a,990,OpenPlay,2015,RightFoot,112,Stoke,West Bromwich Albion,0,1,29/08/2015 18:00,,None
57708,37,MissedShots,0.889000015,0.485,0.040184401,Craig Gardner,a,812,OpenPlay,2015,Head,112,Stoke,West Bromwich Albion,0,1,29/08/2015 18:00,,None
57709,38,SavedShot,0.711999969,0.320999985,0.0165297,Rickie Lambert,a,816,SetPiece,2015,RightFoot,112,Stoke,West Bromwich Albion,0,1,29/08/2015 18:00,James Morrison,Pass
57710,39,SavedShot,0.704000015,0.252999992,0.0133312,Craig Dawson,a,804,OpenPlay,2015,RightFoot,112,Stoke,West Bromwich Albion,0,1,29/08/2015 18:00,James Morrison,Pass
57711,43,MissedShots,0.869000015,0.430999985,0.0206728,Salomón Rondón,a,813,OpenPlay,2015,Head,112,Stoke,West Bromwich Albion,0,1,29/08/2015 18:00,James McClean,Cross
57712,46,BlockedShot,0.878000031,0.520999985,0.089535303,Salomón Rondón,a,813,OpenPlay,2015,LeftFoot,112,Stoke,West Bromwich Albion,0,1,29/08/2015 18:00,,None
57714,46,MissedShots,0.899000015,0.485,0.052496701,Salomón Rondón,a,813,OpenPlay,2015,Head,112,Stoke,West Bromwich Albion,0,1,29/08/2015 18:00,James Morrison,Aerial
57713,47,Goal,0.945999985,0.575,0.285869002,Salomón Rondón,a,813,OpenPlay,2015,Head,112,Stoke,West Bromwich Albion,0,1,29/08/2015 18:00,Rickie Lambert,Chipped
57716,55,BlockedShot,0.801999969,0.495999985,0.06019,Darren Fletcher,a,809,OpenPlay,2015,RightFoot,112,Stoke,West Bromwich Albion,0,1,29/08/2015 18:00,,None
57718,61,BlockedShot,0.884000015,0.390999985,0.067859903,Callum McManaman,a,880,OpenPlay,2015,RightFoot,112,Stoke,West Bromwich Albion,0,1,29/08/2015 18:00,James McClean,Cross
57719,65,MissedShots,0.81,0.365999985,0.030649301,James Morrison,a,990,SetPiece,2015,RightFoot,112,Stoke,West Bromwich Albion,0,1,29/08/2015 18:00,Callum McManaman,Pass
57722,74,SavedShot,0.761999969,0.744000015,0.0167404,James Morrison,a,990,OpenPlay,2015,RightFoot,112,Stoke,West Bromwich Albion,0,1,29/08/2015 18:00,Callum McManaman,Pass
57723,79,BlockedShot,0.718000031,0.472000008,0.0208272,Rickie Lambert,a,816,OpenPlay,2015,RightFoot,112,Stoke,West Bromwich Albion,0,1,29/08/2015 18:00,James Morrison,Pass
57724,79,MissedShots,0.879000015,0.641999969,0.079070702,Callum McManaman,a,880,OpenPlay,2015,RightFoot,112,Stoke,West Bromwich Albion,0,1,29/08/2015 18:00,James Morrison,Pass
57726,84,MissedShots,0.74,0.607000008,0.0229335,Cristian Gamboa,a,855,OpenPlay,2015,RightFoot,112,Stoke,West Bromwich Albion,0,1,29/08/2015 18:00,,BallRecovery
57367,10,Goal,0.885,0.5,0.761169016,Scott Sinclair,h,679,Penalty,2015,RightFoot,113,Aston Villa,Sunderland,2,2,29/08/2015 18:00,,Standard
57368,16,BlockedShot,0.896999969,0.634000015,0.096879497,Scott Sinclair,h,679,OpenPlay,2015,RightFoot,113,Aston Villa,Sunderland,2,2,29/08/2015 18:00,Idrissa Gueye,Pass
57369,16,MissedShots,0.843000031,0.337999992,0.042540699,Ashley Westwood,h,669,OpenPlay,2015,RightFoot,113,Aston Villa,Sunderland,2,2,29/08/2015 18:00,Alan Hutton,Pass
57370,19,MissedShots,0.916999969,0.39,0.077907696,Leandro Bacuna,h,674,OpenPlay,2015,RightFoot,113,Aston Villa,Sunderland,2,2,29/08/2015 18:00,Jordan Amavi,Cross
57371,24,MissedShots,0.788000031,0.55,0.037923701,Idrissa Gueye,h,668,OpenPlay,2015,RightFoot,113,Aston Villa,Sunderland,2,2,29/08/2015 18:00,Ciaran Clark,BallRecovery
57372,35,MissedShots,0.945999985,0.345,0.061848599,Carlos Sánchez,h,667,SetPiece,2015,LeftFoot,113,Aston Villa,Sunderland,2,2,29/08/2015 18:00,,None
57373,37,MissedShots,0.855999985,0.307000008,0.069300801,Leandro Bacuna,h,674,OpenPlay,2015,RightFoot,113,Aston Villa,Sunderland,2,2,29/08/2015 18:00,Alan Hutton,Pass
57374,38,SavedShot,0.820999985,0.534000015,0.066746801,Rudy Gestede,h,671,OpenPlay,2015,RightFoot,113,Aston Villa,Sunderland,2,2,29/08/2015 18:00,Idrissa Gueye,Pass
57375,40,Goal,0.958000031,0.500999985,0.620544016,Scott Sinclair,h,679,OpenPlay,2015,RightFoot,113,Aston Villa,Sunderland,2,2,29/08/2015 18:00,Jordan Amavi,Cross
57376,45,BlockedShot,0.8,0.282000008,0.0291129,Rudy Gestede,h,671,OpenPlay,2015,RightFoot,113,Aston Villa,Sunderland,2,2,29/08/2015 18:00,,None
57382,57,MissedShots,0.793000031,0.575,0.036431,Ashley Westwood,h,669,OpenPlay,2015,RightFoot,113,Aston Villa,Sunderland,2,2,29/08/2015 18:00,,None
57383,59,SavedShot,0.781999969,0.635,0.024165301,Leandro Bacuna,h,674,OpenPlay,2015,RightFoot,113,Aston Villa,Sunderland,2,2,29/08/2015 18:00,Idrissa Gueye,Pass
57384,62,BlockedShot,0.979000015,0.68,0.042899899,Jordan Amavi,h,961,OpenPlay,2015,RightFoot,113,Aston Villa,Sunderland,2,2,29/08/2015 18:00,Idrissa Gueye,TakeOn
57385,69,MissedShots,0.771999969,0.715,0.016478701,Idrissa Gueye,h,668,OpenPlay,2015,RightFoot,113,Aston Villa,Sunderland,2,2,29/08/2015 18:00,Jordan Amavi,Pass
57386,75,MissedShots,0.859000015,0.48,0.017838901,Rudy Gestede,h,671,OpenPlay,2015,Head,113,Aston Villa,Sunderland,2,2,29/08/2015 18:00,Jordan Amavi,Aerial
57387,80,MissedShots,0.764000015,0.700999985,0.0137144,Jordan Amavi,h,961,OpenPlay,2015,RightFoot,113,Aston Villa,Sunderland,2,2,29/08/2015 18:00,Idrissa Gueye,TakeOn
57388,80,SavedShot,0.845,0.52,0.104262002,Ashley Westwood,h,669,OpenPlay,2015,RightFoot,113,Aston Villa,Sunderland,2,2,29/08/2015 18:00,Rudy Gestede,LayOff
57389,82,SavedShot,0.853000031,0.492999992,0.015797099,Rudy Gestede,h,671,OpenPlay,2015,Head,113,Aston Villa,Sunderland,2,2,29/08/2015 18:00,Alan Hutton,Aerial
57390,84,MissedShots,0.835,0.34,0.041264299,Rudy Gestede,h,671,OpenPlay,2015,RightFoot,113,Aston Villa,Sunderland,2,2,29/08/2015 18:00,Ciaran Clark,Pass
57391,86,BlockedShot,0.899000015,0.660999985,0.082450204,Rudy Gestede,h,671,OpenPlay,2015,RightFoot,113,Aston Villa,Sunderland,2,2,29/08/2015 18:00,Ashley Westwood,Pass
57392,89,MissedShots,0.881999969,0.487000008,0.0147822,Micah Richards,h,665,FromCorner,2015,Head,113,Aston Villa,Sunderland,2,2,29/08/2015 18:00,Ashley Westwood,Aerial
57366,7,Goal,0.774000015,0.345,0.063522503,Yann M&#039;Vila,a,732,DirectFreekick,2015,RightFoot,113,Aston Villa,Sunderland,2,2,29/08/2015 18:00,,Standard
57377,48,SavedShot,0.886999969,0.402000008,0.0311675,Steven Fletcher,a,930,OpenPlay,2015,Head,113,Aston Villa,Sunderland,2,2,29/08/2015 18:00,Billy Jones,Cross
57378,50,MissedShots,0.741999969,0.402000008,0.0207035,Jermain Defoe,a,735,OpenPlay,2015,RightFoot,113,Aston Villa,Sunderland,2,2,29/08/2015 18:00,Ola Toivonen,HeadPass
57379,51,Goal,0.855999985,0.429000015,0.109862998,Jeremain Lens,a,781,OpenPlay,2015,LeftFoot,113,Aston Villa,Sunderland,2,2,29/08/2015 18:00,Ola Toivonen,TakeOn
57380,54,BlockedShot,0.916999969,0.315,0.082048699,Billy Jones,a,742,OpenPlay,2015,RightFoot,113,Aston Villa,Sunderland,2,2,29/08/2015 18:00,Jeremain Lens,TakeOn
57381,55,MissedShots,0.949000015,0.420999985,0.037782401,Steven Fletcher,a,930,FromCorner,2015,Head,113,Aston Villa,Sunderland,2,2,29/08/2015 18:00,Yann M&#039;Vila,Aerial
57393,93,MissedShots,0.799000015,0.625,0.02376,Jack Rodwell,a,733,FromCorner,2015,RightFoot,113,Aston Villa,Sunderland,2,2,29/08/2015 18:00,,End
57439,20,BlockedShot,0.800999985,0.720999985,0.0219157,Max Gradel,h,464,OpenPlay,2015,RightFoot,114,Bournemouth,Leicester,1,1,29/08/2015 18:00,Lee Tomlin,Pass
57440,23,BlockedShot,0.905999985,0.489000015,0.0479814,Max Gradel,h,464,OpenPlay,2015,Head,114,Bournemouth,Leicester,1,1,29/08/2015 18:00,,None
57441,23,Goal,0.921999969,0.544000015,0.144857004,Callum Wilson,h,468,OpenPlay,2015,RightFoot,114,Bournemouth,Leicester,1,1,29/08/2015 18:00,,Rebound
57442,33,SavedShot,0.824000015,0.674000015,0.096918501,Max Gradel,h,464,DirectFreekick,2015,RightFoot,114,Bournemouth,Leicester,1,1,29/08/2015 18:00,,Standard
57446,95,BlockedShot,0.764000015,0.693000031,0.0167091,Simon Francis,h,456,SetPiece,2015,RightFoot,114,Bournemouth,Leicester,1,1,29/08/2015 18:00,Lee Tomlin,Pass
57438,15,MissedShots,0.89,0.342000008,0.081821203,Jamie Vardy,a,755,OpenPlay,2015,LeftFoot,114,Bournemouth,Leicester,1,1,29/08/2015 18:00,Daniel Drinkwater,Pass
57443,68,SavedShot,0.925,0.718000031,0.044261102,Jeffrey Schlupp,a,757,OpenPlay,2015,LeftFoot,114,Bournemouth,Leicester,1,1,29/08/2015 18:00,N&#039;Golo Kanté,Pass
57444,82,MissedShots,0.910999985,0.751999969,0.031845901,Jeffrey Schlupp,a,757,OpenPlay,2015,LeftFoot,114,Bournemouth,Leicester,1,1,29/08/2015 18:00,Shinji Okazaki,Pass
57445,85,Goal,0.885,0.5,0.761169016,Jamie Vardy,a,755,Penalty,2015,RightFoot,114,Bournemouth,Leicester,1,1,29/08/2015 18:00,,Standard
57476,3,BlockedShot,0.873000031,0.375,0.078612201,Pedro,h,687,OpenPlay,2015,LeftFoot,115,Chelsea,Crystal Palace,1,2,29/08/2015 18:00,Willian,TakeOn
57477,3,MissedShots,0.790999985,0.245,0.0160648,Branislav Ivanovic,h,682,OpenPlay,2015,LeftFoot,115,Chelsea,Crystal Palace,1,2,29/08/2015 18:00,Eden Hazard,Rebound
57478,12,SavedShot,0.760999985,0.292999992,0.0153989,Cesc Fàbregas,h,686,OpenPlay,2015,RightFoot,115,Chelsea,Crystal Palace,1,2,29/08/2015 18:00,Nemanja Matic,Tackle
57479,14,MissedShots,0.78,0.709000015,0.016253401,Willian,h,700,OpenPlay,2015,RightFoot,115,Chelsea,Crystal Palace,1,2,29/08/2015 18:00,César Azpilicueta,Pass
57480,18,MissedShots,0.855999985,0.31,0.044834699,Pedro,h,687,OpenPlay,2015,LeftFoot,115,Chelsea,Crystal Palace,1,2,29/08/2015 18:00,Willian,Pass
57481,22,MissedShots,0.786999969,0.258999996,0.0166441,Willian,h,700,SetPiece,2015,RightFoot,115,Chelsea,Crystal Palace,1,2,29/08/2015 18:00,Nemanja Matic,Pass
57487,32,MissedShots,0.925999985,0.532999992,0.105443999,Gary Cahill,h,699,FromCorner,2015,Head,115,Chelsea,Crystal Palace,1,2,29/08/2015 18:00,Pedro,Cross
57488,33,MissedShots,0.749000015,0.470999985,0.0208806,Gary Cahill,h,699,OpenPlay,2015,RightFoot,115,Chelsea,Crystal Palace,1,2,29/08/2015 18:00,Eden Hazard,Pass
57489,35,BlockedShot,0.855999985,0.390999985,0.049599901,Willian,h,700,FromCorner,2015,LeftFoot,115,Chelsea,Crystal Palace,1,2,29/08/2015 18:00,,None
57490,41,SavedShot,0.92,0.24,0.0333138,Diego Costa,h,802,OpenPlay,2015,RightFoot,115,Chelsea,Crystal Palace,1,2,29/08/2015 18:00,Eden Hazard,Pass
57491,41,SavedShot,0.873000031,0.49,0.0915199,Cesc Fàbregas,h,686,OpenPlay,2015,RightFoot,115,Chelsea,Crystal Palace,1,2,29/08/2015 18:00,,Rebound
57492,42,SavedShot,0.864000015,0.582000008,0.105324,Nemanja Matic,h,697,OpenPlay,2015,LeftFoot,115,Chelsea,Crystal Palace,1,2,29/08/2015 18:00,Pedro,TakeOn
57495,56,BlockedShot,0.88,0.685,0.050537001,Diego Costa,h,802,OpenPlay,2015,LeftFoot,115,Chelsea,Crystal Palace,1,2,29/08/2015 18:00,Eden Hazard,Pass
57496,61,BlockedShot,0.795,0.372000008,0.0223959,Branislav Ivanovic,h,682,SetPiece,2015,RightFoot,115,Chelsea,Crystal Palace,1,2,29/08/2015 18:00,,None
57497,61,BlockedShot,0.844000015,0.494000015,0.063931003,Kurt Zouma,h,935,SetPiece,2015,RightFoot,115,Chelsea,Crystal Palace,1,2,29/08/2015 18:00,,Rebound
57498,63,BlockedShot,0.863000031,0.665999985,0.0632203,Pedro,h,687,OpenPlay,2015,RightFoot,115,Chelsea,Crystal Palace,1,2,29/08/2015 18:00,Diego Costa,Pass
57499,63,BlockedShot,0.905999985,0.547000008,0.0206393,Gary Cahill,h,699,FromCorner,2015,Head,115,Chelsea,Crystal Palace,1,2,29/08/2015 18:00,Pedro,Aerial
57503,69,MissedShots,0.839000015,0.39,0.046872899,Eden Hazard,h,701,OpenPlay,2015,RightFoot,115,Chelsea,Crystal Palace,1,2,29/08/2015 18:00,Cesc Fàbregas,Pass
57506,78,Goal,0.939000015,0.462999992,0.127632007,Falcao,h,696,OpenPlay,2015,Head,115,Chelsea,Crystal Palace,1,2,29/08/2015 18:00,Pedro,Cross
57508,84,SavedShot,0.895999985,0.51,0.0663056,Falcao,h,696,OpenPlay,2015,Head,115,Chelsea,Crystal Palace,1,2,29/08/2015 18:00,Pedro,Cross
57509,84,SavedShot,0.713000031,0.51,0.016003599,Kenedy,h,689,OpenPlay,2015,LeftFoot,115,Chelsea,Crystal Palace,1,2,29/08/2015 18:00,Ruben Loftus-Cheek,Pass
57510,87,MissedShots,0.771999969,0.385,0.0231406,Falcao,h,696,OpenPlay,2015,RightFoot,115,Chelsea,Crystal Palace,1,2,29/08/2015 18:00,Kenedy,Pass
57511,88,BlockedShot,0.884000015,0.455999985,0.078202702,Branislav Ivanovic,h,682,SetPiece,2015,RightFoot,115,Chelsea,Crystal Palace,1,2,29/08/2015 18:00,,None
57512,89,SavedShot,0.795999985,0.748000031,0.0164643,Cesc Fàbregas,h,686,OpenPlay,2015,RightFoot,115,Chelsea,Crystal Palace,1,2,29/08/2015 18:00,Kenedy,Pass
57513,91,MissedShots,0.910999985,0.357999992,0.0278737,Pedro,h,687,OpenPlay,2015,RightFoot,115,Chelsea,Crystal Palace,1,2,29/08/2015 18:00,,Aerial
57514,91,BlockedShot,0.861999969,0.495999985,0.0696413,Cesc Fàbregas,h,686,OpenPlay,2015,RightFoot,115,Chelsea,Crystal Palace,1,2,29/08/2015 18:00,,Rebound
57482,24,SavedShot,0.858000031,0.765999985,0.0255956,Bakary Sako,a,520,OpenPlay,2015,LeftFoot,115,Chelsea,Crystal Palace,1,2,29/08/2015 18:00,Wilfried Zaha,Pass
57483,25,MissedShots,0.815999985,0.307000008,0.0149881,Yohan Cabaye,a,516,FromCorner,2015,RightFoot,115,Chelsea,Crystal Palace,1,2,29/08/2015 18:00,,Aerial
57484,28,SavedShot,0.848000031,0.46,0.325881988,Yohan Cabaye,a,516,OpenPlay,2015,RightFoot,115,Chelsea,Crystal Palace,1,2,29/08/2015 18:00,Wilfried Zaha,Pass
57485,28,BlockedShot,0.858000031,0.452000008,0.070708297,Yohan Cabaye,a,516,OpenPlay,2015,LeftFoot,115,Chelsea,Crystal Palace,1,2,29/08/2015 18:00,,Rebound
57486,30,MissedShots,0.754000015,0.711999969,0.0177633,Bakary Sako,a,520,OpenPlay,2015,LeftFoot,115,Chelsea,Crystal Palace,1,2,29/08/2015 18:00,James McArthur,Pass
57493,52,MissedShots,0.93,0.457999992,0.118888997,Connor Wickham,a,519,OpenPlay,2015,LeftFoot,115,Chelsea,Crystal Palace,1,2,29/08/2015 18:00,Bakary Sako,Cross
57494,54,SavedShot,0.776999969,0.655999985,0.0229015,Bakary Sako,a,520,OpenPlay,2015,RightFoot,115,Chelsea,Crystal Palace,1,2,29/08/2015 18:00,Jason Puncheon,Pass
57500,64,BlockedShot,0.86,0.477999992,0.081762902,Bakary Sako,a,520,OpenPlay,2015,LeftFoot,115,Chelsea,Crystal Palace,1,2,29/08/2015 18:00,Yannick Bolasie,Goal
57501,64,Goal,0.903000031,0.495,0.473241001,Bakary Sako,a,520,OpenPlay,2015,RightFoot,115,Chelsea,Crystal Palace,1,2,29/08/2015 18:00,,None
57502,68,MissedShots,0.861999969,0.474000015,0.078756303,Jason Puncheon,a,514,OpenPlay,2015,RightFoot,115,Chelsea,Crystal Palace,1,2,29/08/2015 18:00,Pape Souaré,Cross
57504,73,MissedShots,0.936999969,0.575,0.354171991,Yannick Bolasie,a,518,OpenPlay,2015,LeftFoot,115,Chelsea,Crystal Palace,1,2,29/08/2015 18:00,Bakary Sako,Cross
57505,74,MissedShots,0.815999985,0.72,0.0312039,Yannick Bolasie,a,518,OpenPlay,2015,RightFoot,115,Chelsea,Crystal Palace,1,2,29/08/2015 18:00,James McArthur,Pass
57507,80,Goal,0.958000031,0.512999992,0.600004971,Joel Ward,a,510,OpenPlay,2015,Head,115,Chelsea,Crystal Palace,1,2,29/08/2015 18:00,Bakary Sako,Pass
57541,6,MissedShots,0.763000031,0.698000031,0.017577101,Philippe Coutinho,h,488,OpenPlay,2015,RightFoot,116,Liverpool,West Ham,0,3,29/08/2015 18:00,James Milner,Pass
57542,8,ShotOnPost,0.725,0.517000008,0.0176911,Roberto Firmino,h,482,OpenPlay,2015,LeftFoot,116,Liverpool,West Ham,0,3,29/08/2015 18:00,Dejan Lovren,Pass
57544,24,MissedShots,0.708000031,0.464000015,0.0124465,Joseph Gomez,h,987,FromCorner,2015,RightFoot,116,Liverpool,West Ham,0,3,29/08/2015 18:00,,Aerial
57549,38,BlockedShot,0.861999969,0.54,0.093358599,Philippe Coutinho,h,488,OpenPlay,2015,RightFoot,116,Liverpool,West Ham,0,3,29/08/2015 18:00,Roberto Firmino,Pass
57550,49,MissedShots,0.729000015,0.374000015,0.0109687,Philippe Coutinho,h,488,OpenPlay,2015,RightFoot,116,Liverpool,West Ham,0,3,29/08/2015 18:00,Roberto Firmino,Pass
57551,50,BlockedShot,0.771999969,0.322999992,0.019689299,Roberto Firmino,h,482,OpenPlay,2015,RightFoot,116,Liverpool,West Ham,0,3,29/08/2015 18:00,Joseph Gomez,Pass
57552,54,SavedShot,0.678000031,0.740999985,0.00669089,Dejan Lovren,h,602,OpenPlay,2015,RightFoot,116,Liverpool,West Ham,0,3,29/08/2015 18:00,Alberto Moreno,Pass
57553,58,BlockedShot,0.821999969,0.470999985,0.041750502,Christian Benteke,h,606,OpenPlay,2015,RightFoot,116,Liverpool,West Ham,0,3,29/08/2015 18:00,James Milner,Chipped
57554,63,MissedShots,0.81,0.487999992,0.0516597,James Milner,h,489,OpenPlay,2015,RightFoot,116,Liverpool,West Ham,0,3,29/08/2015 18:00,Danny Ings,LayOff
57560,82,BlockedShot,0.930999985,0.407000008,0.070653997,James Milner,h,489,OpenPlay,2015,RightFoot,116,Liverpool,West Ham,0,3,29/08/2015 18:00,Jordon Ibe,Cross
57561,82,MissedShots,0.965999985,0.42,0.113545001,Dejan Lovren,h,602,FromCorner,2015,RightFoot,116,Liverpool,West Ham,0,3,29/08/2015 18:00,Christian Benteke,HeadPass
57563,93,MissedShots,0.915,0.505999985,0.073926598,Christian Benteke,h,606,OpenPlay,2015,Head,116,Liverpool,West Ham,0,3,29/08/2015 18:00,James Milner,Chipped
57564,94,BlockedShot,0.795,0.622999992,0.031778499,Danny Ings,h,986,OpenPlay,2015,RightFoot,116,Liverpool,West Ham,0,3,29/08/2015 18:00,Lucas Leiva,Pass
57540,2,Goal,0.92,0.427000008,0.421297014,Manuel Lanzini,a,535,OpenPlay,2015,RightFoot,116,Liverpool,West Ham,0,3,29/08/2015 18:00,Aaron Cresswell,Pass
57543,15,MissedShots,0.789000015,0.477000008,0.050177,Manuel Lanzini,a,535,OpenPlay,2015,RightFoot,116,Liverpool,West Ham,0,3,29/08/2015 18:00,Dimitri Payet,Pass
57545,25,BlockedShot,0.855,0.696999969,0.052996401,Cheikhou Kouyaté,a,532,OpenPlay,2015,RightFoot,116,Liverpool,West Ham,0,3,29/08/2015 18:00,Dimitri Payet,Pass
57546,25,MissedShots,0.841999969,0.53,0.074572198,Aaron Cresswell,a,534,OpenPlay,2015,RightFoot,116,Liverpool,West Ham,0,3,29/08/2015 18:00,,Rebound
57547,28,Goal,0.845999985,0.515,0.087927498,Mark Noble,a,533,OpenPlay,2015,RightFoot,116,Liverpool,West Ham,0,3,29/08/2015 18:00,,None
57548,35,MissedShots,0.775,0.560999985,0.0123888,Mark Noble,a,533,SetPiece,2015,RightFoot,116,Liverpool,West Ham,0,3,29/08/2015 18:00,,Aerial
57555,70,BlockedShot,0.831999969,0.252999992,0.023784,Cheikhou Kouyaté,a,532,OpenPlay,2015,RightFoot,116,Liverpool,West Ham,0,3,29/08/2015 18:00,,None
57556,70,SavedShot,0.735999985,0.427999992,0.017568,Cheikhou Kouyaté,a,532,OpenPlay,2015,RightFoot,116,Liverpool,West Ham,0,3,29/08/2015 18:00,,None
57557,75,SavedShot,0.95,0.700999985,0.080383003,Aaron Cresswell,a,534,OpenPlay,2015,LeftFoot,116,Liverpool,West Ham,0,3,29/08/2015 18:00,Mark Noble,TakeOn
57558,76,BlockedShot,0.784000015,0.252000008,0.023029299,Manuel Lanzini,a,535,FromCorner,2015,RightFoot,116,Liverpool,West Ham,0,3,29/08/2015 18:00,Aaron Cresswell,Pass
57559,76,MissedShots,0.921999969,0.47,0.0449761,Winston Reid,a,529,FromCorner,2015,Head,116,Liverpool,West Ham,0,3,29/08/2015 18:00,Dimitri Payet,Aerial
57562,91,Goal,0.861999969,0.429000015,0.087022997,Diafra Sakho,a,656,OpenPlay,2015,LeftFoot,116,Liverpool,West Ham,0,3,29/08/2015 18:00,,None
57588,8,BlockedShot,0.819000015,0.342000008,0.034906,Sergio Agüero,h,619,OpenPlay,2015,RightFoot,117,Manchester City,Watford,2,0,29/08/2015 18:00,Fernandinho,Pass
57591,20,MissedShots,0.758000031,0.271000004,0.041718401,Aleksandar Kolarov,h,621,DirectFreekick,2015,LeftFoot,117,Manchester City,Watford,2,0,29/08/2015 18:00,,Standard
57592,23,BlockedShot,0.884000015,0.617999992,0.097480103,Raheem Sterling,h,618,OpenPlay,2015,LeftFoot,117,Manchester City,Watford,2,0,29/08/2015 18:00,Yaya Touré,Pass
57593,26,SavedShot,0.944000015,0.302000008,0.047442399,Bacary Sagna,h,625,FromCorner,2015,RightFoot,117,Manchester City,Watford,2,0,29/08/2015 18:00,Vincent Kompany,Pass
57594,26,SavedShot,0.899000015,0.629000015,0.152086005,Raheem Sterling,h,618,OpenPlay,2015,LeftFoot,117,Manchester City,Watford,2,0,29/08/2015 18:00,Fernandinho,TakeOn
57595,33,BlockedShot,0.865,0.313999996,0.047517698,Sergio Agüero,h,619,OpenPlay,2015,RightFoot,117,Manchester City,Watford,2,0,29/08/2015 18:00,David Silva,Pass
57596,38,MissedShots,0.815,0.464000015,0.065573201,Sergio Agüero,h,619,OpenPlay,2015,RightFoot,117,Manchester City,Watford,2,0,29/08/2015 18:00,Fernandinho,Pass
57597,43,MissedShots,0.875,0.272000008,0.034325499,Jesús Navas,h,616,OpenPlay,2015,LeftFoot,117,Manchester City,Watford,2,0,29/08/2015 18:00,Yaya Touré,Pass
57598,46,Goal,0.945999985,0.467999992,0.538040996,Raheem Sterling,h,618,OpenPlay,2015,RightFoot,117,Manchester City,Watford,2,0,29/08/2015 18:00,Bacary Sagna,Cross
57599,55,BlockedShot,0.770999985,0.62,0.0692292,Yaya Touré,h,878,DirectFreekick,2015,RightFoot,117,Manchester City,Watford,2,0,29/08/2015 18:00,,Standard
57600,55,Goal,0.925,0.286000004,0.034077998,Fernandinho,h,614,SetPiece,2015,RightFoot,117,Manchester City,Watford,2,0,29/08/2015 18:00,David Silva,Pass
57601,57,MissedShots,0.865999985,0.474000015,0.127239004,Sergio Agüero,h,619,OpenPlay,2015,RightFoot,117,Manchester City,Watford,2,0,29/08/2015 18:00,Raheem Sterling,Pass
57602,60,MissedShots,0.632000008,0.629000015,0.0115277,Aleksandar Kolarov,h,621,OpenPlay,2015,LeftFoot,117,Manchester City,Watford,2,0,29/08/2015 18:00,David Silva,Pass
57603,63,MissedShots,0.758000031,0.382999992,0.0605909,David Silva,h,617,DirectFreekick,2015,LeftFoot,117,Manchester City,Watford,2,0,29/08/2015 18:00,,Standard
57605,67,MissedShots,0.809000015,0.579000015,0.058810402,Yaya Touré,h,878,OpenPlay,2015,RightFoot,117,Manchester City,Watford,2,0,29/08/2015 18:00,Raheem Sterling,Pass
57607,75,MissedShots,0.821999969,0.460999985,0.068012901,Yaya Touré,h,878,OpenPlay,2015,LeftFoot,117,Manchester City,Watford,2,0,29/08/2015 18:00,Aleksandar Kolarov,Cross
57608,86,BlockedShot,0.734000015,0.397999992,0.0176064,Yaya Touré,h,878,OpenPlay,2015,RightFoot,117,Manchester City,Watford,2,0,29/08/2015 18:00,Samir Nasri,Pass
57609,87,SavedShot,0.770999985,0.715,0.0227671,Samir Nasri,h,877,OpenPlay,2015,RightFoot,117,Manchester City,Watford,2,0,29/08/2015 18:00,Raheem Sterling,LayOff
57589,13,BlockedShot,0.910999985,0.555999985,0.101576,Craig Cathcart,a,581,FromCorner,2015,RightFoot,117,Manchester City,Watford,2,0,29/08/2015 18:00,,None
57590,13,BlockedShot,0.910999985,0.594000015,0.093637101,Sebastian Prödl,a,566,FromCorner,2015,RightFoot,117,Manchester City,Watford,2,0,29/08/2015 18:00,,Rebound
57604,66,BlockedShot,0.851999969,0.595999985,0.075541802,Ikechi Anya,a,577,OpenPlay,2015,RightFoot,117,Manchester City,Watford,2,0,29/08/2015 18:00,Jurado,Pass
57606,72,MissedShots,0.651999969,0.377000008,0.00802534,Etienne Capoue,a,572,OpenPlay,2015,RightFoot,117,Manchester City,Watford,2,0,29/08/2015 18:00,Valon Behrami,Pass
57610,87,MissedShots,0.751999969,0.455,0.020483401,Miguel Layún,a,1016,OpenPlay,2015,RightFoot,117,Manchester City,Watford,2,0,29/08/2015 18:00,Jurado,Pass
57611,90,BlockedShot,0.733000031,0.545,0.0123792,Ikechi Anya,a,577,OpenPlay,2015,RightFoot,117,Manchester City,Watford,2,0,29/08/2015 18:00,José Holebas,TakeOn
57612,91,BlockedShot,0.75,0.569000015,0.061470799,Miguel Layún,a,1016,DirectFreekick,2015,RightFoot,117,Manchester City,Watford,2,0,29/08/2015 18:00,,Standard
57749,4,BlockedShot,0.714000015,0.515,0.0142627,Eric Dier,h,643,OpenPlay,2015,LeftFoot,118,Tottenham,Everton,0,0,29/08/2015 20:30,Ryan Mason,Pass
57750,9,MissedShots,0.749000015,0.577999992,0.023351001,Harry Kane,h,647,OpenPlay,2015,RightFoot,118,Tottenham,Everton,0,0,29/08/2015 20:30,Mousa Dembélé,Pass
57751,13,MissedShots,0.82,0.650999985,0.033964999,Nabil Bentaleb,h,914,OpenPlay,2015,LeftFoot,118,Tottenham,Everton,0,0,29/08/2015 20:30,Nacer Chadli,Pass
57753,17,BlockedShot,0.868000031,0.532999992,0.10994,Ryan Mason,h,649,OpenPlay,2015,RightFoot,118,Tottenham,Everton,0,0,29/08/2015 20:30,Danny Rose,Pass
57754,18,BlockedShot,0.91,0.257999992,0.036346499,Ryan Mason,h,649,OpenPlay,2015,RightFoot,118,Tottenham,Everton,0,0,29/08/2015 20:30,Nacer Chadli,Pass
57755,19,MissedShots,0.698000031,0.567000008,0.0128766,Harry Kane,h,647,OpenPlay,2015,RightFoot,118,Tottenham,Everton,0,0,29/08/2015 20:30,Nabil Bentaleb,Pass
57757,22,SavedShot,0.855999985,0.412000008,0.471763998,Harry Kane,h,647,OpenPlay,2015,RightFoot,118,Tottenham,Everton,0,0,29/08/2015 20:30,Ryan Mason,Throughball
57758,27,SavedShot,0.933000031,0.645999985,0.280043989,Ryan Mason,h,649,OpenPlay,2015,LeftFoot,118,Tottenham,Everton,0,0,29/08/2015 20:30,Nacer Chadli,Pass
57759,29,SavedShot,0.728000031,0.799000015,0.00968848,Nabil Bentaleb,h,914,OpenPlay,2015,LeftFoot,118,Tottenham,Everton,0,0,29/08/2015 20:30,Harry Kane,Pass
57760,32,SavedShot,0.919000015,0.512000008,0.044762101,Toby Alderweireld,h,639,FromCorner,2015,Head,118,Tottenham,Everton,0,0,29/08/2015 20:30,Ryan Mason,Aerial
57762,45,BlockedShot,0.806999969,0.464000015,0.0479334,Nacer Chadli,h,648,OpenPlay,2015,RightFoot,118,Tottenham,Everton,0,0,29/08/2015 20:30,Mousa Dembélé,Pass
57763,49,MissedShots,0.811999969,0.49,0.059870299,Nacer Chadli,h,648,OpenPlay,2015,RightFoot,118,Tottenham,Everton,0,0,29/08/2015 20:30,Harry Kane,LayOff
57764,54,SavedShot,0.903000031,0.46,0.456142008,Ryan Mason,h,649,OpenPlay,2015,LeftFoot,118,Tottenham,Everton,0,0,29/08/2015 20:30,Dele Alli,Pass
57766,57,SavedShot,0.928000031,0.327999992,0.058664199,Dele Alli,h,645,OpenPlay,2015,LeftFoot,118,Tottenham,Everton,0,0,29/08/2015 20:30,,None
57767,64,BlockedShot,0.725,0.425,0.018497201,Harry Kane,h,647,OpenPlay,2015,RightFoot,118,Tottenham,Everton,0,0,29/08/2015 20:30,Nabil Bentaleb,Pass
57768,65,BlockedShot,0.873000031,0.552000008,0.110487998,Harry Kane,h,647,OpenPlay,2015,RightFoot,118,Tottenham,Everton,0,0,29/08/2015 20:30,Nacer Chadli,Pass
57769,65,MissedShots,0.891999969,0.630999985,0.078894302,Nacer Chadli,h,648,OpenPlay,2015,RightFoot,118,Tottenham,Everton,0,0,29/08/2015 20:30,Harry Kane,Dispossessed
57770,69,MissedShots,0.835,0.419000015,0.086631604,Jan Vertonghen,h,640,OpenPlay,2015,LeftFoot,118,Tottenham,Everton,0,0,29/08/2015 20:30,,TakeOn
57771,71,MissedShots,0.82,0.291000004,0.021424299,Eric Dier,h,643,OpenPlay,2015,LeftFoot,118,Tottenham,Everton,0,0,29/08/2015 20:30,Nacer Chadli,Pass
57773,78,MissedShots,0.756999969,0.475999985,0.0236247,Danny Rose,h,641,OpenPlay,2015,LeftFoot,118,Tottenham,Everton,0,0,29/08/2015 20:30,Ryan Mason,Pass
57752,15,SavedShot,0.815999985,0.554000015,0.0498164,Tom Cleverley,a,596,OpenPlay,2015,RightFoot,118,Tottenham,Everton,0,0,29/08/2015 20:30,,None
57756,19,MissedShots,0.728000031,0.579000015,0.017358899,Ross Barkley,a,592,OpenPlay,2015,LeftFoot,118,Tottenham,Everton,0,0,29/08/2015 20:30,Romelu Lukaku,Pass
57761,39,SavedShot,0.798000031,0.695999985,0.0217466,Ross Barkley,a,592,OpenPlay,2015,RightFoot,118,Tottenham,Everton,0,0,29/08/2015 20:30,Tom Cleverley,Pass
57765,56,BlockedShot,0.913000031,0.522000008,0.104722001,Romelu Lukaku,a,594,OpenPlay,2015,Head,118,Tottenham,Everton,0,0,29/08/2015 20:30,Bryan Oviedo,Cross
57772,72,MissedShots,0.913000031,0.462999992,0.380048007,Arouna Koné,a,601,OpenPlay,2015,Head,118,Tottenham,Everton,0,0,29/08/2015 20:30,Bryan Oviedo,Aerial
57774,80,MissedShots,0.755999985,0.658000031,0.052596301,Kevin Mirallas,a,595,DirectFreekick,2015,RightFoot,118,Tottenham,Everton,0,0,29/08/2015 20:30,,Standard
57775,82,MissedShots,0.878000031,0.7,0.0410989,Ross Barkley,a,592,OpenPlay,2015,LeftFoot,118,Tottenham,Everton,0,0,29/08/2015 20:30,Bryan Oviedo,Pass
57776,93,SavedShot,0.875999985,0.405999985,0.027304601,Kevin Mirallas,a,595,SetPiece,2015,Head,118,Tottenham,Everton,0,0,29/08/2015 20:30,Gerard Deulofeu,Cross
57672,1,SavedShot,0.735,0.525999985,0.054307301,James Ward-Prowse,h,843,DirectFreekick,2015,RightFoot,119,Southampton,Norwich,3,0,30/08/2015 16:30,,Standard
57673,1,MissedShots,0.848000031,0.485,0.060199302,Oriol Romeu,h,842,FromCorner,2015,LeftFoot,119,Southampton,Norwich,3,0,30/08/2015 16:30,,None
57674,3,MissedShots,0.879000015,0.419000015,0.047055501,José Fonte,h,834,FromCorner,2015,LeftFoot,119,Southampton,Norwich,3,0,30/08/2015 16:30,Dusan Tadic,Cross
57675,8,MissedShots,0.928000031,0.550999985,0.044776,Graziano Pellè,h,841,FromCorner,2015,OtherBodyPart,119,Southampton,Norwich,3,0,30/08/2015 16:30,James Ward-Prowse,Aerial
57676,12,SavedShot,0.835,0.3,0.0332487,Sadio Mané,h,838,OpenPlay,2015,LeftFoot,119,Southampton,Norwich,3,0,30/08/2015 16:30,Steven Davis,Pass
57677,18,MissedShots,0.816999969,0.549000015,0.0343877,Graziano Pellè,h,841,OpenPlay,2015,RightFoot,119,Southampton,Norwich,3,0,30/08/2015 16:30,Sadio Mané,Cross
57680,25,MissedShots,0.924000015,0.525,0.136234,Graziano Pellè,h,841,OpenPlay,2015,Head,119,Southampton,Norwich,3,0,30/08/2015 16:30,Dusan Tadic,Cross
57681,29,MissedShots,0.888000031,0.709000015,0.0461918,Dusan Tadic,h,840,OpenPlay,2015,LeftFoot,119,Southampton,Norwich,3,0,30/08/2015 16:30,Graziano Pellè,HeadPass
57682,43,BlockedShot,0.761999969,0.627000008,0.022003399,Oriol Romeu,h,842,OpenPlay,2015,LeftFoot,119,Southampton,Norwich,3,0,30/08/2015 16:30,Steven Davis,LayOff
57683,45,Goal,0.95,0.420999985,0.494336009,Graziano Pellè,h,841,OpenPlay,2015,RightFoot,119,Southampton,Norwich,3,0,30/08/2015 16:30,Sadio Mané,Pass
57684,47,MissedShots,0.93,0.569000015,0.058052301,Graziano Pellè,h,841,OpenPlay,2015,Head,119,Southampton,Norwich,3,0,30/08/2015 16:30,Jay Rodriguez,Aerial
57685,51,BlockedShot,0.788000031,0.45,0.052374002,Jay Rodriguez,h,844,OpenPlay,2015,LeftFoot,119,Southampton,Norwich,3,0,30/08/2015 16:30,Sadio Mané,Chipped
57686,55,SavedShot,0.923000031,0.315,0.075357802,Sadio Mané,h,838,OpenPlay,2015,RightFoot,119,Southampton,Norwich,3,0,30/08/2015 16:30,,BallRecovery
57687,56,SavedShot,0.859000015,0.297000008,0.048200499,Jay Rodriguez,h,844,OpenPlay,2015,RightFoot,119,Southampton,Norwich,3,0,30/08/2015 16:30,Graziano Pellè,Chipped
57688,57,MissedShots,0.843000031,0.316000004,0.052949,Jay Rodriguez,h,844,OpenPlay,2015,RightFoot,119,Southampton,Norwich,3,0,30/08/2015 16:30,James Ward-Prowse,Pass
57689,58,MissedShots,0.790999985,0.432999992,0.050629299,Graziano Pellè,h,841,OpenPlay,2015,RightFoot,119,Southampton,Norwich,3,0,30/08/2015 16:30,Sadio Mané,Pass
57691,61,MissedShots,0.926999969,0.517999992,0.111895002,Graziano Pellè,h,841,FromCorner,2015,Head,119,Southampton,Norwich,3,0,30/08/2015 16:30,James Ward-Prowse,Cross
57692,63,Goal,0.905,0.605999985,0.301811993,Dusan Tadic,h,840,OpenPlay,2015,RightFoot,119,Southampton,Norwich,3,0,30/08/2015 16:30,Sadio Mané,Cross
57693,66,SavedShot,0.92,0.509000015,0.445785999,Graziano Pellè,h,841,OpenPlay,2015,Head,119,Southampton,Norwich,3,0,30/08/2015 16:30,Cédric Soares,Cross
57694,66,Goal,0.991999969,0.482000008,0.976413012,Dusan Tadic,h,840,OpenPlay,2015,LeftFoot,119,Southampton,Norwich,3,0,30/08/2015 16:30,,Rebound
57695,71,MissedShots,0.865,0.322000008,0.0742926,Jay Rodriguez,h,844,OpenPlay,2015,RightFoot,119,Southampton,Norwich,3,0,30/08/2015 16:30,Cédric Soares,Pass
57696,73,MissedShots,0.846999969,0.748000031,0.0251163,Jay Rodriguez,h,844,OpenPlay,2015,RightFoot,119,Southampton,Norwich,3,0,30/08/2015 16:30,Dusan Tadic,Pass
57697,80,MissedShots,0.751999969,0.695999985,0.0446679,James Ward-Prowse,h,843,DirectFreekick,2015,RightFoot,119,Southampton,Norwich,3,0,30/08/2015 16:30,,Standard
57678,19,MissedShots,0.936999969,0.505,0.497292995,Cameron Jerome,a,794,OpenPlay,2015,Head,119,Southampton,Norwich,3,0,30/08/2015 16:30,Graham Dorrans,Cross
57679,23,BlockedShot,0.753000031,0.400999985,0.024113599,Nathan Redmond,a,790,OpenPlay,2015,RightFoot,119,Southampton,Norwich,3,0,30/08/2015 16:30,Wes Hoolahan,Pass
57690,59,BlockedShot,0.918000031,0.6,0.035216201,Sebastien Bassong,a,821,FromCorner,2015,Head,119,Southampton,Norwich,3,0,30/08/2015 16:30,Robbie Brady,Cross
57698,84,MissedShots,0.731999969,0.350999985,0.0116405,Alexander Tettey,a,791,OpenPlay,2015,RightFoot,119,Southampton,Norwich,3,0,30/08/2015 16:30,Bradley Johnson,Pass
57699,92,SavedShot,0.748000031,0.404000015,0.0140284,Bradley Johnson,a,1011,OpenPlay,2015,LeftFoot,119,Southampton,Norwich,3,0,30/08/2015 16:30,Nathan Redmond,Pass
57700,92,MissedShots,0.87,0.422000008,0.057955399,Gary Hooper,a,1010,OpenPlay,2015,RightFoot,119,Southampton,Norwich,3,0,30/08/2015 16:30,,Rebound
57733,22,MissedShots,0.821999969,0.3,0.032221701,Bafétimbi Gomis,h,717,OpenPlay,2015,RightFoot,120,Swansea,Manchester United,2,1,30/08/2015 19:00,André Ayew,Chipped
57734,24,MissedShots,0.9,0.427000008,0.423891991,Gylfi Sigurdsson,h,714,SetPiece,2015,RightFoot,120,Swansea,Manchester United,2,1,30/08/2015 19:00,Bafétimbi Gomis,Pass
57735,25,SavedShot,0.749000015,0.370999985,0.0176211,Jonjo Shelvey,h,769,OpenPlay,2015,LeftFoot,120,Swansea,Manchester United,2,1,30/08/2015 19:00,,BallRecovery
57736,26,ShotOnPost,0.88,0.407999992,0.128364995,Bafétimbi Gomis,h,717,OpenPlay,2015,RightFoot,120,Swansea,Manchester United,2,1,30/08/2015 19:00,Jonjo Shelvey,TakeOn
57740,37,BlockedShot,0.815999985,0.464000015,0.065131903,Wayne Routledge,h,719,OpenPlay,2015,RightFoot,120,Swansea,Manchester United,2,1,30/08/2015 19:00,Gylfi Sigurdsson,Pass
57741,47,SavedShot,0.725999985,0.865999985,0.0241435,Jonjo Shelvey,h,769,DirectFreekick,2015,RightFoot,120,Swansea,Manchester United,2,1,30/08/2015 19:00,,Standard
57745,60,Goal,0.915,0.537999992,0.146430001,André Ayew,h,713,OpenPlay,2015,Head,120,Swansea,Manchester United,2,1,30/08/2015 19:00,Gylfi Sigurdsson,Cross
57746,62,MissedShots,0.788000031,0.308999996,0.0179199,Jonjo Shelvey,h,769,OpenPlay,2015,RightFoot,120,Swansea,Manchester United,2,1,30/08/2015 19:00,André Ayew,Pass
57747,65,Goal,0.935,0.334000015,0.115459003,Bafétimbi Gomis,h,717,OpenPlay,2015,RightFoot,120,Swansea,Manchester United,2,1,30/08/2015 19:00,André Ayew,Throughball
57729,0,BlockedShot,0.775,0.377000008,0.020953201,Morgan Schneiderlin,a,551,OpenPlay,2015,RightFoot,120,Swansea,Manchester United,2,1,30/08/2015 19:00,Juan Mata,Pass
57730,1,SavedShot,0.738000031,0.629000015,0.0477947,Memphis Depay,a,555,DirectFreekick,2015,RightFoot,120,Swansea,Manchester United,2,1,30/08/2015 19:00,,Standard
57731,2,MissedShots,0.771999969,0.47,0.0388695,Juan Mata,a,554,OpenPlay,2015,LeftFoot,120,Swansea,Manchester United,2,1,30/08/2015 19:00,Ander Herrera,LayOff
57732,20,MissedShots,0.905999985,0.387999992,0.110794,Juan Mata,a,554,OpenPlay,2015,LeftFoot,120,Swansea,Manchester United,2,1,30/08/2015 19:00,Ander Herrera,Pass
57737,29,MissedShots,0.92,0.445,0.101682,Wayne Rooney,a,629,OpenPlay,2015,RightFoot,120,Swansea,Manchester United,2,1,30/08/2015 19:00,Chris Smalling,HeadPass
57738,33,SavedShot,0.869000015,0.681999969,0.112962,Wayne Rooney,a,629,OpenPlay,2015,RightFoot,120,Swansea,Manchester United,2,1,30/08/2015 19:00,Ander Herrera,Throughball
57739,35,MissedShots,0.744000015,0.562999992,0.019566,Ander Herrera,a,552,OpenPlay,2015,LeftFoot,120,Swansea,Manchester United,2,1,30/08/2015 19:00,Morgan Schneiderlin,Pass
57742,47,Goal,0.974000015,0.445,0.570477009,Juan Mata,a,554,OpenPlay,2015,RightFoot,120,Swansea,Manchester United,2,1,30/08/2015 19:00,Luke Shaw,Cross
57743,53,MissedShots,0.935,0.41,0.051650301,Wayne Rooney,a,629,OpenPlay,2015,Head,120,Swansea,Manchester United,2,1,30/08/2015 19:00,Luke Shaw,Aerial
57744,59,SavedShot,0.93,0.664000015,0.132870004,Juan Mata,a,554,OpenPlay,2015,LeftFoot,120,Swansea,Manchester United,2,1,30/08/2015 19:00,Ander Herrera,Throughball
57748,73,MissedShots,0.914000015,0.552000008,0.073275603,Memphis Depay,a,555,OpenPlay,2015,Head,120,Swansea,Manchester United,2,1,30/08/2015 19:00,Ashley Young,Cross
57845,7,MissedShots,0.803000031,0.69,0.022810001,Ross Barkley,h,592,OpenPlay,2015,LeftFoot,121,Everton,Chelsea,3,1,12/09/2015 15:45,,None
57847,16,Goal,0.936999969,0.534000015,0.453049988,Steven Naismith,h,824,OpenPlay,2015,Head,121,Everton,Chelsea,3,1,12/09/2015 15:45,Brendan Galloway,Cross
57848,18,SavedShot,0.918000031,0.409000015,0.0805941,Arouna Koné,h,601,OpenPlay,2015,Head,121,Everton,Chelsea,3,1,12/09/2015 15:45,Seamus Coleman,Cross
57849,19,SavedShot,0.738000031,0.519000015,0.0226322,James McCarthy,h,589,FromCorner,2015,RightFoot,121,Everton,Chelsea,3,1,12/09/2015 15:45,Ross Barkley,Pass
57850,21,Goal,0.778000031,0.61,0.035429198,Steven Naismith,h,824,OpenPlay,2015,LeftFoot,121,Everton,Chelsea,3,1,12/09/2015 15:45,Ross Barkley,Pass
57861,46,MissedShots,0.908000031,0.407000008,0.034724001,Seamus Coleman,h,585,OpenPlay,2015,Head,121,Everton,Chelsea,3,1,12/09/2015 15:45,Steven Naismith,Aerial
57863,54,MissedShots,0.893000031,0.594000015,0.0218981,John Stones,h,586,FromCorner,2015,Head,121,Everton,Chelsea,3,1,12/09/2015 15:45,Ross Barkley,Cross
57864,57,SavedShot,0.869000015,0.658000031,0.131051004,Romelu Lukaku,h,594,OpenPlay,2015,LeftFoot,121,Everton,Chelsea,3,1,12/09/2015 15:45,Gareth Barry,Throughball
57866,61,MissedShots,0.960999985,0.297999992,0.057064202,Romelu Lukaku,h,594,OpenPlay,2015,RightFoot,121,Everton,Chelsea,3,1,12/09/2015 15:45,Arouna Koné,Pass
57867,62,SavedShot,0.855999985,0.756999969,0.033488601,Arouna Koné,h,601,OpenPlay,2015,RightFoot,121,Everton,Chelsea,3,1,12/09/2015 15:45,Steven Naismith,Pass
57868,67,SavedShot,0.861999969,0.375999985,0.094844699,Romelu Lukaku,h,594,OpenPlay,2015,RightFoot,121,Everton,Chelsea,3,1,12/09/2015 15:45,Steven Naismith,Pass
57869,74,MissedShots,0.780999985,0.227999992,0.016321599,Seamus Coleman,h,585,OpenPlay,2015,LeftFoot,121,Everton,Chelsea,3,1,12/09/2015 15:45,,None
57871,81,Goal,0.956999969,0.320999985,0.127103001,Steven Naismith,h,824,OpenPlay,2015,RightFoot,121,Everton,Chelsea,3,1,12/09/2015 15:45,Ross Barkley,Throughball
57873,85,SavedShot,0.740999985,0.629000015,0.049245398,Ross Barkley,h,592,DirectFreekick,2015,RightFoot,121,Everton,Chelsea,3,1,12/09/2015 15:45,,Standard
57846,10,MissedShots,0.86,0.465999985,0.046665601,Kurt Zouma,a,935,FromCorner,2015,RightFoot,121,Everton,Chelsea,3,1,12/09/2015 15:45,Cesc Fàbregas,Cross
57851,23,MissedShots,0.815,0.759000015,0.0188496,Pedro,a,687,OpenPlay,2015,RightFoot,121,Everton,Chelsea,3,1,12/09/2015 15:45,Nemanja Matic,Pass
57852,25,BlockedShot,0.911999969,0.699000015,0.087615699,César Azpilicueta,a,681,OpenPlay,2015,RightFoot,121,Everton,Chelsea,3,1,12/09/2015 15:45,John Terry,Throughball
57853,35,Goal,0.726999969,0.417000008,0.0133748,Nemanja Matic,a,697,OpenPlay,2015,LeftFoot,121,Everton,Chelsea,3,1,12/09/2015 15:45,John Obi Mikel,Pass
57854,37,BlockedShot,0.874000015,0.733000031,0.025513301,Eden Hazard,a,701,OpenPlay,2015,RightFoot,121,Everton,Chelsea,3,1,12/09/2015 15:45,Diego Costa,Pass
57855,38,MissedShots,0.92,0.527000008,0.103022002,John Terry,a,917,FromCorner,2015,Head,121,Everton,Chelsea,3,1,12/09/2015 15:45,Eden Hazard,Cross
57856,39,BlockedShot,0.708000031,0.385999985,0.013808,Nemanja Matic,a,697,OpenPlay,2015,LeftFoot,121,Everton,Chelsea,3,1,12/09/2015 15:45,Branislav Ivanovic,Pass
57857,41,BlockedShot,0.8,0.509000015,0.049531098,Diego Costa,a,802,OpenPlay,2015,RightFoot,121,Everton,Chelsea,3,1,12/09/2015 15:45,Cesc Fàbregas,Pass
57858,42,MissedShots,0.776999969,0.339000015,0.0169168,Eden Hazard,a,701,FromCorner,2015,RightFoot,121,Everton,Chelsea,3,1,12/09/2015 15:45,,None
57859,42,BlockedShot,0.889000015,0.474000015,0.102316,Branislav Ivanovic,a,682,FromCorner,2015,LeftFoot,121,Everton,Chelsea,3,1,12/09/2015 15:45,Eden Hazard,Rebound
57860,44,MissedShots,0.759000015,0.477999992,0.026066899,Pedro,a,687,OpenPlay,2015,RightFoot,121,Everton,Chelsea,3,1,12/09/2015 15:45,Eden Hazard,Pass
57862,50,BlockedShot,0.853000031,0.419000015,0.056905098,Kurt Zouma,a,935,OpenPlay,2015,LeftFoot,121,Everton,Chelsea,3,1,12/09/2015 15:45,,None
57865,59,MissedShots,0.849000015,0.739000015,0.0264112,Kenedy,a,689,OpenPlay,2015,RightFoot,121,Everton,Chelsea,3,1,12/09/2015 15:45,Cesc Fàbregas,Chipped
57870,79,BlockedShot,0.850999985,0.302999992,0.0410087,Nemanja Matic,a,697,OpenPlay,2015,RightFoot,121,Everton,Chelsea,3,1,12/09/2015 15:45,Kenedy,Pass
57872,84,SavedShot,0.951999969,0.392000008,0.029774001,Falcao,a,696,OpenPlay,2015,Head,121,Everton,Chelsea,3,1,12/09/2015 15:45,Eden Hazard,Chipped
57777,2,SavedShot,0.92,0.492999992,0.324090987,Alexis Sánchez,h,498,OpenPlay,2015,Head,122,Arsenal,Stoke,2,0,12/09/2015 18:00,Santiago Cazorla,Chipped
57778,2,MissedShots,0.949000015,0.479000015,0.634496987,Theo Walcott,h,503,OpenPlay,2015,RightFoot,122,Arsenal,Stoke,2,0,12/09/2015 18:00,,Rebound
57779,5,SavedShot,0.745999985,0.569000015,0.0587557,Alexis Sánchez,h,498,DirectFreekick,2015,RightFoot,122,Arsenal,Stoke,2,0,12/09/2015 18:00,,Standard
57780,7,ShotOnPost,0.806999969,0.676999969,0.030928601,Alexis Sánchez,h,498,OpenPlay,2015,RightFoot,122,Arsenal,Stoke,2,0,12/09/2015 18:00,Francis Coquelin,Pass
57781,7,MissedShots,0.92,0.497999992,0.365052998,Theo Walcott,h,503,OpenPlay,2015,Head,122,Arsenal,Stoke,2,0,12/09/2015 18:00,Héctor Bellerín,Cross
57782,9,BlockedShot,0.893000031,0.397999992,0.102899,Alexis Sánchez,h,498,OpenPlay,2015,RightFoot,122,Arsenal,Stoke,2,0,12/09/2015 18:00,Mesut Özil,Pass
57783,11,SavedShot,0.908000031,0.674000015,0.057655599,Theo Walcott,h,503,OpenPlay,2015,RightFoot,122,Arsenal,Stoke,2,0,12/09/2015 18:00,Laurent Koscielny,Chipped
57784,23,SavedShot,0.714000015,0.440999985,0.0117095,Laurent Koscielny,h,494,OpenPlay,2015,RightFoot,122,Arsenal,Stoke,2,0,12/09/2015 18:00,Mesut Özil,LayOff
57785,24,SavedShot,0.885999985,0.602000008,0.074464701,Santiago Cazorla,h,965,OpenPlay,2015,LeftFoot,122,Arsenal,Stoke,2,0,12/09/2015 18:00,,None
57786,29,BlockedShot,0.708000031,0.530999985,0.0139107,Francis Coquelin,h,497,OpenPlay,2015,LeftFoot,122,Arsenal,Stoke,2,0,12/09/2015 18:00,Alexis Sánchez,Pass
57787,30,Goal,0.855999985,0.475999985,0.292221993,Theo Walcott,h,503,OpenPlay,2015,RightFoot,122,Arsenal,Stoke,2,0,12/09/2015 18:00,Mesut Özil,Chipped
57788,32,MissedShots,0.944000015,0.360999985,0.0125951,Theo Walcott,h,503,FromCorner,2015,Head,122,Arsenal,Stoke,2,0,12/09/2015 18:00,Mesut Özil,Aerial
57791,36,MissedShots,0.769000015,0.385999985,0.0142136,Francis Coquelin,h,497,FromCorner,2015,LeftFoot,122,Arsenal,Stoke,2,0,12/09/2015 18:00,,Aerial
57792,53,BlockedShot,0.866999969,0.701999969,0.027938399,Alexis Sánchez,h,498,FromCorner,2015,RightFoot,122,Arsenal,Stoke,2,0,12/09/2015 18:00,Santiago Cazorla,Pass
57793,54,MissedShots,0.873000031,0.325999985,0.071099497,Aaron Ramsey,h,504,OpenPlay,2015,RightFoot,122,Arsenal,Stoke,2,0,12/09/2015 18:00,Mesut Özil,Pass
57798,65,SavedShot,0.92,0.474000015,0.393157005,Theo Walcott,h,503,OpenPlay,2015,RightFoot,122,Arsenal,Stoke,2,0,12/09/2015 18:00,Héctor Bellerín,Cross
57799,67,BlockedShot,0.895,0.725999985,0.0259471,Santiago Cazorla,h,965,FromCorner,2015,RightFoot,122,Arsenal,Stoke,2,0,12/09/2015 18:00,Mesut Özil,Pass
57800,67,MissedShots,0.915,0.335999985,0.0458478,Alexis Sánchez,h,498,FromCorner,2015,RightFoot,122,Arsenal,Stoke,2,0,12/09/2015 18:00,Laurent Koscielny,Pass
57801,68,SavedShot,0.944000015,0.664000015,0.339735001,Mesut Özil,h,499,OpenPlay,2015,LeftFoot,122,Arsenal,Stoke,2,0,12/09/2015 18:00,Santiago Cazorla,Throughball
57802,68,BlockedShot,0.835999985,0.695,0.0445242,Alexis Sánchez,h,498,OpenPlay,2015,RightFoot,122,Arsenal,Stoke,2,0,12/09/2015 18:00,Santiago Cazorla,Pass
57803,69,SavedShot,0.928000031,0.402000008,0.409583002,Theo Walcott,h,503,OpenPlay,2015,LeftFoot,122,Arsenal,Stoke,2,0,12/09/2015 18:00,Héctor Bellerín,Throughball
57805,72,BlockedShot,0.855,0.277000008,0.0299614,Aaron Ramsey,h,504,OpenPlay,2015,RightFoot,122,Arsenal,Stoke,2,0,12/09/2015 18:00,Mesut Özil,TakeOn
57806,72,BlockedShot,0.838000031,0.564000015,0.087645702,Santiago Cazorla,h,965,OpenPlay,2015,LeftFoot,122,Arsenal,Stoke,2,0,12/09/2015 18:00,Mesut Özil,Pass
57807,73,SavedShot,0.888000031,0.394000015,0.102647997,Theo Walcott,h,503,OpenPlay,2015,RightFoot,122,Arsenal,Stoke,2,0,12/09/2015 18:00,,Dispossessed
57808,75,BlockedShot,0.850999985,0.669000015,0.061644301,Alexis Sánchez,h,498,OpenPlay,2015,RightFoot,122,Arsenal,Stoke,2,0,12/09/2015 18:00,Santiago Cazorla,Pass
57809,75,MissedShots,0.910999985,0.562999992,0.381648988,Olivier Giroud,h,502,OpenPlay,2015,LeftFoot,122,Arsenal,Stoke,2,0,12/09/2015 18:00,,Rebound
57810,77,MissedShots,0.816999969,0.54,0.098933697,Santiago Cazorla,h,965,OpenPlay,2015,RightFoot,122,Arsenal,Stoke,2,0,12/09/2015 18:00,Francis Coquelin,TakeOn
57811,84,Goal,0.941999969,0.529000015,0.510604978,Olivier Giroud,h,502,SetPiece,2015,Head,122,Arsenal,Stoke,2,0,12/09/2015 18:00,Santiago Cazorla,Cross
57813,88,SavedShot,0.895,0.492999992,0.032084201,Laurent Koscielny,h,494,SetPiece,2015,Head,122,Arsenal,Stoke,2,0,12/09/2015 18:00,Santiago Cazorla,Aerial
57789,32,SavedShot,0.764000015,0.510999985,0.0112766,Joselu,a,866,OpenPlay,2015,RightFoot,122,Arsenal,Stoke,2,0,12/09/2015 18:00,Marko Arnautovic,Chipped
57790,34,BlockedShot,0.758000031,0.237000008,0.00809609,Phil Bardsley,a,857,OpenPlay,2015,RightFoot,122,Arsenal,Stoke,2,0,12/09/2015 18:00,Erik Pieters,Chipped
57794,56,SavedShot,0.885,0.770999985,0.025462201,Xherdan Shaqiri,a,888,OpenPlay,2015,LeftFoot,122,Arsenal,Stoke,2,0,12/09/2015 18:00,,None
57795,60,BlockedShot,0.806999969,0.502000008,0.0541659,Xherdan Shaqiri,a,888,OpenPlay,2015,LeftFoot,122,Arsenal,Stoke,2,0,12/09/2015 18:00,Marko Arnautovic,Pass
57796,60,BlockedShot,0.860999985,0.655,0.047001,Xherdan Shaqiri,a,888,OpenPlay,2015,LeftFoot,122,Arsenal,Stoke,2,0,12/09/2015 18:00,,Rebound
57797,62,SavedShot,0.749000015,0.277000008,0.015639,Phil Bardsley,a,857,OpenPlay,2015,RightFoot,122,Arsenal,Stoke,2,0,12/09/2015 18:00,Marco van Ginkel,Pass
57804,70,MissedShots,0.815,0.744000015,0.0183479,Marco van Ginkel,a,946,OpenPlay,2015,RightFoot,122,Arsenal,Stoke,2,0,12/09/2015 18:00,Xherdan Shaqiri,Pass
57812,86,MissedShots,0.735,0.577000008,0.0138344,Bojan,a,871,OpenPlay,2015,RightFoot,122,Arsenal,Stoke,2,0,12/09/2015 18:00,Marko Arnautovic,Pass
57814,1,MissedShots,0.938000031,0.275,0.037397899,Yannick Bolasie,h,518,OpenPlay,2015,RightFoot,123,Crystal Palace,Manchester City,0,1,12/09/2015 18:00,Bakary Sako,Pass
57815,3,BlockedShot,0.805,0.793000031,0.0138181,Yannick Bolasie,h,518,OpenPlay,2015,RightFoot,123,Crystal Palace,Manchester City,0,1,12/09/2015 18:00,Pape Souaré,Pass
57816,3,BlockedShot,0.765,0.46,0.0208255,Yohan Cabaye,h,516,OpenPlay,2015,RightFoot,123,Crystal Palace,Manchester City,0,1,12/09/2015 18:00,,Rebound
57819,6,SavedShot,0.925999985,0.28,0.043579001,Yannick Bolasie,h,518,OpenPlay,2015,RightFoot,123,Crystal Palace,Manchester City,0,1,12/09/2015 18:00,Yohan Cabaye,Pass
57820,10,MissedShots,0.764000015,0.735999985,0.0100496,Pape Souaré,h,513,SetPiece,2015,LeftFoot,123,Crystal Palace,Manchester City,0,1,12/09/2015 18:00,,None
57825,44,MissedShots,0.750999985,0.640999985,0.0148894,Jason Puncheon,h,514,OpenPlay,2015,LeftFoot,123,Crystal Palace,Manchester City,0,1,12/09/2015 18:00,,TakeOn
57827,47,MissedShots,0.94,0.646999969,0.049675699,Bakary Sako,h,520,OpenPlay,2015,LeftFoot,123,Crystal Palace,Manchester City,0,1,12/09/2015 18:00,Wilfried Zaha,Cross
57837,69,SavedShot,0.908000031,0.532999992,0.102325998,Jason Puncheon,h,514,OpenPlay,2015,Head,123,Crystal Palace,Manchester City,0,1,12/09/2015 18:00,Pape Souaré,Cross
57839,88,MissedShots,0.931999969,0.512999992,0.443969995,Dwight Gayle,h,743,OpenPlay,2015,RightFoot,123,Crystal Palace,Manchester City,0,1,12/09/2015 18:00,Wilfried Zaha,Cross
57842,92,MissedShots,0.519000015,0.913000031,0.00694925,James McArthur,h,633,OpenPlay,2015,RightFoot,123,Crystal Palace,Manchester City,0,1,12/09/2015 18:00,Yohan Cabaye,Pass
57817,4,SavedShot,0.861999969,0.440999985,0.018291499,Wilfried Bony,a,622,OpenPlay,2015,Head,123,Crystal Palace,Manchester City,0,1,12/09/2015 18:00,Jesús Navas,Cross
57818,5,SavedShot,0.926999969,0.515,0.561349988,Samir Nasri,a,877,SetPiece,2015,RightFoot,123,Crystal Palace,Manchester City,0,1,12/09/2015 18:00,Yaya Touré,Throughball
57821,30,BlockedShot,0.759000015,0.709000015,0.0161903,Aleksandar Kolarov,a,621,OpenPlay,2015,LeftFoot,123,Crystal Palace,Manchester City,0,1,12/09/2015 18:00,Kevin De Bruyne,Pass
57822,31,SavedShot,0.879000015,0.595999985,0.103456996,Wilfried Bony,a,622,OpenPlay,2015,LeftFoot,123,Crystal Palace,Manchester City,0,1,12/09/2015 18:00,Kevin De Bruyne,Pass
57823,31,BlockedShot,0.915999985,0.61,0.109187998,Wilfried Bony,a,622,OpenPlay,2015,LeftFoot,123,Crystal Palace,Manchester City,0,1,12/09/2015 18:00,Samir Nasri,Pass
57824,37,MissedShots,0.768000031,0.417000008,0.025260899,Jesús Navas,a,616,OpenPlay,2015,RightFoot,123,Crystal Palace,Manchester City,0,1,12/09/2015 18:00,Kevin De Bruyne,Pass
57826,46,SavedShot,0.773000031,0.415,0.035377499,Kevin De Bruyne,a,447,OpenPlay,2015,RightFoot,123,Crystal Palace,Manchester City,0,1,12/09/2015 18:00,Wilfried Bony,LayOff
57828,48,MissedShots,0.750999985,0.595999985,0.020265499,Aleksandar Kolarov,a,621,OpenPlay,2015,LeftFoot,123,Crystal Palace,Manchester City,0,1,12/09/2015 18:00,Yaya Touré,Pass
57829,50,MissedShots,0.955999985,0.61,0.569562972,Jesús Navas,a,616,OpenPlay,2015,LeftFoot,123,Crystal Palace,Manchester City,0,1,12/09/2015 18:00,Kevin De Bruyne,TakeOn
57830,53,BlockedShot,0.775999985,0.440999985,0.031341001,Fernandinho,a,614,OpenPlay,2015,LeftFoot,123,Crystal Palace,Manchester City,0,1,12/09/2015 18:00,Yaya Touré,Pass
57831,53,SavedShot,0.745,0.465999985,0.0156008,Yaya Touré,a,878,OpenPlay,2015,LeftFoot,123,Crystal Palace,Manchester City,0,1,12/09/2015 18:00,,Rebound
57832,55,MissedShots,0.944000015,0.681999969,0.010053,Vincent Kompany,a,612,FromCorner,2015,Head,123,Crystal Palace,Manchester City,0,1,12/09/2015 18:00,Kevin De Bruyne,Cross
57833,62,BlockedShot,0.913000031,0.242000008,0.022571599,Yaya Touré,a,878,FromCorner,2015,RightFoot,123,Crystal Palace,Manchester City,0,1,12/09/2015 18:00,,None
57834,63,MissedShots,0.900999985,0.44,0.0168768,Eliaquim Mangala,a,626,FromCorner,2015,Head,123,Crystal Palace,Manchester City,0,1,12/09/2015 18:00,Samir Nasri,Aerial
57835,64,MissedShots,0.789000015,0.435,0.034120999,Fernandinho,a,614,OpenPlay,2015,RightFoot,123,Crystal Palace,Manchester City,0,1,12/09/2015 18:00,Wilfried Bony,Pass
57836,66,MissedShots,0.789000015,0.347000008,0.025314201,Samir Nasri,a,877,OpenPlay,2015,LeftFoot,123,Crystal Palace,Manchester City,0,1,12/09/2015 18:00,Jesús Navas,Pass
57838,73,MissedShots,0.769000015,0.557000008,0.031408299,Yaya Touré,a,878,OpenPlay,2015,RightFoot,123,Crystal Palace,Manchester City,0,1,12/09/2015 18:00,Wilfried Bony,LayOff
57840,89,SavedShot,0.855999985,0.296000004,0.031840201,Samir Nasri,a,877,OpenPlay,2015,RightFoot,123,Crystal Palace,Manchester City,0,1,12/09/2015 18:00,Jesús Navas,Pass
57841,89,Goal,0.965999985,0.477999992,0.755447984,Kelechi Iheanacho,a,620,OpenPlay,2015,LeftFoot,123,Crystal Palace,Manchester City,0,1,12/09/2015 18:00,,Rebound
57843,94,BlockedShot,0.963000031,0.345,0.082516097,Jesús Navas,a,616,OpenPlay,2015,RightFoot,123,Crystal Palace,Manchester City,0,1,12/09/2015 18:00,Kelechi Iheanacho,None
57844,94,MissedShots,0.966999969,0.537999992,0.651063979,Yaya Touré,a,878,OpenPlay,2015,Head,123,Crystal Palace,Manchester City,0,1,12/09/2015 18:00,,Rebound
57969,10,MissedShots,0.814000015,0.469000015,0.046685498,Sebastian Prödl,h,566,SetPiece,2015,RightFoot,124,Watford,Swansea,1,0,12/09/2015 18:00,Almen Abdi,Pass
57970,16,BlockedShot,0.809000015,0.370999985,0.0361007,Troy Deeney,h,574,OpenPlay,2015,RightFoot,124,Watford,Swansea,1,0,12/09/2015 18:00,,None
57971,17,BlockedShot,0.803000031,0.504000015,0.0590587,Almen Abdi,h,569,OpenPlay,2015,RightFoot,124,Watford,Swansea,1,0,12/09/2015 18:00,Odion Ighalo,LayOff
57973,21,MissedShots,0.730999985,0.509000015,0.00964244,Almen Abdi,h,569,SetPiece,2015,RightFoot,124,Watford,Swansea,1,0,12/09/2015 18:00,,Aerial
57974,22,BlockedShot,0.670999985,0.500999985,0.0111534,Etienne Capoue,h,572,OpenPlay,2015,RightFoot,124,Watford,Swansea,1,0,12/09/2015 18:00,Ikechi Anya,Pass
57975,22,MissedShots,0.806999969,0.512999992,0.065223999,Troy Deeney,h,574,OpenPlay,2015,RightFoot,124,Watford,Swansea,1,0,12/09/2015 18:00,Etienne Capoue,LayOff
57978,41,SavedShot,0.97,0.693000031,0.044032,Odion Ighalo,h,573,OpenPlay,2015,LeftFoot,124,Watford,Swansea,1,0,12/09/2015 18:00,Craig Cathcart,TakeOn
57979,53,SavedShot,0.735999985,0.555,0.0186409,Almen Abdi,h,569,OpenPlay,2015,RightFoot,124,Watford,Swansea,1,0,12/09/2015 18:00,Jurado,Pass
57980,56,MissedShots,0.846999969,0.442000008,0.047901001,Troy Deeney,h,574,OpenPlay,2015,RightFoot,124,Watford,Swansea,1,0,12/09/2015 18:00,Nyom,Cross
57981,57,MissedShots,0.895999985,0.324000015,0.0590492,Odion Ighalo,h,573,OpenPlay,2015,RightFoot,124,Watford,Swansea,1,0,12/09/2015 18:00,Troy Deeney,HeadPass
57982,58,Goal,0.881999969,0.487000008,0.371062011,Odion Ighalo,h,573,SetPiece,2015,RightFoot,124,Watford,Swansea,1,0,12/09/2015 18:00,Troy Deeney,HeadPass
57983,69,BlockedShot,0.813000031,0.485,0.065740399,Jurado,h,582,OpenPlay,2015,RightFoot,124,Watford,Swansea,1,0,12/09/2015 18:00,,None
57984,69,MissedShots,0.9,0.325,0.0612715,Etienne Capoue,h,572,OpenPlay,2015,RightFoot,124,Watford,Swansea,1,0,12/09/2015 18:00,,Rebound
57986,79,SavedShot,0.869000015,0.252000008,0.033549499,Etienne Capoue,h,572,OpenPlay,2015,RightFoot,124,Watford,Swansea,1,0,12/09/2015 18:00,Steven Berghuis,Pass
57988,83,MissedShots,0.841999969,0.272000008,0.0397924,Jurado,h,582,OpenPlay,2015,RightFoot,124,Watford,Swansea,1,0,12/09/2015 18:00,,None
57990,91,SavedShot,0.905999985,0.44,0.574136019,Steven Berghuis,h,744,OpenPlay,2015,LeftFoot,124,Watford,Swansea,1,0,12/09/2015 18:00,Jurado,Pass
57991,91,SavedShot,0.871999969,0.395999985,0.080594704,Steven Berghuis,h,744,OpenPlay,2015,LeftFoot,124,Watford,Swansea,1,0,12/09/2015 18:00,,Rebound
57972,20,SavedShot,0.818000031,0.497999992,0.064647198,Bafétimbi Gomis,a,717,OpenPlay,2015,RightFoot,124,Watford,Swansea,1,0,12/09/2015 18:00,André Ayew,Pass
57976,32,BlockedShot,0.771999969,0.447000008,0.029158499,Jonjo Shelvey,a,769,OpenPlay,2015,RightFoot,124,Watford,Swansea,1,0,12/09/2015 18:00,Kyle Naughton,Pass
57977,38,SavedShot,0.935,0.472000008,0.145784006,Bafétimbi Gomis,a,717,OpenPlay,2015,RightFoot,124,Watford,Swansea,1,0,12/09/2015 18:00,André Ayew,Pass
57985,75,MissedShots,0.730999985,0.312000008,0.0146913,Federico Fernández,a,708,OpenPlay,2015,RightFoot,124,Watford,Swansea,1,0,12/09/2015 18:00,Ki Sung-yueng,Pass
57987,79,MissedShots,0.88,0.701999969,0.047901601,Jefferson Montero,a,715,OpenPlay,2015,LeftFoot,124,Watford,Swansea,1,0,12/09/2015 18:00,Ki Sung-yueng,Pass
57989,88,SavedShot,0.725,0.38,0.00978647,Jonjo Shelvey,a,769,OpenPlay,2015,RightFoot,124,Watford,Swansea,1,0,12/09/2015 18:00,,Aerial
57992,92,MissedShots,0.815999985,0.452999992,0.050044902,Jonjo Shelvey,a,769,OpenPlay,2015,RightFoot,124,Watford,Swansea,1,0,12/09/2015 18:00,Bafétimbi Gomis,Pass
57993,94,MissedShots,0.933000031,0.355999985,0.140993997,Federico Fernández,a,708,OpenPlay,2015,Head,124,Watford,Swansea,1,0,12/09/2015 18:00,Jefferson Montero,Cross
57995,25,MissedShots,0.951999969,0.52,0.130227,Craig Dawson,h,804,FromCorner,2015,Head,125,West Bromwich Albion,Southampton,0,0,12/09/2015 18:00,Chris Brunt,Cross
57996,29,BlockedShot,0.730999985,0.555,0.015448,Craig Gardner,h,812,OpenPlay,2015,LeftFoot,125,West Bromwich Albion,Southampton,0,0,12/09/2015 18:00,Salomón Rondón,Pass
57997,31,SavedShot,0.901999969,0.33,0.0101383,Craig Dawson,h,804,FromCorner,2015,Head,125,West Bromwich Albion,Southampton,0,0,12/09/2015 18:00,Chris Brunt,Pass
58004,53,MissedShots,0.899000015,0.425,0.087778598,Salomón Rondón,h,813,OpenPlay,2015,RightFoot,125,West Bromwich Albion,Southampton,0,0,12/09/2015 18:00,Craig Dawson,Chipped
58005,58,BlockedShot,0.885,0.684000015,0.050487898,Callum McManaman,h,880,OpenPlay,2015,LeftFoot,125,West Bromwich Albion,Southampton,0,0,12/09/2015 18:00,,None
58006,59,MissedShots,0.79,0.570999985,0.036939301,Callum McManaman,h,880,OpenPlay,2015,RightFoot,125,West Bromwich Albion,Southampton,0,0,12/09/2015 18:00,Craig Gardner,Pass
58011,77,BlockedShot,0.843000031,0.632999992,0.063262999,Saido Berahino,h,811,OpenPlay,2015,LeftFoot,125,West Bromwich Albion,Southampton,0,0,12/09/2015 18:00,Salomón Rondón,Pass
58014,87,MissedShots,0.761999969,0.305,0.014861,Craig Gardner,h,812,OpenPlay,2015,RightFoot,125,West Bromwich Albion,Southampton,0,0,12/09/2015 18:00,Salomón Rondón,Pass
57994,11,BlockedShot,0.774000015,0.579000015,0.026282599,Dusan Tadic,a,840,OpenPlay,2015,LeftFoot,125,West Bromwich Albion,Southampton,0,0,12/09/2015 18:00,Jay Rodriguez,Pass
57998,34,SavedShot,0.811999969,0.660999985,0.030986,Jay Rodriguez,a,844,OpenPlay,2015,RightFoot,125,West Bromwich Albion,Southampton,0,0,12/09/2015 18:00,Matt Targett,TakeOn
57999,36,BlockedShot,0.729000015,0.444000015,0.017887101,James Ward-Prowse,a,843,OpenPlay,2015,RightFoot,125,West Bromwich Albion,Southampton,0,0,12/09/2015 18:00,Steven Davis,Pass
58000,36,MissedShots,0.926999969,0.482999992,0.380578995,Jay Rodriguez,a,844,OpenPlay,2015,Head,125,West Bromwich Albion,Southampton,0,0,12/09/2015 18:00,Dusan Tadic,Cross
58001,46,MissedShots,0.934000015,0.507000008,0.063985802,Virgil van Dijk,a,833,FromCorner,2015,Head,125,West Bromwich Albion,Southampton,0,0,12/09/2015 18:00,James Ward-Prowse,Aerial
58002,52,BlockedShot,0.916999969,0.417999992,0.040869799,Victor Wanyama,a,836,FromCorner,2015,Head,125,West Bromwich Albion,Southampton,0,0,12/09/2015 18:00,Steven Davis,Chipped
58003,52,SavedShot,0.865,0.706999969,0.0377133,Jay Rodriguez,a,844,OpenPlay,2015,RightFoot,125,West Bromwich Albion,Southampton,0,0,12/09/2015 18:00,Steven Davis,Pass
58007,63,MissedShots,0.835,0.342000008,0.034363199,James Ward-Prowse,a,843,OpenPlay,2015,RightFoot,125,West Bromwich Albion,Southampton,0,0,12/09/2015 18:00,Dusan Tadic,Pass
58008,66,MissedShots,0.771999969,0.460999985,0.0258849,James Ward-Prowse,a,843,OpenPlay,2015,RightFoot,125,West Bromwich Albion,Southampton,0,0,12/09/2015 18:00,Graziano Pellè,Pass
58009,70,SavedShot,0.903000031,0.674000015,0.062203798,Graziano Pellè,a,841,OpenPlay,2015,RightFoot,125,West Bromwich Albion,Southampton,0,0,12/09/2015 18:00,Steven Davis,BlockedPass
58010,73,MissedShots,0.905999985,0.317000008,0.062780999,Sadio Mané,a,838,OpenPlay,2015,RightFoot,125,West Bromwich Albion,Southampton,0,0,12/09/2015 18:00,Steven Davis,BallRecovery
58012,81,BlockedShot,0.909000015,0.350999985,0.089621603,Sadio Mané,a,838,OpenPlay,2015,RightFoot,125,West Bromwich Albion,Southampton,0,0,12/09/2015 18:00,James Ward-Prowse,Pass
58013,86,SavedShot,0.885,0.660999985,0.060814399,Graziano Pellè,a,841,OpenPlay,2015,RightFoot,125,West Bromwich Albion,Southampton,0,0,12/09/2015 18:00,Dusan Tadic,Pass
58015,90,MissedShots,0.86,0.719000015,0.030573299,Graziano Pellè,a,841,OpenPlay,2015,LeftFoot,125,West Bromwich Albion,Southampton,0,0,12/09/2015 18:00,Dusan Tadic,Pass
58016,90,BlockedShot,0.818000031,0.495,0.044112802,Sadio Mané,a,838,OpenPlay,2015,LeftFoot,125,West Bromwich Albion,Southampton,0,0,12/09/2015 18:00,,Rebound
57924,11,MissedShots,0.92,0.495,0.047572799,Sebastien Bassong,h,821,FromCorner,2015,Head,126,Norwich,Bournemouth,3,1,12/09/2015 18:00,Robbie Brady,Aerial
57925,11,MissedShots,0.771999969,0.430999985,0.028997,Alexander Tettey,h,791,FromCorner,2015,LeftFoot,126,Norwich,Bournemouth,3,1,12/09/2015 18:00,,Rebound
57926,30,MissedShots,0.905,0.365,0.094595999,Cameron Jerome,h,794,OpenPlay,2015,RightFoot,126,Norwich,Bournemouth,3,1,12/09/2015 18:00,Wes Hoolahan,Pass
57927,34,Goal,0.926999969,0.485,0.548220992,Cameron Jerome,h,794,OpenPlay,2015,RightFoot,126,Norwich,Bournemouth,3,1,12/09/2015 18:00,Wes Hoolahan,Pass
57930,48,MissedShots,0.765999985,0.594000015,0.0297019,Cameron Jerome,h,794,OpenPlay,2015,RightFoot,126,Norwich,Bournemouth,3,1,12/09/2015 18:00,Wes Hoolahan,Pass
57931,50,MissedShots,0.78,0.275,0.0181327,Nathan Redmond,h,790,OpenPlay,2015,LeftFoot,126,Norwich,Bournemouth,3,1,12/09/2015 18:00,Andre Wisdom,Pass
57932,51,Goal,0.815999985,0.617999992,0.0586018,Wes Hoolahan,h,793,OpenPlay,2015,LeftFoot,126,Norwich,Bournemouth,3,1,12/09/2015 18:00,,BallRecovery
57934,62,MissedShots,0.813000031,0.370999985,0.040000901,Jonny Howson,h,792,OpenPlay,2015,RightFoot,126,Norwich,Bournemouth,3,1,12/09/2015 18:00,,None
57935,63,ShotOnPost,0.896999969,0.317999992,0.048128299,Robbie Brady,h,789,FromCorner,2015,LeftFoot,126,Norwich,Bournemouth,3,1,12/09/2015 18:00,Nathan Redmond,Pass
57936,66,Goal,0.881999969,0.369000015,0.249234006,Matthew Jarvis,h,800,OpenPlay,2015,LeftFoot,126,Norwich,Bournemouth,3,1,12/09/2015 18:00,Jonny Howson,Pass
57939,81,MissedShots,0.895999985,0.653000031,0.095692903,Dieumerci Mbokani,h,795,OpenPlay,2015,LeftFoot,126,Norwich,Bournemouth,3,1,12/09/2015 18:00,Nathan Redmond,Pass
57941,92,SavedShot,0.96,0.699000015,0.074009404,Robbie Brady,h,789,OpenPlay,2015,LeftFoot,126,Norwich,Bournemouth,3,1,12/09/2015 18:00,Nathan Redmond,Pass
57923,6,MissedShots,0.815,0.61,0.043466501,Junior Stanislas,a,463,OpenPlay,2015,LeftFoot,126,Norwich,Bournemouth,3,1,12/09/2015 18:00,Adam Smith,Pass
57928,45,SavedShot,0.963000031,0.54,0.115418002,Callum Wilson,a,468,SetPiece,2015,RightFoot,126,Norwich,Bournemouth,3,1,12/09/2015 18:00,Steve Cook,HeadPass
57929,46,MissedShots,0.868000031,0.394000015,0.072486103,Junior Stanislas,a,463,OpenPlay,2015,RightFoot,126,Norwich,Bournemouth,3,1,12/09/2015 18:00,Simon Francis,Pass
57933,59,BlockedShot,0.765,0.522999992,0.026753301,Andrew Surman,a,460,OpenPlay,2015,LeftFoot,126,Norwich,Bournemouth,3,1,12/09/2015 18:00,Yann Kermorgant,Pass
57937,70,BlockedShot,0.905999985,0.256000004,0.0344618,Callum Wilson,a,468,OpenPlay,2015,RightFoot,126,Norwich,Bournemouth,3,1,12/09/2015 18:00,Andrew Surman,Pass
57938,80,Goal,0.879000015,0.497000008,0.037708599,Steve Cook,a,458,FromCorner,2015,Head,126,Norwich,Bournemouth,3,1,12/09/2015 18:00,Simon Francis,Cross
57940,87,MissedShots,0.909000015,0.562999992,0.059200302,Glenn Murray,a,882,SetPiece,2015,Head,126,Norwich,Bournemouth,3,1,12/09/2015 18:00,Simon Francis,Chipped
57906,6,MissedShots,0.755,0.34,0.015606,Marouane Fellaini,h,630,OpenPlay,2015,RightFoot,127,Manchester United,Liverpool,3,1,12/09/2015 20:30,Juan Mata,Pass
57908,24,MissedShots,0.711999969,0.725999985,0.0132768,Memphis Depay,h,555,SetPiece,2015,RightFoot,127,Manchester United,Liverpool,3,1,12/09/2015 20:30,Michael Carrick,Pass
57909,45,BlockedShot,0.775999985,0.6,0.022604199,Ashley Young,h,631,OpenPlay,2015,RightFoot,127,Manchester United,Liverpool,3,1,12/09/2015 20:30,Marouane Fellaini,Pass
57910,48,Goal,0.848000031,0.482000008,0.083165601,Daley Blind,h,548,SetPiece,2015,LeftFoot,127,Manchester United,Liverpool,3,1,12/09/2015 20:30,Juan Mata,Pass
57911,49,BlockedShot,0.785999985,0.547999992,0.042229,Ashley Young,h,631,OpenPlay,2015,RightFoot,127,Manchester United,Liverpool,3,1,12/09/2015 20:30,Matteo Darmian,Pass
57913,60,MissedShots,0.761999969,0.557999992,0.072015204,Ashley Young,h,631,DirectFreekick,2015,RightFoot,127,Manchester United,Liverpool,3,1,12/09/2015 20:30,,Standard
57916,69,Goal,0.885,0.5,0.761169016,Ander Herrera,h,552,Penalty,2015,RightFoot,127,Manchester United,Liverpool,3,1,12/09/2015 20:30,,Standard
57919,78,BlockedShot,0.785,0.324000015,0.021043001,Marouane Fellaini,h,630,OpenPlay,2015,LeftFoot,127,Manchester United,Liverpool,3,1,12/09/2015 20:30,,None
57922,85,Goal,0.913000031,0.614000015,0.430954993,Anthony Martial,h,553,OpenPlay,2015,RightFoot,127,Manchester United,Liverpool,3,1,12/09/2015 20:30,Ashley Young,TakeOn
57907,18,MissedShots,0.765,0.427000008,0.0126557,Nathaniel Clyne,a,603,OpenPlay,2015,RightFoot,127,Manchester United,Liverpool,3,1,12/09/2015 20:30,,Aerial
57912,56,SavedShot,0.91,0.565,0.085660897,Danny Ings,a,986,OpenPlay,2015,LeftFoot,127,Manchester United,Liverpool,3,1,12/09/2015 20:30,Dejan Lovren,HeadPass
57914,63,MissedShots,0.964000015,0.545999985,0.135683998,Martin Skrtel,a,607,FromCorner,2015,Head,127,Manchester United,Liverpool,3,1,12/09/2015 20:30,James Milner,Cross
57915,63,BlockedShot,0.973000031,0.490999985,0.608874023,Danny Ings,a,986,FromCorner,2015,Head,127,Manchester United,Liverpool,3,1,12/09/2015 20:30,Martin Skrtel,None
57917,72,MissedShots,0.770999985,0.789000015,0.036343999,James Milner,a,489,DirectFreekick,2015,RightFoot,127,Manchester United,Liverpool,3,1,12/09/2015 20:30,,Standard
57918,75,MissedShots,0.919000015,0.419000015,0.053994499,Christian Benteke,a,606,OpenPlay,2015,Head,127,Manchester United,Liverpool,3,1,12/09/2015 20:30,James Milner,Cross
57920,82,SavedShot,0.861999969,0.287000008,0.0275624,Jordon Ibe,a,481,OpenPlay,2015,LeftFoot,127,Manchester United,Liverpool,3,1,12/09/2015 20:30,Divock Origi,Pass
57921,83,Goal,0.873000031,0.587999992,0.064939998,Christian Benteke,a,606,FromCorner,2015,RightFoot,127,Manchester United,Liverpool,3,1,12/09/2015 20:30,,None
57942,8,BlockedShot,0.799000015,0.485,0.050613102,Jermain Defoe,h,735,OpenPlay,2015,RightFoot,128,Sunderland,Tottenham,0,1,13/09/2015 16:30,Patrick van Aanholt,Pass
57943,14,SavedShot,0.731999969,0.723000031,0.0154488,Jermain Defoe,h,735,OpenPlay,2015,RightFoot,128,Sunderland,Tottenham,0,1,13/09/2015 16:30,Jordi Gómez,Pass
57946,23,MissedShots,0.759000015,0.255,0.0182513,Jeremain Lens,h,781,OpenPlay,2015,LeftFoot,128,Sunderland,Tottenham,0,1,13/09/2015 16:30,Billy Jones,Pass
57947,25,ShotOnPost,0.899000015,0.442999992,0.584004998,Jermain Defoe,h,735,OpenPlay,2015,RightFoot,128,Sunderland,Tottenham,0,1,13/09/2015 16:30,Jeremain Lens,Throughball
57951,38,SavedShot,0.885,0.317999992,0.0443164,Jermain Defoe,h,735,OpenPlay,2015,LeftFoot,128,Sunderland,Tottenham,0,1,13/09/2015 16:30,Yann M&#039;Vila,Pass
57952,44,BlockedShot,0.771999969,0.422999992,0.034387399,Jeremain Lens,h,781,OpenPlay,2015,LeftFoot,128,Sunderland,Tottenham,0,1,13/09/2015 16:30,Billy Jones,LayOff
57953,45,BlockedShot,0.92,0.650999985,0.082870603,Jeremain Lens,h,781,OpenPlay,2015,LeftFoot,128,Sunderland,Tottenham,0,1,13/09/2015 16:30,Patrick van Aanholt,TakeOn
57954,46,BlockedShot,0.87,0.684000015,0.0470706,Jermain Defoe,h,735,OpenPlay,2015,RightFoot,128,Sunderland,Tottenham,0,1,13/09/2015 16:30,,None
57956,57,MissedShots,0.844000015,0.688000031,0.036998,Jeremain Lens,h,781,OpenPlay,2015,RightFoot,128,Sunderland,Tottenham,0,1,13/09/2015 16:30,Jermain Defoe,Pass
57957,60,MissedShots,0.74,0.397999992,0.0198725,Ola Toivonen,h,739,OpenPlay,2015,RightFoot,128,Sunderland,Tottenham,0,1,13/09/2015 16:30,Yann M&#039;Vila,Pass
57958,61,BlockedShot,0.740999985,0.345,0.012739,Billy Jones,h,742,OpenPlay,2015,RightFoot,128,Sunderland,Tottenham,0,1,13/09/2015 16:30,,None
57964,83,ShotOnPost,0.888000031,0.420999985,0.094123296,Jack Rodwell,h,733,OpenPlay,2015,RightFoot,128,Sunderland,Tottenham,0,1,13/09/2015 16:30,Younes Kaboul,Pass
57944,14,MissedShots,0.754000015,0.625,0.0219977,Harry Kane,a,647,OpenPlay,2015,RightFoot,128,Sunderland,Tottenham,0,1,13/09/2015 16:30,Dele Alli,Pass
57945,18,BlockedShot,0.721999969,0.530999985,0.0163686,Son Heung-Min,a,453,OpenPlay,2015,RightFoot,128,Sunderland,Tottenham,0,1,13/09/2015 16:30,Ben Davies,Pass
57948,25,BlockedShot,0.846999969,0.485,0.059089199,Harry Kane,a,647,OpenPlay,2015,RightFoot,128,Sunderland,Tottenham,0,1,13/09/2015 16:30,Kyle Walker,Chipped
57949,30,BlockedShot,0.935999985,0.281000004,0.047077999,Harry Kane,a,647,OpenPlay,2015,RightFoot,128,Sunderland,Tottenham,0,1,13/09/2015 16:30,Nacer Chadli,Chipped
57950,37,MissedShots,0.751999969,0.301000004,0.0176627,Son Heung-Min,a,453,OpenPlay,2015,LeftFoot,128,Sunderland,Tottenham,0,1,13/09/2015 16:30,Ryan Mason,Pass
57955,54,MissedShots,0.715,0.579000015,0.0148207,Ryan Mason,a,649,OpenPlay,2015,LeftFoot,128,Sunderland,Tottenham,0,1,13/09/2015 16:30,Nacer Chadli,Pass
57959,75,BlockedShot,0.838000031,0.360999985,0.040143099,Nacer Chadli,a,648,OpenPlay,2015,RightFoot,128,Sunderland,Tottenham,0,1,13/09/2015 16:30,Ryan Mason,TakeOn
57960,76,SavedShot,0.918000031,0.515,0.0452682,Eric Dier,a,643,FromCorner,2015,Head,128,Sunderland,Tottenham,0,1,13/09/2015 16:30,Erik Lamela,Aerial
57961,76,BlockedShot,0.813000031,0.377000008,0.043779101,Andros Townsend,a,775,OpenPlay,2015,LeftFoot,128,Sunderland,Tottenham,0,1,13/09/2015 16:30,,Tackle
57962,79,SavedShot,0.815,0.56,0.035555799,Ryan Mason,a,649,FromCorner,2015,LeftFoot,128,Sunderland,Tottenham,0,1,13/09/2015 16:30,,None
57963,81,Goal,0.903000031,0.445999985,0.40507099,Ryan Mason,a,649,OpenPlay,2015,RightFoot,128,Sunderland,Tottenham,0,1,13/09/2015 16:30,Erik Lamela,Throughball
57965,85,SavedShot,0.934000015,0.316000004,0.272361994,Harry Kane,a,647,OpenPlay,2015,RightFoot,128,Sunderland,Tottenham,0,1,13/09/2015 16:30,Andros Townsend,Pass
57966,86,MissedShots,0.915999985,0.422999992,0.298397988,Erik Lamela,a,644,OpenPlay,2015,Head,128,Sunderland,Tottenham,0,1,13/09/2015 16:30,Andros Townsend,Chipped
57967,90,MissedShots,0.73,0.512000008,0.0210275,Nacer Chadli,a,648,OpenPlay,2015,RightFoot,128,Sunderland,Tottenham,0,1,13/09/2015 16:30,Erik Lamela,Chipped
57968,91,MissedShots,0.905999985,0.375999985,0.117531002,Nacer Chadli,a,648,OpenPlay,2015,RightFoot,128,Sunderland,Tottenham,0,1,13/09/2015 16:30,Erik Lamela,Pass
57874,1,BlockedShot,0.790999985,0.350999985,0.029947201,Shinji Okazaki,h,754,OpenPlay,2015,LeftFoot,129,Leicester,Aston Villa,3,2,13/09/2015 19:00,Gökhan Inler,BallRecovery
57875,1,MissedShots,0.775,0.575,0.021753499,Marc Albrighton,h,753,OpenPlay,2015,RightFoot,129,Leicester,Aston Villa,3,2,13/09/2015 19:00,,Rebound
57876,3,MissedShots,0.739000015,0.69,0.0140041,Daniel Drinkwater,h,752,OpenPlay,2015,RightFoot,129,Leicester,Aston Villa,3,2,13/09/2015 19:00,,BallRecovery
57879,9,MissedShots,0.935999985,0.465999985,0.071221501,Wes Morgan,h,748,SetPiece,2015,Head,129,Leicester,Aston Villa,3,2,13/09/2015 19:00,Marc Albrighton,Aerial
57880,12,SavedShot,0.795,0.272000008,0.0144624,Riyad Mahrez,h,750,OpenPlay,2015,LeftFoot,129,Leicester,Aston Villa,3,2,13/09/2015 19:00,Jamie Vardy,BallRecovery
57884,34,BlockedShot,0.805999985,0.735999985,0.0210131,Jamie Vardy,h,755,OpenPlay,2015,RightFoot,129,Leicester,Aston Villa,3,2,13/09/2015 19:00,Shinji Okazaki,Pass
57888,45,SavedShot,0.769000015,0.706999969,0.0179739,Marc Albrighton,h,753,OpenPlay,2015,RightFoot,129,Leicester,Aston Villa,3,2,13/09/2015 19:00,Daniel Drinkwater,Pass
57889,47,MissedShots,0.915999985,0.572999992,0.094066299,Jamie Vardy,h,755,OpenPlay,2015,LeftFoot,129,Leicester,Aston Villa,3,2,13/09/2015 19:00,Jeffrey Schlupp,Cross
57890,48,MissedShots,0.755,0.696999969,0.016117601,Jeffrey Schlupp,h,757,OpenPlay,2015,LeftFoot,129,Leicester,Aston Villa,3,2,13/09/2015 19:00,Daniel Drinkwater,Pass
57891,51,BlockedShot,0.933000031,0.31,0.0629052,Jamie Vardy,h,755,OpenPlay,2015,RightFoot,129,Leicester,Aston Villa,3,2,13/09/2015 19:00,Ritchie de Laet,TakeOn
57892,52,MissedShots,0.868000031,0.66,0.0588465,Riyad Mahrez,h,750,OpenPlay,2015,LeftFoot,129,Leicester,Aston Villa,3,2,13/09/2015 19:00,Marc Albrighton,TakeOn
57894,60,MissedShots,0.751999969,0.442999992,0.0209418,Gökhan Inler,h,761,OpenPlay,2015,RightFoot,129,Leicester,Aston Villa,3,2,13/09/2015 19:00,,None
57896,66,MissedShots,0.875,0.505,0.0252064,Leonardo Ulloa,h,756,OpenPlay,2015,Head,129,Leicester,Aston Villa,3,2,13/09/2015 19:00,Daniel Drinkwater,Chipped
57897,71,Goal,0.949000015,0.597999992,0.066373497,Ritchie de Laet,h,955,FromCorner,2015,RightFoot,129,Leicester,Aston Villa,3,2,13/09/2015 19:00,Riyad Mahrez,Cross
57899,75,BlockedShot,0.895,0.370999985,0.104831003,Jamie Vardy,h,755,OpenPlay,2015,RightFoot,129,Leicester,Aston Villa,3,2,13/09/2015 19:00,Riyad Mahrez,Throughball
57900,76,BlockedShot,0.74,0.394000015,0.0139677,Nathan Dyer,h,783,OpenPlay,2015,RightFoot,129,Leicester,Aston Villa,3,2,13/09/2015 19:00,Leonardo Ulloa,TakeOn
57901,79,BlockedShot,0.788000031,0.635,0.079488203,Daniel Drinkwater,h,752,DirectFreekick,2015,RightFoot,129,Leicester,Aston Villa,3,2,13/09/2015 19:00,,Standard
57902,81,Goal,0.935,0.515,0.511502981,Jamie Vardy,h,755,OpenPlay,2015,LeftFoot,129,Leicester,Aston Villa,3,2,13/09/2015 19:00,Daniel Drinkwater,Pass
57903,83,SavedShot,0.780999985,0.305,0.0149678,Riyad Mahrez,h,750,OpenPlay,2015,LeftFoot,129,Leicester,Aston Villa,3,2,13/09/2015 19:00,Jamie Vardy,TakeOn
57904,88,Goal,0.903000031,0.537999992,0.0547246,Nathan Dyer,h,783,OpenPlay,2015,Head,129,Leicester,Aston Villa,3,2,13/09/2015 19:00,Riyad Mahrez,Chipped
57905,94,MissedShots,0.768000031,0.412000008,0.036208902,Riyad Mahrez,h,750,OpenPlay,2015,LeftFoot,129,Leicester,Aston Villa,3,2,13/09/2015 19:00,,BallRecovery
57877,6,MissedShots,0.791999969,0.360999985,0.0270871,Carles Gil,a,670,FromCorner,2015,LeftFoot,129,Leicester,Aston Villa,3,2,13/09/2015 19:00,Micah Richards,Pass
57878,7,MissedShots,0.985999985,0.427000008,0.494717985,Scott Sinclair,a,679,OpenPlay,2015,RightFoot,129,Leicester,Aston Villa,3,2,13/09/2015 19:00,Gabriel Agbonlahor,Pass
57881,19,SavedShot,0.926999969,0.454000015,0.058757599,Gabriel Agbonlahor,a,890,OpenPlay,2015,Head,129,Leicester,Aston Villa,3,2,13/09/2015 19:00,,Aerial
57882,23,SavedShot,0.865999985,0.582999992,0.097845897,Jack Grealish,a,675,OpenPlay,2015,RightFoot,129,Leicester,Aston Villa,3,2,13/09/2015 19:00,Carles Gil,Pass
57883,31,BlockedShot,0.798000031,0.665999985,0.018057199,Jack Grealish,a,675,OpenPlay,2015,RightFoot,129,Leicester,Aston Villa,3,2,13/09/2015 19:00,Gabriel Agbonlahor,TakeOn
57885,38,BlockedShot,0.906999969,0.382000008,0.0132957,Micah Richards,a,665,FromCorner,2015,Head,129,Leicester,Aston Villa,3,2,13/09/2015 19:00,Ashley Westwood,Aerial
57886,38,BlockedShot,0.906999969,0.482000008,0.099157497,Carlos Sánchez,a,667,FromCorner,2015,RightFoot,129,Leicester,Aston Villa,3,2,13/09/2015 19:00,Gabriel Agbonlahor,Goal
57887,38,Goal,0.795,0.56,0.026427999,Jack Grealish,a,675,FromCorner,2015,RightFoot,129,Leicester,Aston Villa,3,2,13/09/2015 19:00,Micah Richards,BallTouch
57893,56,MissedShots,0.680999985,0.535999985,0.01409,Carlos Sánchez,a,667,SetPiece,2015,LeftFoot,129,Leicester,Aston Villa,3,2,13/09/2015 19:00,Ashley Westwood,Pass
57895,62,Goal,0.798000031,0.579000015,0.078103803,Carles Gil,a,670,OpenPlay,2015,LeftFoot,129,Leicester,Aston Villa,3,2,13/09/2015 19:00,Gabriel Agbonlahor,Pass
57898,73,BlockedShot,0.819000015,0.716999969,0.0256398,Ashley Westwood,a,669,OpenPlay,2015,RightFoot,129,Leicester,Aston Villa,3,2,13/09/2015 19:00,Jack Grealish,Pass
58017,8,Goal,0.809000015,0.532000008,0.053603899,Dimitri Payet,h,536,OpenPlay,2015,RightFoot,130,West Ham,Newcastle United,2,0,14/09/2015 23:00,Mark Noble,Pass
58020,17,MissedShots,0.875,0.47,0.0986121,Dimitri Payet,h,536,OpenPlay,2015,LeftFoot,130,West Ham,Newcastle United,2,0,14/09/2015 23:00,Manuel Lanzini,Dispossessed
58023,22,MissedShots,0.785999985,0.429000015,0.0244356,Diafra Sakho,h,656,SetPiece,2015,RightFoot,130,West Ham,Newcastle United,2,0,14/09/2015 23:00,James Tomkins,Pass
58024,24,MissedShots,0.735999985,0.510999985,0.024052201,Manuel Lanzini,h,535,OpenPlay,2015,RightFoot,130,West Ham,Newcastle United,2,0,14/09/2015 23:00,Dimitri Payet,Pass
58027,42,MissedShots,0.879000015,0.362999992,0.117494002,Victor Moses,h,541,OpenPlay,2015,RightFoot,130,West Ham,Newcastle United,2,0,14/09/2015 23:00,Dimitri Payet,Pass
58028,44,MissedShots,0.865,0.372999992,0.049545798,Mark Noble,h,533,OpenPlay,2015,RightFoot,130,West Ham,Newcastle United,2,0,14/09/2015 23:00,Dimitri Payet,Cross
58029,47,ShotOnPost,0.87,0.579000015,0.456110001,Victor Moses,h,541,OpenPlay,2015,RightFoot,130,West Ham,Newcastle United,2,0,14/09/2015 23:00,Diafra Sakho,TakeOn
58030,47,Goal,0.889000015,0.429000015,0.488003999,Dimitri Payet,h,536,OpenPlay,2015,RightFoot,130,West Ham,Newcastle United,2,0,14/09/2015 23:00,,Rebound
58032,51,BlockedShot,0.808000031,0.715,0.034208301,Aaron Cresswell,h,534,OpenPlay,2015,LeftFoot,130,West Ham,Newcastle United,2,0,14/09/2015 23:00,Dimitri Payet,Pass
58036,68,MissedShots,0.854000015,0.208999996,0.059174601,Aaron Cresswell,h,534,DirectFreekick,2015,LeftFoot,130,West Ham,Newcastle United,2,0,14/09/2015 23:00,,Standard
58037,69,BlockedShot,0.865999985,0.301000004,0.079920702,Pedro Obiang,h,542,OpenPlay,2015,LeftFoot,130,West Ham,Newcastle United,2,0,14/09/2015 23:00,,TakeOn
58038,70,BlockedShot,0.825,0.313999996,0.061313499,Victor Moses,h,541,OpenPlay,2015,RightFoot,130,West Ham,Newcastle United,2,0,14/09/2015 23:00,Dimitri Payet,TakeOn
58039,70,MissedShots,0.926999969,0.425,0.083894603,Diafra Sakho,h,656,OpenPlay,2015,Head,130,West Ham,Newcastle United,2,0,14/09/2015 23:00,Carl Jenkinson,Cross
58040,72,BlockedShot,0.863000031,0.635,0.105929002,Diafra Sakho,h,656,OpenPlay,2015,RightFoot,130,West Ham,Newcastle United,2,0,14/09/2015 23:00,,None
58044,84,BlockedShot,0.795,0.467999992,0.034318,Winston Reid,h,529,FromCorner,2015,RightFoot,130,West Ham,Newcastle United,2,0,14/09/2015 23:00,Dimitri Payet,Pass
58045,84,SavedShot,0.959000015,0.475999985,0.148680001,Diafra Sakho,h,656,FromCorner,2015,LeftFoot,130,West Ham,Newcastle United,2,0,14/09/2015 23:00,Cheikhou Kouyaté,Rebound
58047,92,BlockedShot,0.744000015,0.635999985,0.021207901,Andy Carroll,h,537,OpenPlay,2015,LeftFoot,130,West Ham,Newcastle United,2,0,14/09/2015 23:00,Dimitri Payet,Pass
58018,13,BlockedShot,0.848000031,0.552999992,0.072561003,Jack Colback,a,767,OpenPlay,2015,LeftFoot,130,West Ham,Newcastle United,2,0,14/09/2015 23:00,Papiss Demba Cissé,Pass
58019,13,BlockedShot,0.741999969,0.693000031,0.0155108,Massadio Haidara,a,943,OpenPlay,2015,LeftFoot,130,West Ham,Newcastle United,2,0,14/09/2015 23:00,,Rebound
58021,19,SavedShot,0.9,0.360999985,0.30359301,Daryl Janmaat,a,764,OpenPlay,2015,LeftFoot,130,West Ham,Newcastle United,2,0,14/09/2015 23:00,Georginio Wijnaldum,Pass
58022,20,MissedShots,0.804000015,0.475999985,0.033741899,Georginio Wijnaldum,a,771,OpenPlay,2015,RightFoot,130,West Ham,Newcastle United,2,0,14/09/2015 23:00,Moussa Sissoko,Cross
58025,27,MissedShots,0.736999969,0.675,0.0153801,Massadio Haidara,a,943,OpenPlay,2015,LeftFoot,130,West Ham,Newcastle United,2,0,14/09/2015 23:00,Jack Colback,Pass
58026,42,BlockedShot,0.774000015,0.298999996,0.0150756,Daryl Janmaat,a,764,FromCorner,2015,LeftFoot,130,West Ham,Newcastle United,2,0,14/09/2015 23:00,,None
58031,51,MissedShots,0.789000015,0.335999985,0.020033199,Daryl Janmaat,a,764,FromCorner,2015,RightFoot,130,West Ham,Newcastle United,2,0,14/09/2015 23:00,,BallTouch
58033,53,MissedShots,0.836999969,0.505999985,0.0365289,Papiss Demba Cissé,a,850,OpenPlay,2015,RightFoot,130,West Ham,Newcastle United,2,0,14/09/2015 23:00,Moussa Sissoko,Cross
58034,59,MissedShots,0.758000031,0.507000008,0.018355699,Vurnon Anita,a,768,FromCorner,2015,RightFoot,130,West Ham,Newcastle United,2,0,14/09/2015 23:00,,None
58035,65,SavedShot,0.868000031,0.324000015,0.055743601,Daryl Janmaat,a,764,OpenPlay,2015,RightFoot,130,West Ham,Newcastle United,2,0,14/09/2015 23:00,Moussa Sissoko,Pass
58041,73,SavedShot,0.844000015,0.38,0.040929101,Daryl Janmaat,a,764,OpenPlay,2015,RightFoot,130,West Ham,Newcastle United,2,0,14/09/2015 23:00,,None
58042,80,BlockedShot,0.823000031,0.703000031,0.030095501,Ayoze Pérez,a,770,OpenPlay,2015,RightFoot,130,West Ham,Newcastle United,2,0,14/09/2015 23:00,Daryl Janmaat,Pass
58043,80,SavedShot,0.843000031,0.527999992,0.05342,Siem de Jong,a,774,OpenPlay,2015,LeftFoot,130,West Ham,Newcastle United,2,0,14/09/2015 23:00,,None
58046,89,BlockedShot,0.695,0.502999992,0.0067562,Chancel Mbemba,a,849,OpenPlay,2015,RightFoot,130,West Ham,Newcastle United,2,0,14/09/2015 23:00,Moussa Sissoko,Chipped
58097,5,SavedShot,0.734000015,0.365,0.016088299,Cesc Fàbregas,h,686,OpenPlay,2015,RightFoot,131,Chelsea,Arsenal,2,0,19/09/2015 15:45,Eden Hazard,Pass
58099,23,SavedShot,0.778000031,0.728000031,0.0152946,Diego Costa,h,802,OpenPlay,2015,RightFoot,131,Chelsea,Arsenal,2,0,19/09/2015 15:45,Eden Hazard,Pass
58101,31,SavedShot,0.976999969,0.45,0.733057022,Pedro,h,687,OpenPlay,2015,RightFoot,131,Chelsea,Arsenal,2,0,19/09/2015 15:45,Cesc Fàbregas,Throughball
58103,36,MissedShots,0.656999969,0.384000015,0.0102858,Kurt Zouma,h,935,OpenPlay,2015,RightFoot,131,Chelsea,Arsenal,2,0,19/09/2015 15:45,Nemanja Matic,Pass
58104,37,MissedShots,0.770999985,0.385999985,0.0238938,Pedro,h,687,OpenPlay,2015,RightFoot,131,Chelsea,Arsenal,2,0,19/09/2015 15:45,Diego Costa,Pass
58105,38,BlockedShot,0.769000015,0.655,0.019366199,Cesc Fàbregas,h,686,OpenPlay,2015,RightFoot,131,Chelsea,Arsenal,2,0,19/09/2015 15:45,Pedro,Pass
58106,42,BlockedShot,0.716999969,0.385999985,0.0140847,Branislav Ivanovic,h,682,OpenPlay,2015,RightFoot,131,Chelsea,Arsenal,2,0,19/09/2015 15:45,Pedro,Pass
58107,42,SavedShot,0.791999969,0.487000008,0.042513099,Pedro,h,687,OpenPlay,2015,RightFoot,131,Chelsea,Arsenal,2,0,19/09/2015 15:45,Eden Hazard,Pass
58108,45,MissedShots,0.878000031,0.357000008,0.0256678,Pedro,h,687,OpenPlay,2015,RightFoot,131,Chelsea,Arsenal,2,0,19/09/2015 15:45,,Aerial
58110,51,BlockedShot,0.704000015,0.490999985,0.0136624,Nemanja Matic,h,697,OpenPlay,2015,LeftFoot,131,Chelsea,Arsenal,2,0,19/09/2015 15:45,Gary Cahill,Pass
58111,52,Goal,0.939000015,0.442999992,0.348989993,Kurt Zouma,h,935,SetPiece,2015,Head,131,Chelsea,Arsenal,2,0,19/09/2015 15:45,Cesc Fàbregas,Chipped
58112,57,SavedShot,0.788000031,0.67,0.026959101,Eden Hazard,h,701,OpenPlay,2015,RightFoot,131,Chelsea,Arsenal,2,0,19/09/2015 15:45,César Azpilicueta,Pass
58115,64,MissedShots,0.855,0.335999985,0.065328702,Eden Hazard,h,701,OpenPlay,2015,RightFoot,131,Chelsea,Arsenal,2,0,19/09/2015 15:45,Cesc Fàbregas,Pass
58116,66,BlockedShot,0.919000015,0.569000015,0.140668005,Diego Costa,h,802,OpenPlay,2015,LeftFoot,131,Chelsea,Arsenal,2,0,19/09/2015 15:45,Oscar,Pass
58117,67,BlockedShot,0.784000015,0.544000015,0.048572801,Cesc Fàbregas,h,686,OpenPlay,2015,RightFoot,131,Chelsea,Arsenal,2,0,19/09/2015 15:45,Eden Hazard,Pass
58118,67,MissedShots,0.783000031,0.442000008,0.0457973,Pedro,h,687,OpenPlay,2015,RightFoot,131,Chelsea,Arsenal,2,0,19/09/2015 15:45,Oscar,Pass
58120,80,BlockedShot,0.761999969,0.62,0.0235206,Nemanja Matic,h,697,OpenPlay,2015,LeftFoot,131,Chelsea,Arsenal,2,0,19/09/2015 15:45,Eden Hazard,Pass
58121,87,BlockedShot,0.793000031,0.475999985,0.114892997,Eden Hazard,h,701,DirectFreekick,2015,RightFoot,131,Chelsea,Arsenal,2,0,19/09/2015 15:45,,Standard
58122,90,BlockedShot,0.870999985,0.469000015,0.12128,Loïc Remy,h,690,OpenPlay,2015,RightFoot,131,Chelsea,Arsenal,2,0,19/09/2015 15:45,Pedro,Pass
58123,90,MissedShots,0.853000031,0.562000008,0.089742102,Eden Hazard,h,701,OpenPlay,2015,RightFoot,131,Chelsea,Arsenal,2,0,19/09/2015 15:45,Loïc Remy,Clearance
58126,92,BlockedShot,0.838000031,0.614000015,0.113702998,Ramires,h,936,OpenPlay,2015,LeftFoot,131,Chelsea,Arsenal,2,0,19/09/2015 15:45,Nemanja Matic,TakeOn
58127,94,BlockedShot,0.714000015,0.271000004,0.0153326,Branislav Ivanovic,h,682,OpenPlay,2015,RightFoot,131,Chelsea,Arsenal,2,0,19/09/2015 15:45,Nemanja Matic,Pass
58096,1,BlockedShot,0.765,0.462999992,0.0193347,Aaron Ramsey,a,504,FromCorner,2015,LeftFoot,131,Chelsea,Arsenal,2,0,19/09/2015 15:45,,None
58098,11,MissedShots,0.743000031,0.703000031,0.0135649,Alexis Sánchez,a,498,OpenPlay,2015,RightFoot,131,Chelsea,Arsenal,2,0,19/09/2015 15:45,Nacho Monreal,TakeOn
58100,28,SavedShot,0.879000015,0.703000031,0.0445568,Theo Walcott,a,503,OpenPlay,2015,RightFoot,131,Chelsea,Arsenal,2,0,19/09/2015 15:45,Mesut Özil,Pass
58102,34,MissedShots,0.85,0.728000031,0.00931555,Aaron Ramsey,a,504,OpenPlay,2015,RightFoot,131,Chelsea,Arsenal,2,0,19/09/2015 15:45,Mesut Özil,Chipped
58109,49,BlockedShot,0.784000015,0.420999985,0.091158003,Alexis Sánchez,a,498,DirectFreekick,2015,RightFoot,131,Chelsea,Arsenal,2,0,19/09/2015 15:45,,Standard
58113,59,MissedShots,0.936999969,0.412000008,0.44483301,Alexis Sánchez,a,498,OpenPlay,2015,RightFoot,131,Chelsea,Arsenal,2,0,19/09/2015 15:45,,None
58114,63,MissedShots,0.818000031,0.725999985,0.022198901,Theo Walcott,a,503,OpenPlay,2015,RightFoot,131,Chelsea,Arsenal,2,0,19/09/2015 15:45,Nacho Monreal,TakeOn
58119,77,BlockedShot,0.82,0.66,0.033541001,Theo Walcott,a,503,OpenPlay,2015,RightFoot,131,Chelsea,Arsenal,2,0,19/09/2015 15:45,,None
58124,90,OwnGoal,0.105,0.465999985,0,Calum Chambers,a,508,OpenPlay,2015,OtherBodyPart,131,Chelsea,Arsenal,2,0,19/09/2015 15:45,,None
58125,92,SavedShot,0.916999969,0.485,0.096809097,Aaron Ramsey,a,504,OpenPlay,2015,RightFoot,131,Chelsea,Arsenal,2,0,19/09/2015 15:45,Theo Walcott,HeadPass
58193,6,MissedShots,0.899000015,0.490999985,0.11214,Florian Thauvin,h,942,OpenPlay,2015,LeftFoot,132,Newcastle United,Watford,1,2,19/09/2015 18:00,,CornerAwarded
58194,6,SavedShot,0.915,0.507000008,0.487854004,Papiss Demba Cissé,h,850,OpenPlay,2015,LeftFoot,132,Newcastle United,Watford,1,2,19/09/2015 18:00,Florian Thauvin,None
58196,13,MissedShots,0.895,0.630999985,0.074836001,Papiss Demba Cissé,h,850,OpenPlay,2015,LeftFoot,132,Newcastle United,Watford,1,2,19/09/2015 18:00,Moussa Sissoko,Pass
58197,18,MissedShots,0.835,0.592000008,0.052124102,Moussa Sissoko,h,772,OpenPlay,2015,RightFoot,132,Newcastle United,Watford,1,2,19/09/2015 18:00,Massadio Haidara,Pass
58204,36,MissedShots,0.760999985,0.499000015,0.0166135,Ayoze Pérez,h,770,OpenPlay,2015,RightFoot,132,Newcastle United,Watford,1,2,19/09/2015 18:00,Georginio Wijnaldum,Pass
58205,38,SavedShot,0.811999969,0.365999985,0.0267669,Florian Thauvin,h,942,OpenPlay,2015,LeftFoot,132,Newcastle United,Watford,1,2,19/09/2015 18:00,Moussa Sissoko,Chipped
58206,42,BlockedShot,0.724000015,0.372999992,0.00957744,Chancel Mbemba,h,849,OpenPlay,2015,RightFoot,132,Newcastle United,Watford,1,2,19/09/2015 18:00,,TakeOn
58208,50,BlockedShot,0.85,0.693000031,0.040975101,Florian Thauvin,h,942,OpenPlay,2015,LeftFoot,132,Newcastle United,Watford,1,2,19/09/2015 18:00,Moussa Sissoko,Pass
58209,58,BlockedShot,0.919000015,0.696999969,0.0264249,Ayoze Pérez,h,770,OpenPlay,2015,RightFoot,132,Newcastle United,Watford,1,2,19/09/2015 18:00,Florian Thauvin,Cross
58210,61,Goal,0.935999985,0.382000008,0.099142499,Daryl Janmaat,h,764,OpenPlay,2015,RightFoot,132,Newcastle United,Watford,1,2,19/09/2015 18:00,Moussa Sissoko,Pass
58212,66,SavedShot,0.784000015,0.268999996,0.0175128,Daryl Janmaat,h,764,FromCorner,2015,LeftFoot,132,Newcastle United,Watford,1,2,19/09/2015 18:00,Florian Thauvin,Pass
58213,66,MissedShots,0.738000031,0.500999985,0.0157173,Massadio Haidara,h,943,FromCorner,2015,LeftFoot,132,Newcastle United,Watford,1,2,19/09/2015 18:00,,None
58214,68,MissedShots,0.904000015,0.512999992,0.073527403,Siem de Jong,h,774,OpenPlay,2015,Head,132,Newcastle United,Watford,1,2,19/09/2015 18:00,Daryl Janmaat,Cross
58216,73,MissedShots,0.800999985,0.719000015,0.0226447,Florian Thauvin,h,942,OpenPlay,2015,LeftFoot,132,Newcastle United,Watford,1,2,19/09/2015 18:00,Georginio Wijnaldum,Pass
58217,78,SavedShot,0.845,0.447000008,0.075282097,Siem de Jong,h,774,OpenPlay,2015,RightFoot,132,Newcastle United,Watford,1,2,19/09/2015 18:00,Georginio Wijnaldum,Pass
58191,4,MissedShots,0.786999969,0.339000015,0.0252374,Odion Ighalo,a,573,OpenPlay,2015,RightFoot,132,Newcastle United,Watford,1,2,19/09/2015 18:00,Etienne Capoue,TakeOn
58192,5,MissedShots,0.879000015,0.425999985,0.319350004,Odion Ighalo,a,573,OpenPlay,2015,RightFoot,132,Newcastle United,Watford,1,2,19/09/2015 18:00,Almen Abdi,HeadPass
58195,9,Goal,0.865,0.56,0.102773003,Odion Ighalo,a,573,OpenPlay,2015,RightFoot,132,Newcastle United,Watford,1,2,19/09/2015 18:00,Etienne Capoue,Pass
58198,21,MissedShots,0.785,0.522000008,0.050206099,Troy Deeney,a,574,OpenPlay,2015,RightFoot,132,Newcastle United,Watford,1,2,19/09/2015 18:00,Almen Abdi,Pass
58199,23,SavedShot,0.75,0.640999985,0.0230268,Jurado,a,582,OpenPlay,2015,RightFoot,132,Newcastle United,Watford,1,2,19/09/2015 18:00,Almen Abdi,Pass
58200,27,SavedShot,0.881999969,0.740999985,0.034667801,Odion Ighalo,a,573,OpenPlay,2015,LeftFoot,132,Newcastle United,Watford,1,2,19/09/2015 18:00,Ikechi Anya,Pass
58201,27,Goal,0.945999985,0.33,0.56526798,Odion Ighalo,a,573,OpenPlay,2015,RightFoot,132,Newcastle United,Watford,1,2,19/09/2015 18:00,Troy Deeney,TakeOn
58202,34,BlockedShot,0.699000015,0.271000004,0.0100969,Nyom,a,565,OpenPlay,2015,RightFoot,132,Newcastle United,Watford,1,2,19/09/2015 18:00,Ben Watson,TakeOn
58203,35,MissedShots,0.885,0.445,0.0296431,Sebastian Prödl,a,566,FromCorner,2015,Head,132,Newcastle United,Watford,1,2,19/09/2015 18:00,Almen Abdi,Cross
58207,47,BlockedShot,0.74,0.490999985,0.020948499,Troy Deeney,a,574,OpenPlay,2015,RightFoot,132,Newcastle United,Watford,1,2,19/09/2015 18:00,,TakeOn
58211,64,MissedShots,0.971999969,0.653000031,0.0114135,Troy Deeney,a,574,FromCorner,2015,Head,132,Newcastle United,Watford,1,2,19/09/2015 18:00,Almen Abdi,Cross
58215,72,BlockedShot,0.784000015,0.653000031,0.0278442,Troy Deeney,a,574,OpenPlay,2015,RightFoot,132,Newcastle United,Watford,1,2,19/09/2015 18:00,Sebastian Prödl,Pass
58218,89,MissedShots,0.879000015,0.385,0.119129002,Nyom,a,565,OpenPlay,2015,LeftFoot,132,Newcastle United,Watford,1,2,19/09/2015 18:00,Steven Berghuis,TakeOn
58051,23,MissedShots,0.781999969,0.663000031,0.0199019,Ashley Westwood,h,669,OpenPlay,2015,RightFoot,133,Aston Villa,West Bromwich Albion,0,1,19/09/2015 18:00,Jack Grealish,Pass
58052,25,BlockedShot,0.869000015,0.509000015,0.109346002,Carles Gil,h,670,OpenPlay,2015,LeftFoot,133,Aston Villa,West Bromwich Albion,0,1,19/09/2015 18:00,Gabriel Agbonlahor,Pass
58054,33,BlockedShot,0.796999969,0.665999985,0.052053001,Jack Grealish,h,675,OpenPlay,2015,RightFoot,133,Aston Villa,West Bromwich Albion,0,1,19/09/2015 18:00,Gabriel Agbonlahor,TakeOn
58055,33,BlockedShot,0.705,0.560999985,0.0140813,Carlos Sánchez,h,667,OpenPlay,2015,LeftFoot,133,Aston Villa,West Bromwich Albion,0,1,19/09/2015 18:00,Jordan Amavi,Pass
58058,41,MissedShots,0.811999969,0.494000015,0.0454695,Ashley Westwood,h,669,OpenPlay,2015,RightFoot,133,Aston Villa,West Bromwich Albion,0,1,19/09/2015 18:00,,None
58059,51,SavedShot,0.758000031,0.317999992,0.0156116,Carlos Sánchez,h,667,OpenPlay,2015,LeftFoot,133,Aston Villa,West Bromwich Albion,0,1,19/09/2015 18:00,,None
58060,55,SavedShot,0.765,0.325999985,0.0543079,Carles Gil,h,670,DirectFreekick,2015,LeftFoot,133,Aston Villa,West Bromwich Albion,0,1,19/09/2015 18:00,,Standard
58063,63,MissedShots,0.808000031,0.52,0.044739898,Jack Grealish,h,675,SetPiece,2015,RightFoot,133,Aston Villa,West Bromwich Albion,0,1,19/09/2015 18:00,Carles Gil,Pass
58065,71,MissedShots,0.813000031,0.66,0.093486696,Ashley Westwood,h,669,DirectFreekick,2015,RightFoot,133,Aston Villa,West Bromwich Albion,0,1,19/09/2015 18:00,,Standard
58067,78,BlockedShot,0.711999969,0.482000008,0.042619999,Leandro Bacuna,h,674,DirectFreekick,2015,RightFoot,133,Aston Villa,West Bromwich Albion,0,1,19/09/2015 18:00,,Standard
58069,89,SavedShot,0.773000031,0.821999969,0.0120946,Jordan Amavi,h,961,OpenPlay,2015,LeftFoot,133,Aston Villa,West Bromwich Albion,0,1,19/09/2015 18:00,Jack Grealish,Pass
58070,90,MissedShots,0.920999985,0.482999992,0.311134011,Rudy Gestede,h,671,OpenPlay,2015,Head,133,Aston Villa,West Bromwich Albion,0,1,19/09/2015 18:00,Leandro Bacuna,Cross
58071,93,BlockedShot,0.865,0.422999992,0.061872501,Rudy Gestede,h,671,OpenPlay,2015,LeftFoot,133,Aston Villa,West Bromwich Albion,0,1,19/09/2015 18:00,,Interception
58048,1,SavedShot,0.895,0.534000015,0.078749098,Salomón Rondón,a,813,OpenPlay,2015,Head,133,Aston Villa,West Bromwich Albion,0,1,19/09/2015 18:00,Chris Brunt,Cross
58049,6,BlockedShot,0.878000031,0.565999985,0.110508002,Salomón Rondón,a,813,OpenPlay,2015,RightFoot,133,Aston Villa,West Bromwich Albion,0,1,19/09/2015 18:00,Darren Fletcher,Pass
58050,6,MissedShots,0.766999969,0.465999985,0.028174199,Chris Brunt,a,904,FromCorner,2015,RightFoot,133,Aston Villa,West Bromwich Albion,0,1,19/09/2015 18:00,Saido Berahino,Pass
58053,30,SavedShot,0.719000015,0.552999992,0.018097401,Darren Fletcher,a,809,OpenPlay,2015,LeftFoot,133,Aston Villa,West Bromwich Albion,0,1,19/09/2015 18:00,Craig Dawson,Pass
58056,38,BlockedShot,0.774000015,0.545,0.0240844,James Morrison,a,990,OpenPlay,2015,RightFoot,133,Aston Villa,West Bromwich Albion,0,1,19/09/2015 18:00,Salomón Rondón,Pass
58057,38,Goal,0.876999969,0.51,0.096369497,Saido Berahino,a,811,OpenPlay,2015,RightFoot,133,Aston Villa,West Bromwich Albion,0,1,19/09/2015 18:00,James Morrison,Rebound
58061,56,BlockedShot,0.979000015,0.399000015,0.122014001,Salomón Rondón,a,813,OpenPlay,2015,RightFoot,133,Aston Villa,West Bromwich Albion,0,1,19/09/2015 18:00,Craig Dawson,Pass
58062,59,SavedShot,0.785,0.367000008,0.038991202,Salomón Rondón,a,813,OpenPlay,2015,LeftFoot,133,Aston Villa,West Bromwich Albion,0,1,19/09/2015 18:00,Craig Dawson,BallRecovery
58064,64,SavedShot,0.869000015,0.68,0.063464403,Salomón Rondón,a,813,OpenPlay,2015,RightFoot,133,Aston Villa,West Bromwich Albion,0,1,19/09/2015 18:00,Saido Berahino,Pass
58066,77,MissedShots,0.835,0.751999969,0.031865101,James Morrison,a,990,OpenPlay,2015,RightFoot,133,Aston Villa,West Bromwich Albion,0,1,19/09/2015 18:00,Claudio Yacob,Pass
58068,82,SavedShot,0.96,0.640999985,0.022765299,Salomón Rondón,a,813,OpenPlay,2015,Head,133,Aston Villa,West Bromwich Albion,0,1,19/09/2015 18:00,James McClean,Cross
58072,3,Goal,0.878000031,0.347000008,0.071162798,Callum Wilson,h,468,OpenPlay,2015,RightFoot,134,Bournemouth,Sunderland,2,0,19/09/2015 18:00,Dan Gosling,Pass
58073,8,Goal,0.793000031,0.595999985,0.023576699,Matt Ritchie,h,461,FromCorner,2015,LeftFoot,134,Bournemouth,Sunderland,2,0,19/09/2015 18:00,,None
58075,23,BlockedShot,0.875999985,0.243999996,0.0123865,Callum Wilson,h,468,SetPiece,2015,RightFoot,134,Bournemouth,Sunderland,2,0,19/09/2015 18:00,,Aerial
58077,32,MissedShots,0.875999985,0.475999985,0.027367599,Marc Pugh,h,466,FromCorner,2015,Head,134,Bournemouth,Sunderland,2,0,19/09/2015 18:00,Simon Francis,Cross
58080,40,SavedShot,0.739000015,0.442000008,0.020432301,Lee Tomlin,h,975,OpenPlay,2015,RightFoot,134,Bournemouth,Sunderland,2,0,19/09/2015 18:00,Dan Gosling,BallRecovery
58081,43,BlockedShot,0.804000015,0.273999996,0.061172899,Matt Ritchie,h,461,DirectFreekick,2015,LeftFoot,134,Bournemouth,Sunderland,2,0,19/09/2015 18:00,,Standard
58085,64,BlockedShot,0.904000015,0.367000008,0.0114939,Sylvain Distin,h,828,FromCorner,2015,Head,134,Bournemouth,Sunderland,2,0,19/09/2015 18:00,Charlie Daniels,Aerial
58086,69,BlockedShot,0.735999985,0.671999969,0.026132699,Marc Pugh,h,466,OpenPlay,2015,RightFoot,134,Bournemouth,Sunderland,2,0,19/09/2015 18:00,Charlie Daniels,Pass
58087,72,MissedShots,0.766999969,0.730999985,0.044448402,Matt Ritchie,h,461,DirectFreekick,2015,LeftFoot,134,Bournemouth,Sunderland,2,0,19/09/2015 18:00,,Standard
58088,75,SavedShot,0.81,0.739000015,0.059990302,Marc Pugh,h,466,DirectFreekick,2015,RightFoot,134,Bournemouth,Sunderland,2,0,19/09/2015 18:00,,Standard
58089,84,BlockedShot,0.82,0.627999992,0.036530402,Andrew Surman,h,460,SetPiece,2015,LeftFoot,134,Bournemouth,Sunderland,2,0,19/09/2015 18:00,Charlie Daniels,Pass
58090,85,ShotOnPost,0.895999985,0.615999985,0.112342998,Marc Pugh,h,466,OpenPlay,2015,RightFoot,134,Bournemouth,Sunderland,2,0,19/09/2015 18:00,Matt Ritchie,Cross
58093,91,BlockedShot,0.866999969,0.741999969,0.051338099,Marc Pugh,h,466,OpenPlay,2015,RightFoot,134,Bournemouth,Sunderland,2,0,19/09/2015 18:00,Adam Smith,Chipped
58094,91,SavedShot,0.845999985,0.75,0.038168099,Glenn Murray,h,882,OpenPlay,2015,RightFoot,134,Bournemouth,Sunderland,2,0,19/09/2015 18:00,Marc Pugh,Pass
58095,92,MissedShots,0.81,0.35,0.047790799,Adam Smith,h,825,OpenPlay,2015,RightFoot,134,Bournemouth,Sunderland,2,0,19/09/2015 18:00,Charlie Daniels,Pass
58074,17,SavedShot,0.954000015,0.075,0.036508501,Jordi Gómez,a,931,DirectFreekick,2015,LeftFoot,134,Bournemouth,Sunderland,2,0,19/09/2015 18:00,,Standard
58076,28,BlockedShot,0.735,0.394000015,0.0151627,Fabio Borini,a,737,OpenPlay,2015,RightFoot,134,Bournemouth,Sunderland,2,0,19/09/2015 18:00,Ola Toivonen,Pass
58078,35,BlockedShot,0.748000031,0.755999985,0.035274301,Younes Kaboul,a,736,DirectFreekick,2015,RightFoot,134,Bournemouth,Sunderland,2,0,19/09/2015 18:00,,Standard
58079,39,SavedShot,0.895999985,0.587999992,0.308542997,Jermain Defoe,a,735,OpenPlay,2015,RightFoot,134,Bournemouth,Sunderland,2,0,19/09/2015 18:00,,BlockedPass
58082,52,BlockedShot,0.844000015,0.552999992,0.079579897,Fabio Borini,a,737,OpenPlay,2015,RightFoot,134,Bournemouth,Sunderland,2,0,19/09/2015 18:00,Jeremain Lens,Pass
58083,52,BlockedShot,0.760999985,0.369000015,0.011091,Jack Rodwell,a,733,OpenPlay,2015,RightFoot,134,Bournemouth,Sunderland,2,0,19/09/2015 18:00,,Rebound
58084,59,MissedShots,0.728000031,0.452000008,0.0103687,Fabio Borini,a,737,OpenPlay,2015,RightFoot,134,Bournemouth,Sunderland,2,0,19/09/2015 18:00,,None
58091,86,MissedShots,0.705,0.560999985,0.00874999,Jeremain Lens,a,781,OpenPlay,2015,RightFoot,134,Bournemouth,Sunderland,2,0,19/09/2015 18:00,Steven Fletcher,Pass
58092,87,MissedShots,0.97,0.415,0.35047099,Billy Jones,a,742,SetPiece,2015,LeftFoot,134,Bournemouth,Sunderland,2,0,19/09/2015 18:00,Yann M&#039;Vila,Chipped
58245,10,BlockedShot,0.795,0.62,0.028736001,Marco van Ginkel,h,946,OpenPlay,2015,LeftFoot,135,Stoke,Leicester,2,2,19/09/2015 18:00,Marko Arnautovic,Pass
58246,12,Goal,0.888000031,0.560999985,0.371897012,Bojan,h,871,OpenPlay,2015,LeftFoot,135,Stoke,Leicester,2,2,19/09/2015 18:00,Marko Arnautovic,Throughball
58247,17,MissedShots,0.765999985,0.317000008,0.015716201,Glen Johnson,h,944,OpenPlay,2015,LeftFoot,135,Stoke,Leicester,2,2,19/09/2015 18:00,Xherdan Shaqiri,TakeOn
58248,19,Goal,0.86,0.53,0.373266995,Jonathan Walters,h,863,OpenPlay,2015,RightFoot,135,Stoke,Leicester,2,2,19/09/2015 18:00,,None
58253,37,BlockedShot,0.904000015,0.49,0.100218996,Marco van Ginkel,h,946,SetPiece,2015,Head,135,Stoke,Leicester,2,2,19/09/2015 18:00,Xherdan Shaqiri,Cross
58254,40,MissedShots,0.57,0.302999992,0.00911793,Bojan,h,871,OpenPlay,2015,RightFoot,135,Stoke,Leicester,2,2,19/09/2015 18:00,,BallRecovery
58258,54,MissedShots,0.93,0.565999985,0.065540701,Jonathan Walters,h,863,OpenPlay,2015,Head,135,Stoke,Leicester,2,2,19/09/2015 18:00,Marc Wilson,Aerial
58259,61,SavedShot,0.815,0.359000015,0.063645497,Marco van Ginkel,h,946,OpenPlay,2015,LeftFoot,135,Stoke,Leicester,2,2,19/09/2015 18:00,Xherdan Shaqiri,TakeOn
58262,62,MissedShots,0.744000015,0.637000008,0.025279099,Xherdan Shaqiri,h,888,OpenPlay,2015,LeftFoot,135,Stoke,Leicester,2,2,19/09/2015 18:00,Glenn Whelan,Pass
58264,77,MissedShots,0.876999969,0.515,0.0146375,Geoff Cameron,h,859,SetPiece,2015,Head,135,Stoke,Leicester,2,2,19/09/2015 18:00,Xherdan Shaqiri,Aerial
58265,80,SavedShot,0.823000031,0.292999992,0.079114497,Xherdan Shaqiri,h,888,DirectFreekick,2015,LeftFoot,135,Stoke,Leicester,2,2,19/09/2015 18:00,,Standard
58244,9,SavedShot,0.780999985,0.502000008,0.0341786,Riyad Mahrez,a,750,OpenPlay,2015,LeftFoot,135,Stoke,Leicester,2,2,19/09/2015 18:00,Jeffrey Schlupp,Pass
58249,30,BlockedShot,0.744000015,0.555999985,0.0140095,Daniel Drinkwater,a,752,OpenPlay,2015,RightFoot,135,Stoke,Leicester,2,2,19/09/2015 18:00,Riyad Mahrez,Pass
58250,30,MissedShots,0.915999985,0.547999992,0.029199,Robert Huth,a,747,FromCorner,2015,Head,135,Stoke,Leicester,2,2,19/09/2015 18:00,Riyad Mahrez,Aerial
58251,31,SavedShot,0.7,0.432999992,0.0123808,N&#039;Golo Kanté,a,751,OpenPlay,2015,RightFoot,135,Stoke,Leicester,2,2,19/09/2015 18:00,Ritchie de Laet,Pass
58252,35,MissedShots,0.855999985,0.28,0.080705501,Ritchie de Laet,a,955,OpenPlay,2015,RightFoot,135,Stoke,Leicester,2,2,19/09/2015 18:00,Daniel Drinkwater,Throughball
58255,41,MissedShots,0.94,0.542000008,0.102022998,Shinji Okazaki,a,754,OpenPlay,2015,Head,135,Stoke,Leicester,2,2,19/09/2015 18:00,Ritchie de Laet,Aerial
58256,50,Goal,0.885,0.5,0.761169016,Riyad Mahrez,a,750,Penalty,2015,LeftFoot,135,Stoke,Leicester,2,2,19/09/2015 18:00,,Standard
58257,52,MissedShots,0.881999969,0.417000008,0.030855499,Jamie Vardy,a,755,FromCorner,2015,LeftFoot,135,Stoke,Leicester,2,2,19/09/2015 18:00,,Aerial
58260,61,SavedShot,0.901999969,0.312000008,0.048656199,Jamie Vardy,a,755,OpenPlay,2015,LeftFoot,135,Stoke,Leicester,2,2,19/09/2015 18:00,Daniel Drinkwater,TakeOn
58261,61,MissedShots,0.759000015,0.392000008,0.0190775,Daniel Drinkwater,a,752,OpenPlay,2015,RightFoot,135,Stoke,Leicester,2,2,19/09/2015 18:00,Jamie Vardy,Pass
58263,68,Goal,0.871999969,0.56,0.071508199,Jamie Vardy,a,755,OpenPlay,2015,LeftFoot,135,Stoke,Leicester,2,2,19/09/2015 18:00,Riyad Mahrez,HeadPass
58266,93,MissedShots,0.765999985,0.542000008,0.022058301,Jamie Vardy,a,755,OpenPlay,2015,RightFoot,135,Stoke,Leicester,2,2,19/09/2015 18:00,Leonardo Ulloa,TakeOn
58269,16,SavedShot,0.88,0.577000008,0.072007798,Bafétimbi Gomis,h,717,OpenPlay,2015,RightFoot,136,Swansea,Everton,0,0,19/09/2015 18:00,Kyle Naughton,Cross
58270,17,MissedShots,0.830999985,0.440999985,0.317378998,Bafétimbi Gomis,h,717,OpenPlay,2015,RightFoot,136,Swansea,Everton,0,0,19/09/2015 18:00,,Tackle
58271,19,MissedShots,0.868000031,0.565999985,0.0167011,Federico Fernández,h,708,FromCorner,2015,Head,136,Swansea,Everton,0,0,19/09/2015 18:00,Jonjo Shelvey,Cross
58277,41,BlockedShot,0.730999985,0.442999992,0.016626701,Jonjo Shelvey,h,769,OpenPlay,2015,RightFoot,136,Swansea,Everton,0,0,19/09/2015 18:00,Bafétimbi Gomis,Pass
58278,45,BlockedShot,0.855999985,0.420999985,0.048466299,Bafétimbi Gomis,h,717,OpenPlay,2015,LeftFoot,136,Swansea,Everton,0,0,19/09/2015 18:00,Jefferson Montero,Cross
58279,45,MissedShots,0.946999969,0.477999992,0.149707004,André Ayew,h,713,OpenPlay,2015,Head,136,Swansea,Everton,0,0,19/09/2015 18:00,Jefferson Montero,Cross
58283,56,MissedShots,0.805999985,0.263999996,0.0590952,Gylfi Sigurdsson,h,714,DirectFreekick,2015,RightFoot,136,Swansea,Everton,0,0,19/09/2015 18:00,,Standard
58286,61,SavedShot,0.913000031,0.783000031,0.0236017,Jefferson Montero,h,715,OpenPlay,2015,RightFoot,136,Swansea,Everton,0,0,19/09/2015 18:00,Ki Sung-yueng,TakeOn
58287,64,BlockedShot,0.814000015,0.733000031,0.023393299,Jefferson Montero,h,715,OpenPlay,2015,RightFoot,136,Swansea,Everton,0,0,19/09/2015 18:00,Jonjo Shelvey,Pass
58288,67,SavedShot,0.789000015,0.45,0.037706699,Bafétimbi Gomis,h,717,OpenPlay,2015,LeftFoot,136,Swansea,Everton,0,0,19/09/2015 18:00,Kyle Naughton,Pass
58294,88,MissedShots,0.77,0.467000008,0.0274405,Jonjo Shelvey,h,769,OpenPlay,2015,LeftFoot,136,Swansea,Everton,0,0,19/09/2015 18:00,Modou Barrow,Pass
58295,94,MissedShots,0.865,0.500999985,0.072741799,Ki Sung-yueng,h,723,SetPiece,2015,LeftFoot,136,Swansea,Everton,0,0,19/09/2015 18:00,Eder,None
58267,13,BlockedShot,0.794000015,0.430999985,0.107321002,Romelu Lukaku,a,594,DirectFreekick,2015,LeftFoot,136,Swansea,Everton,0,0,19/09/2015 18:00,,Standard
58268,14,MissedShots,0.895,0.569000015,0.035523299,Phil Jagielka,a,587,FromCorner,2015,Head,136,Swansea,Everton,0,0,19/09/2015 18:00,Ross Barkley,Cross
58272,19,BlockedShot,0.849000015,0.465999985,0.106578,Steven Naismith,a,824,OpenPlay,2015,RightFoot,136,Swansea,Everton,0,0,19/09/2015 18:00,Romelu Lukaku,TakeOn
58273,29,BlockedShot,0.785999985,0.38,0.020129301,Steven Naismith,a,824,SetPiece,2015,RightFoot,136,Swansea,Everton,0,0,19/09/2015 18:00,,None
58274,29,SavedShot,0.904000015,0.525,0.123704001,Romelu Lukaku,a,594,SetPiece,2015,LeftFoot,136,Swansea,Everton,0,0,19/09/2015 18:00,Steven Naismith,Rebound
58275,35,MissedShots,0.783000031,0.407000008,0.030306799,Arouna Koné,a,601,OpenPlay,2015,RightFoot,136,Swansea,Everton,0,0,19/09/2015 18:00,Steven Naismith,Pass
58276,37,BlockedShot,0.88,0.330999985,0.068471998,Romelu Lukaku,a,594,OpenPlay,2015,RightFoot,136,Swansea,Everton,0,0,19/09/2015 18:00,Ross Barkley,Pass
58280,48,MissedShots,0.785999985,0.658000031,0.0225899,Phil Jagielka,a,587,OpenPlay,2015,RightFoot,136,Swansea,Everton,0,0,19/09/2015 18:00,Arouna Koné,Pass
58281,49,MissedShots,0.948000031,0.686999969,0.058005199,Brendan Galloway,a,909,OpenPlay,2015,LeftFoot,136,Swansea,Everton,0,0,19/09/2015 18:00,Ross Barkley,TakeOn
58282,52,MissedShots,0.89,0.362999992,0.321433991,Romelu Lukaku,a,594,OpenPlay,2015,RightFoot,136,Swansea,Everton,0,0,19/09/2015 18:00,Gareth Barry,Throughball
58284,57,BlockedShot,0.811999969,0.382000008,0.043101002,Ross Barkley,a,592,OpenPlay,2015,RightFoot,136,Swansea,Everton,0,0,19/09/2015 18:00,Steven Naismith,Pass
58285,57,BlockedShot,0.96,0.663000031,0.279653013,Romelu Lukaku,a,594,OpenPlay,2015,LeftFoot,136,Swansea,Everton,0,0,19/09/2015 18:00,,Rebound
58289,70,MissedShots,0.869000015,0.678000031,0.0454459,James McCarthy,a,589,OpenPlay,2015,LeftFoot,136,Swansea,Everton,0,0,19/09/2015 18:00,Ross Barkley,Pass
58290,71,BlockedShot,0.858000031,0.625,0.058628,Brendan Galloway,a,909,OpenPlay,2015,LeftFoot,136,Swansea,Everton,0,0,19/09/2015 18:00,,None
58291,71,BlockedShot,0.801999969,0.665999985,0.0230822,Ross Barkley,a,592,FromCorner,2015,RightFoot,136,Swansea,Everton,0,0,19/09/2015 18:00,Steven Naismith,Pass
58292,75,BlockedShot,0.85,0.55,0.337036014,Romelu Lukaku,a,594,OpenPlay,2015,LeftFoot,136,Swansea,Everton,0,0,19/09/2015 18:00,Ross Barkley,Throughball
58293,82,MissedShots,0.869000015,0.555,0.108111002,Steven Naismith,a,824,OpenPlay,2015,RightFoot,136,Swansea,Everton,0,0,19/09/2015 18:00,Gerard Deulofeu,Pass
58158,3,SavedShot,0.915,0.489000015,0.039107598,Fernandinho,h,614,FromCorner,2015,Head,137,Manchester City,West Ham,1,2,19/09/2015 20:30,Kevin De Bruyne,Aerial
58160,8,MissedShots,0.815999985,0.33,0.543699026,Sergio Agüero,h,619,OpenPlay,2015,RightFoot,137,Manchester City,West Ham,1,2,19/09/2015 20:30,,TakeOn
58161,12,MissedShots,0.91,0.397999992,0.027839599,Nicolás Otamendi,h,611,FromCorner,2015,Head,137,Manchester City,West Ham,1,2,19/09/2015 20:30,Jesús Navas,Cross
58164,38,SavedShot,0.860999985,0.276000004,0.024623901,Jesús Navas,h,616,OpenPlay,2015,RightFoot,137,Manchester City,West Ham,1,2,19/09/2015 20:30,Kevin De Bruyne,Pass
58165,38,MissedShots,0.848000031,0.688000031,0.0393687,Sergio Agüero,h,619,OpenPlay,2015,RightFoot,137,Manchester City,West Ham,1,2,19/09/2015 20:30,Raheem Sterling,Pass
58166,39,BlockedShot,0.956999969,0.445,0.431869,Sergio Agüero,h,619,OpenPlay,2015,RightFoot,137,Manchester City,West Ham,1,2,19/09/2015 20:30,Bacary Sagna,Cross
58167,39,SavedShot,0.979000015,0.435,0.566877007,Sergio Agüero,h,619,OpenPlay,2015,LeftFoot,137,Manchester City,West Ham,1,2,19/09/2015 20:30,,Rebound
58168,44,MissedShots,0.865999985,0.567000008,0.090095699,Sergio Agüero,h,619,OpenPlay,2015,LeftFoot,137,Manchester City,West Ham,1,2,19/09/2015 20:30,Kevin De Bruyne,Pass
58169,46,Goal,0.790999985,0.562999992,0.0462243,Kevin De Bruyne,h,447,OpenPlay,2015,RightFoot,137,Manchester City,West Ham,1,2,19/09/2015 20:30,Sergio Agüero,Pass
58170,47,BlockedShot,0.854000015,0.420999985,0.073842302,Kevin De Bruyne,h,447,OpenPlay,2015,RightFoot,137,Manchester City,West Ham,1,2,19/09/2015 20:30,Jesús Navas,Pass
58172,47,MissedShots,0.785999985,0.25,0.015765101,Yaya Touré,h,878,OpenPlay,2015,RightFoot,137,Manchester City,West Ham,1,2,19/09/2015 20:30,Jesús Navas,LayOff
58173,51,BlockedShot,0.875,0.490999985,0.0757825,Yaya Touré,h,878,OpenPlay,2015,RightFoot,137,Manchester City,West Ham,1,2,19/09/2015 20:30,,BallRecovery
58174,52,SavedShot,0.923000031,0.580999985,0.046434201,Nicolás Otamendi,h,611,FromCorner,2015,Head,137,Manchester City,West Ham,1,2,19/09/2015 20:30,Aleksandar Kolarov,Chipped
58175,54,SavedShot,0.91,0.427000008,0.419656008,Yaya Touré,h,878,OpenPlay,2015,RightFoot,137,Manchester City,West Ham,1,2,19/09/2015 20:30,Raheem Sterling,TakeOn
58176,55,SavedShot,0.775999985,0.422999992,0.028618401,Yaya Touré,h,878,OpenPlay,2015,LeftFoot,137,Manchester City,West Ham,1,2,19/09/2015 20:30,Jesús Navas,Pass
58178,59,MissedShots,0.734000015,0.678000031,0.0149325,Aleksandar Kolarov,h,621,OpenPlay,2015,LeftFoot,137,Manchester City,West Ham,1,2,19/09/2015 20:30,Yaya Touré,Pass
58179,60,BlockedShot,0.706999969,0.557000008,0.0153898,Nicolás Otamendi,h,611,OpenPlay,2015,RightFoot,137,Manchester City,West Ham,1,2,19/09/2015 20:30,Martín Demichelis,Pass
58180,62,MissedShots,0.909000015,0.324000015,0.199973002,Yaya Touré,h,878,OpenPlay,2015,RightFoot,137,Manchester City,West Ham,1,2,19/09/2015 20:30,Martín Demichelis,Pass
58181,67,BlockedShot,0.895,0.385999985,0.064610101,Yaya Touré,h,878,OpenPlay,2015,LeftFoot,137,Manchester City,West Ham,1,2,19/09/2015 20:30,,None
58182,71,MissedShots,0.95,0.512999992,0.119485997,Wilfried Bony,h,622,OpenPlay,2015,Head,137,Manchester City,West Ham,1,2,19/09/2015 20:30,Bacary Sagna,Cross
58183,72,BlockedShot,0.813000031,0.527999992,0.042612001,Fernandinho,h,614,OpenPlay,2015,RightFoot,137,Manchester City,West Ham,1,2,19/09/2015 20:30,Wilfried Bony,Pass
58184,80,BlockedShot,0.899000015,0.440999985,0.042453401,Wilfried Bony,h,622,OpenPlay,2015,OtherBodyPart,137,Manchester City,West Ham,1,2,19/09/2015 20:30,Bacary Sagna,Cross
58185,80,MissedShots,0.8,0.590999985,0.0167621,Kevin De Bruyne,h,447,FromCorner,2015,RightFoot,137,Manchester City,West Ham,1,2,19/09/2015 20:30,,Aerial
58186,82,BlockedShot,0.841999969,0.357000008,0.042082001,Yaya Touré,h,878,OpenPlay,2015,RightFoot,137,Manchester City,West Ham,1,2,19/09/2015 20:30,Jesús Navas,Pass
58187,83,BlockedShot,0.799000015,0.517999992,0.0379101,Kevin De Bruyne,h,447,OpenPlay,2015,LeftFoot,137,Manchester City,West Ham,1,2,19/09/2015 20:30,Yaya Touré,Pass
58188,84,SavedShot,0.97,0.582999992,0.087843403,Nicolás Otamendi,h,611,FromCorner,2015,Head,137,Manchester City,West Ham,1,2,19/09/2015 20:30,Kevin De Bruyne,Cross
58190,91,BlockedShot,0.893000031,0.532000008,0.075612999,Wilfried Bony,h,622,SetPiece,2015,Head,137,Manchester City,West Ham,1,2,19/09/2015 20:30,Yaya Touré,Cross
58159,5,Goal,0.744000015,0.372999992,0.0198342,Victor Moses,a,541,OpenPlay,2015,RightFoot,137,Manchester City,West Ham,1,2,19/09/2015 20:30,Dimitri Payet,Pass
58162,30,MissedShots,0.913000031,0.505,0.087698698,Winston Reid,a,529,FromCorner,2015,Head,137,Manchester City,West Ham,1,2,19/09/2015 20:30,Dimitri Payet,Cross
58163,30,Goal,0.97,0.455999985,0.634437978,Diafra Sakho,a,656,FromCorner,2015,RightFoot,137,Manchester City,West Ham,1,2,19/09/2015 20:30,Pedro Obiang,Pass
58171,45,MissedShots,0.853000031,0.305,0.028599501,Victor Moses,a,541,OpenPlay,2015,LeftFoot,137,Manchester City,West Ham,1,2,19/09/2015 20:30,Manuel Lanzini,Cross
58177,57,MissedShots,0.905,0.690999985,0.213220999,Diafra Sakho,a,656,OpenPlay,2015,RightFoot,137,Manchester City,West Ham,1,2,19/09/2015 20:30,Dimitri Payet,Pass
58189,88,SavedShot,0.710999985,0.69,0.0114822,Dimitri Payet,a,536,OpenPlay,2015,RightFoot,137,Manchester City,West Ham,1,2,19/09/2015 20:30,,Aerial
58296,2,BlockedShot,0.74,0.54,0.0170254,Son Heung-Min,h,453,OpenPlay,2015,RightFoot,138,Tottenham,Crystal Palace,1,0,20/09/2015 16:30,Ben Davies,TakeOn
58297,2,MissedShots,0.915,0.519000015,0.089653,Harry Kane,h,647,FromCorner,2015,Head,138,Tottenham,Crystal Palace,1,0,20/09/2015 16:30,Erik Lamela,Cross
58298,8,BlockedShot,0.720999985,0.41,0.0184092,Dele Alli,h,645,OpenPlay,2015,RightFoot,138,Tottenham,Crystal Palace,1,0,20/09/2015 16:30,Erik Lamela,Pass
58299,11,BlockedShot,0.789000015,0.522000008,0.034012001,Son Heung-Min,h,453,OpenPlay,2015,RightFoot,138,Tottenham,Crystal Palace,1,0,20/09/2015 16:30,Nacer Chadli,Pass
58300,16,SavedShot,0.755999985,0.549000015,0.0252323,Erik Lamela,h,644,OpenPlay,2015,LeftFoot,138,Tottenham,Crystal Palace,1,0,20/09/2015 16:30,Dele Alli,Pass
58302,21,SavedShot,0.811999969,0.62,0.043421701,Nacer Chadli,h,648,OpenPlay,2015,RightFoot,138,Tottenham,Crystal Palace,1,0,20/09/2015 16:30,Son Heung-Min,LayOff
58304,26,BlockedShot,0.800999985,0.592999992,0.031564999,Son Heung-Min,h,453,OpenPlay,2015,RightFoot,138,Tottenham,Crystal Palace,1,0,20/09/2015 16:30,Nacer Chadli,Pass
58305,29,MissedShots,0.696999969,0.522000008,0.0112539,Ben Davies,h,660,OpenPlay,2015,LeftFoot,138,Tottenham,Crystal Palace,1,0,20/09/2015 16:30,,None
58306,31,SavedShot,0.815999985,0.432999992,0.059593,Dele Alli,h,645,OpenPlay,2015,RightFoot,138,Tottenham,Crystal Palace,1,0,20/09/2015 16:30,Nacer Chadli,Pass
58307,31,MissedShots,0.873000031,0.355,0.071544699,Harry Kane,h,647,OpenPlay,2015,RightFoot,138,Tottenham,Crystal Palace,1,0,20/09/2015 16:30,Dele Alli,Pass
58309,34,MissedShots,0.865999985,0.462999992,0.064160302,Erik Lamela,h,644,OpenPlay,2015,LeftFoot,138,Tottenham,Crystal Palace,1,0,20/09/2015 16:30,Nacer Chadli,Cross
58314,52,SavedShot,0.786999969,0.684000015,0.064239196,Erik Lamela,h,644,DirectFreekick,2015,LeftFoot,138,Tottenham,Crystal Palace,1,0,20/09/2015 16:30,,Standard
58315,53,BlockedShot,0.904000015,0.584000015,0.0350077,Toby Alderweireld,h,639,FromCorner,2015,Head,138,Tottenham,Crystal Palace,1,0,20/09/2015 16:30,Erik Lamela,Cross
58316,57,SavedShot,0.919000015,0.292000008,0.044088099,Son Heung-Min,h,453,OpenPlay,2015,RightFoot,138,Tottenham,Crystal Palace,1,0,20/09/2015 16:30,Erik Lamela,Pass
58321,67,Goal,0.88,0.684000015,0.080438003,Son Heung-Min,h,453,OpenPlay,2015,LeftFoot,138,Tottenham,Crystal Palace,1,0,20/09/2015 16:30,Christian Eriksen,Pass
58322,72,MissedShots,0.696999969,0.524000015,0.0368369,Christian Eriksen,h,646,DirectFreekick,2015,RightFoot,138,Tottenham,Crystal Palace,1,0,20/09/2015 16:30,,Standard
58323,74,BlockedShot,0.804000015,0.53,0.059473801,Dele Alli,h,645,OpenPlay,2015,RightFoot,138,Tottenham,Crystal Palace,1,0,20/09/2015 16:30,,None
58324,76,MissedShots,0.858000031,0.635999985,0.124984004,Dele Alli,h,645,OpenPlay,2015,RightFoot,138,Tottenham,Crystal Palace,1,0,20/09/2015 16:30,Christian Eriksen,Chipped
58325,77,BlockedShot,0.799000015,0.726999969,0.0224097,Harry Kane,h,647,OpenPlay,2015,RightFoot,138,Tottenham,Crystal Palace,1,0,20/09/2015 16:30,Son Heung-Min,Pass
58326,80,BlockedShot,0.711999969,0.557000008,0.041583002,Harry Kane,h,647,DirectFreekick,2015,RightFoot,138,Tottenham,Crystal Palace,1,0,20/09/2015 16:30,,Standard
58327,81,BlockedShot,0.855,0.273999996,0.040797099,Erik Lamela,h,644,OpenPlay,2015,LeftFoot,138,Tottenham,Crystal Palace,1,0,20/09/2015 16:30,Harry Kane,Pass
58301,21,SavedShot,0.911999969,0.352000008,0.060373601,Brede Hangeland,a,933,FromCorner,2015,RightFoot,138,Tottenham,Crystal Palace,1,0,20/09/2015 16:30,Pape Souaré,HeadPass
58303,24,BlockedShot,0.768000031,0.656999969,0.0132996,Yannick Bolasie,a,518,OpenPlay,2015,RightFoot,138,Tottenham,Crystal Palace,1,0,20/09/2015 16:30,,TakeOn
58308,34,SavedShot,0.82,0.709000015,0.023477901,Yannick Bolasie,a,518,OpenPlay,2015,RightFoot,138,Tottenham,Crystal Palace,1,0,20/09/2015 16:30,Jason Puncheon,Chipped
58310,35,MissedShots,0.955999985,0.182000008,0.0246966,Yannick Bolasie,a,518,OpenPlay,2015,RightFoot,138,Tottenham,Crystal Palace,1,0,20/09/2015 16:30,Martin Kelly,Pass
58311,37,SavedShot,0.796999969,0.322000008,0.072580799,Bakary Sako,a,520,DirectFreekick,2015,LeftFoot,138,Tottenham,Crystal Palace,1,0,20/09/2015 16:30,,Standard
58312,37,BlockedShot,0.861999969,0.337999992,0.055397298,Bakary Sako,a,520,OpenPlay,2015,LeftFoot,138,Tottenham,Crystal Palace,1,0,20/09/2015 16:30,Martin Kelly,Pass
58313,44,ShotOnPost,0.890999985,0.292000008,0.045887802,Yohan Cabaye,a,516,OpenPlay,2015,RightFoot,138,Tottenham,Crystal Palace,1,0,20/09/2015 16:30,Wilfried Zaha,Pass
58317,64,SavedShot,0.880999985,0.256000004,0.0167877,Bakary Sako,a,520,OpenPlay,2015,RightFoot,138,Tottenham,Crystal Palace,1,0,20/09/2015 16:30,Pape Souaré,Cross
58318,64,BlockedShot,0.93,0.462000008,0.0515658,Brede Hangeland,a,933,FromCorner,2015,Head,138,Tottenham,Crystal Palace,1,0,20/09/2015 16:30,Jason Puncheon,Aerial
58319,64,MissedShots,0.954000015,0.490999985,0.149223998,Fraizer Campbell,a,634,FromCorner,2015,RightFoot,138,Tottenham,Crystal Palace,1,0,20/09/2015 16:30,,Rebound
58320,66,BlockedShot,0.733000031,0.415,0.0146246,Martin Kelly,a,525,OpenPlay,2015,RightFoot,138,Tottenham,Crystal Palace,1,0,20/09/2015 16:30,Yohan Cabaye,Pass
58328,90,MissedShots,0.794000015,0.76,0.0182184,Pape Souaré,a,513,OpenPlay,2015,RightFoot,138,Tottenham,Crystal Palace,1,0,20/09/2015 16:30,Damien Delaney,Pass
58219,9,MissedShots,0.779000015,0.579000015,0.035637598,Dusan Tadic,h,840,OpenPlay,2015,RightFoot,139,Southampton,Manchester United,2,3,20/09/2015 19:00,Sadio Mané,LayOff
58220,12,SavedShot,0.93,0.477999992,0.408582985,Sadio Mané,h,838,OpenPlay,2015,LeftFoot,139,Southampton,Manchester United,2,3,20/09/2015 19:00,James Ward-Prowse,Cross
58221,12,Goal,0.925999985,0.475999985,0.492632985,Graziano Pellè,h,841,OpenPlay,2015,RightFoot,139,Southampton,Manchester United,2,3,20/09/2015 19:00,,Rebound
58222,15,ShotOnPost,0.86,0.462000008,0.112512998,Graziano Pellè,h,841,OpenPlay,2015,RightFoot,139,Southampton,Manchester United,2,3,20/09/2015 19:00,Oriol Romeu,Pass
58224,19,SavedShot,0.811999969,0.547999992,0.0683029,James Ward-Prowse,h,843,OpenPlay,2015,RightFoot,139,Southampton,Manchester United,2,3,20/09/2015 19:00,Matt Targett,Pass
58225,22,MissedShots,0.889000015,0.427000008,0.0608574,Graziano Pellè,h,841,OpenPlay,2015,Head,139,Southampton,Manchester United,2,3,20/09/2015 19:00,James Ward-Prowse,Cross
58227,26,BlockedShot,0.885,0.6,0.073269904,Graziano Pellè,h,841,OpenPlay,2015,LeftFoot,139,Southampton,Manchester United,2,3,20/09/2015 19:00,Dusan Tadic,Cross
58228,26,MissedShots,0.691999969,0.469000015,0.0124697,Oriol Romeu,h,842,FromCorner,2015,RightFoot,139,Southampton,Manchester United,2,3,20/09/2015 19:00,,None
58233,58,SavedShot,0.941999969,0.419000015,0.078838304,José Fonte,h,834,FromCorner,2015,Head,139,Southampton,Manchester United,2,3,20/09/2015 19:00,Dusan Tadic,Cross
58238,85,Goal,0.936999969,0.509000015,0.425536007,Graziano Pellè,h,841,OpenPlay,2015,Head,139,Southampton,Manchester United,2,3,20/09/2015 19:00,Sadio Mané,Cross
58239,88,MissedShots,0.915999985,0.472000008,0.054807398,Graziano Pellè,h,841,SetPiece,2015,Head,139,Southampton,Manchester United,2,3,20/09/2015 19:00,Shane Long,Aerial
58240,90,MissedShots,0.934000015,0.522000008,0.094985001,Dusan Tadic,h,840,OpenPlay,2015,OtherBodyPart,139,Southampton,Manchester United,2,3,20/09/2015 19:00,Sadio Mané,Aerial
58241,91,SavedShot,0.786999969,0.550999985,0.0199473,Victor Wanyama,h,836,OpenPlay,2015,LeftFoot,139,Southampton,Manchester United,2,3,20/09/2015 19:00,,TakeOn
58242,92,SavedShot,0.888000031,0.474000015,0.043377198,José Fonte,h,834,FromCorner,2015,Head,139,Southampton,Manchester United,2,3,20/09/2015 19:00,Dusan Tadic,Cross
58243,92,SavedShot,0.926999969,0.460999985,0.056155801,Victor Wanyama,h,836,FromCorner,2015,Head,139,Southampton,Manchester United,2,3,20/09/2015 19:00,Virgil van Dijk,HeadPass
58223,16,MissedShots,0.82,0.504000015,0.062598199,Anthony Martial,a,553,OpenPlay,2015,RightFoot,139,Southampton,Manchester United,2,3,20/09/2015 19:00,Memphis Depay,Pass
58226,23,MissedShots,0.909000015,0.557999992,0.238309994,Memphis Depay,a,555,OpenPlay,2015,Head,139,Southampton,Manchester United,2,3,20/09/2015 19:00,Juan Mata,Cross
58229,33,Goal,0.919000015,0.515,0.343454003,Anthony Martial,a,553,OpenPlay,2015,RightFoot,139,Southampton,Manchester United,2,3,20/09/2015 19:00,,Dispossessed
58230,41,BlockedShot,0.909000015,0.550999985,0.095520198,Morgan Schneiderlin,a,551,FromCorner,2015,LeftFoot,139,Southampton,Manchester United,2,3,20/09/2015 19:00,Juan Mata,Pass
58231,49,Goal,0.850999985,0.597000008,0.322050005,Anthony Martial,a,553,OpenPlay,2015,RightFoot,139,Southampton,Manchester United,2,3,20/09/2015 19:00,,BallRecovery
58232,52,MissedShots,0.704000015,0.666999969,0.0142216,Memphis Depay,a,555,OpenPlay,2015,RightFoot,139,Southampton,Manchester United,2,3,20/09/2015 19:00,,BallRecovery
58234,67,ShotOnPost,0.895999985,0.615999985,0.112365998,Memphis Depay,a,555,OpenPlay,2015,RightFoot,139,Southampton,Manchester United,2,3,20/09/2015 19:00,Bastian Schweinsteiger,Pass
58235,67,Goal,0.851999969,0.480999985,0.33119601,Juan Mata,a,554,OpenPlay,2015,LeftFoot,139,Southampton,Manchester United,2,3,20/09/2015 19:00,,Rebound
58236,73,BlockedShot,0.785,0.342000008,0.070239499,Juan Mata,a,554,DirectFreekick,2015,LeftFoot,139,Southampton,Manchester United,2,3,20/09/2015 19:00,,Standard
58237,78,MissedShots,0.788000031,0.57,0.0984466,Memphis Depay,a,555,DirectFreekick,2015,RightFoot,139,Southampton,Manchester United,2,3,20/09/2015 19:00,,Standard
58129,17,BlockedShot,0.856999969,0.474000015,0.0934183,James Milner,h,489,OpenPlay,2015,RightFoot,140,Liverpool,Norwich,1,1,20/09/2015 19:00,Alberto Moreno,Pass
58131,29,MissedShots,0.745,0.271000004,0.0101746,Nathaniel Clyne,h,603,OpenPlay,2015,RightFoot,140,Liverpool,Norwich,1,1,20/09/2015 19:00,,None
58132,33,SavedShot,0.845999985,0.357999992,0.299293995,Daniel Sturridge,h,483,OpenPlay,2015,LeftFoot,140,Liverpool,Norwich,1,1,20/09/2015 19:00,Lucas Leiva,Throughball
58133,34,MissedShots,0.87,0.464000015,0.0344299,Philippe Coutinho,h,488,OpenPlay,2015,Head,140,Liverpool,Norwich,1,1,20/09/2015 19:00,Lucas Leiva,Chipped
58134,40,BlockedShot,0.904000015,0.635999985,0.092089303,Christian Benteke,h,606,OpenPlay,2015,RightFoot,140,Liverpool,Norwich,1,1,20/09/2015 19:00,Alberto Moreno,Pass
58135,40,BlockedShot,0.745999985,0.455,0.0151755,Philippe Coutinho,h,488,OpenPlay,2015,RightFoot,140,Liverpool,Norwich,1,1,20/09/2015 19:00,,Rebound
58136,41,SavedShot,0.795999985,0.485,0.0300126,James Milner,h,489,OpenPlay,2015,RightFoot,140,Liverpool,Norwich,1,1,20/09/2015 19:00,Daniel Sturridge,HeadPass
58138,47,Goal,0.893000031,0.695999985,0.284417003,Danny Ings,h,986,OpenPlay,2015,LeftFoot,140,Liverpool,Norwich,1,1,20/09/2015 19:00,Alberto Moreno,Chipped
58139,49,BlockedShot,0.735999985,0.499000015,0.026727701,Daniel Sturridge,h,483,OpenPlay,2015,LeftFoot,140,Liverpool,Norwich,1,1,20/09/2015 19:00,Mamadou Sakho,Pass
58140,49,MissedShots,0.755999985,0.699000015,0.0194843,Philippe Coutinho,h,488,OpenPlay,2015,RightFoot,140,Liverpool,Norwich,1,1,20/09/2015 19:00,Alberto Moreno,Pass
58142,53,BlockedShot,0.899000015,0.67,0.076682501,Philippe Coutinho,h,488,OpenPlay,2015,LeftFoot,140,Liverpool,Norwich,1,1,20/09/2015 19:00,Alberto Moreno,Pass
58143,54,MissedShots,0.875999985,0.664000015,0.0798283,Philippe Coutinho,h,488,OpenPlay,2015,RightFoot,140,Liverpool,Norwich,1,1,20/09/2015 19:00,Daniel Sturridge,Pass
58146,63,BlockedShot,0.923000031,0.684000015,0.068595298,Adam Lallana,h,486,OpenPlay,2015,LeftFoot,140,Liverpool,Norwich,1,1,20/09/2015 19:00,James Milner,Pass
58148,65,SavedShot,0.876999969,0.730999985,0.0311206,Alberto Moreno,h,608,OpenPlay,2015,LeftFoot,140,Liverpool,Norwich,1,1,20/09/2015 19:00,Philippe Coutinho,TakeOn
58149,67,BlockedShot,0.803000031,0.54,0.042684998,Danny Ings,h,986,OpenPlay,2015,LeftFoot,140,Liverpool,Norwich,1,1,20/09/2015 19:00,Lucas Leiva,Pass
58150,72,SavedShot,0.900999985,0.715,0.044183899,Roberto Firmino,h,482,OpenPlay,2015,RightFoot,140,Liverpool,Norwich,1,1,20/09/2015 19:00,Danny Ings,Pass
58151,77,SavedShot,0.896999969,0.409000015,0.303909004,Philippe Coutinho,h,488,OpenPlay,2015,RightFoot,140,Liverpool,Norwich,1,1,20/09/2015 19:00,Roberto Firmino,Pass
58152,78,SavedShot,0.766999969,0.364000015,0.023496101,Philippe Coutinho,h,488,OpenPlay,2015,RightFoot,140,Liverpool,Norwich,1,1,20/09/2015 19:00,James Milner,Pass
58153,79,BlockedShot,0.785,0.627999992,0.0288582,Philippe Coutinho,h,488,OpenPlay,2015,RightFoot,140,Liverpool,Norwich,1,1,20/09/2015 19:00,Roberto Firmino,Pass
58154,90,MissedShots,0.898000031,0.582999992,0.118827,Philippe Coutinho,h,488,OpenPlay,2015,RightFoot,140,Liverpool,Norwich,1,1,20/09/2015 19:00,Alberto Moreno,Pass
58155,91,BlockedShot,0.874000015,0.690999985,0.050091401,Philippe Coutinho,h,488,OpenPlay,2015,RightFoot,140,Liverpool,Norwich,1,1,20/09/2015 19:00,Adam Lallana,Pass
58156,93,MissedShots,0.825,0.475,0.021450801,Adam Lallana,h,486,FromCorner,2015,RightFoot,140,Liverpool,Norwich,1,1,20/09/2015 19:00,,Aerial
58157,93,MissedShots,0.918000031,0.534000015,0.110919997,Emre Can,h,604,FromCorner,2015,LeftFoot,140,Liverpool,Norwich,1,1,20/09/2015 19:00,Adam Lallana,None
58128,9,MissedShots,0.766999969,0.305,0.0149429,Graham Dorrans,a,801,OpenPlay,2015,RightFoot,140,Liverpool,Norwich,1,1,20/09/2015 19:00,Nathan Redmond,TakeOn
58130,27,MissedShots,0.735,0.728000031,0.0151337,Robbie Brady,a,789,OpenPlay,2015,LeftFoot,140,Liverpool,Norwich,1,1,20/09/2015 19:00,Jonny Howson,Pass
58137,46,MissedShots,0.725999985,0.733000031,0.00894498,Nathan Redmond,a,790,OpenPlay,2015,RightFoot,140,Liverpool,Norwich,1,1,20/09/2015 19:00,Matthew Jarvis,LayOff
58141,51,BlockedShot,0.745,0.55,0.0208365,Alexander Tettey,a,791,OpenPlay,2015,LeftFoot,140,Liverpool,Norwich,1,1,20/09/2015 19:00,Graham Dorrans,Pass
58144,56,MissedShots,0.755999985,0.45,0.024607399,Steven Whittaker,a,926,OpenPlay,2015,RightFoot,140,Liverpool,Norwich,1,1,20/09/2015 19:00,Graham Dorrans,Pass
58145,60,Goal,0.895,0.455999985,0.093195997,Russell Martin,a,788,FromCorner,2015,RightFoot,140,Liverpool,Norwich,1,1,20/09/2015 19:00,,None
58147,64,SavedShot,0.923000031,0.465999985,0.378609002,Matthew Jarvis,a,800,OpenPlay,2015,LeftFoot,140,Liverpool,Norwich,1,1,20/09/2015 19:00,Nathan Redmond,Cross
58501,10,BlockedShot,0.899000015,0.392000008,0.074125797,Erik Lamela,h,644,OpenPlay,2015,LeftFoot,141,Tottenham,Manchester City,4,1,26/09/2015 15:45,Ben Davies,Cross
58507,25,SavedShot,0.905,0.696999969,0.096128702,Son Heung-Min,h,453,OpenPlay,2015,LeftFoot,141,Tottenham,Manchester City,4,1,26/09/2015 15:45,Christian Eriksen,Throughball
58510,31,MissedShots,0.754000015,0.477999992,0.0189068,Harry Kane,h,647,OpenPlay,2015,RightFoot,141,Tottenham,Manchester City,4,1,26/09/2015 15:45,,TakeOn
58511,34,MissedShots,0.854000015,0.43,0.0532648,Erik Lamela,h,644,OpenPlay,2015,LeftFoot,141,Tottenham,Manchester City,4,1,26/09/2015 15:45,Ben Davies,Cross
58512,40,BlockedShot,0.848000031,0.369000015,0.053139798,Erik Lamela,h,644,OpenPlay,2015,LeftFoot,141,Tottenham,Manchester City,4,1,26/09/2015 15:45,Kyle Walker,Chipped
58513,40,SavedShot,0.850999985,0.534000015,0.060301799,Harry Kane,h,647,OpenPlay,2015,LeftFoot,141,Tottenham,Manchester City,4,1,26/09/2015 15:45,,Rebound
58517,44,SavedShot,0.939000015,0.489000015,0.563632011,Son Heung-Min,h,453,OpenPlay,2015,LeftFoot,141,Tottenham,Manchester City,4,1,26/09/2015 15:45,Kyle Walker,Pass
58518,44,Goal,0.745999985,0.465999985,0.023364799,Eric Dier,h,643,OpenPlay,2015,RightFoot,141,Tottenham,Manchester City,4,1,26/09/2015 15:45,,Rebound
58520,49,Goal,0.931999969,0.460999985,0.131987005,Toby Alderweireld,h,639,SetPiece,2015,Head,141,Tottenham,Manchester City,4,1,26/09/2015 15:45,Erik Lamela,Cross
58522,60,ShotOnPost,0.730999985,0.432999992,0.050000198,Christian Eriksen,h,646,DirectFreekick,2015,RightFoot,141,Tottenham,Manchester City,4,1,26/09/2015 15:45,,Standard
58523,60,Goal,0.854000015,0.427000008,0.303846002,Harry Kane,h,647,SetPiece,2015,RightFoot,141,Tottenham,Manchester City,4,1,26/09/2015 15:45,,Rebound
58528,72,BlockedShot,0.948000031,0.445,0.120343998,Nacer Chadli,h,648,FromCorner,2015,Head,141,Tottenham,Manchester City,4,1,26/09/2015 15:45,Erik Lamela,Cross
58529,74,SavedShot,0.909000015,0.233999996,0.046365,Harry Kane,h,647,OpenPlay,2015,RightFoot,141,Tottenham,Manchester City,4,1,26/09/2015 15:45,Nacer Chadli,Pass
58531,78,Goal,0.914000015,0.59,0.643912971,Erik Lamela,h,644,OpenPlay,2015,LeftFoot,141,Tottenham,Manchester City,4,1,26/09/2015 15:45,Clinton N&#039;Jie,TakeOn
58536,91,BlockedShot,0.881999969,0.685999985,0.100239001,Clinton N&#039;Jie,h,960,OpenPlay,2015,RightFoot,141,Tottenham,Manchester City,4,1,26/09/2015 15:45,Nacer Chadli,TakeOn
58500,8,MissedShots,0.706999969,0.402000008,0.0111152,Kevin De Bruyne,a,447,OpenPlay,2015,RightFoot,141,Tottenham,Manchester City,4,1,26/09/2015 15:45,Sergio Agüero,HeadPass
58502,14,MissedShots,0.754000015,0.48,0.020806599,Yaya Touré,a,878,OpenPlay,2015,LeftFoot,141,Tottenham,Manchester City,4,1,26/09/2015 15:45,,None
58503,15,BlockedShot,0.728000031,0.6,0.0152563,Fernando,a,615,OpenPlay,2015,RightFoot,141,Tottenham,Manchester City,4,1,26/09/2015 15:45,,Dispossessed
58504,17,SavedShot,0.765,0.475,0.027662801,Sergio Agüero,a,619,OpenPlay,2015,RightFoot,141,Tottenham,Manchester City,4,1,26/09/2015 15:45,Fernandinho,Pass
58505,19,BlockedShot,0.921999969,0.41,0.128872007,Sergio Agüero,a,619,OpenPlay,2015,RightFoot,141,Tottenham,Manchester City,4,1,26/09/2015 15:45,Bacary Sagna,Pass
58506,24,Goal,0.91,0.34,0.486398011,Kevin De Bruyne,a,447,OpenPlay,2015,RightFoot,141,Tottenham,Manchester City,4,1,26/09/2015 15:45,Yaya Touré,Throughball
58508,26,BlockedShot,0.95,0.287000008,0.101025999,Sergio Agüero,a,619,OpenPlay,2015,RightFoot,141,Tottenham,Manchester City,4,1,26/09/2015 15:45,Yaya Touré,TakeOn
58509,26,SavedShot,0.825,0.542000008,0.072552703,Raheem Sterling,a,618,OpenPlay,2015,RightFoot,141,Tottenham,Manchester City,4,1,26/09/2015 15:45,,None
58514,42,BlockedShot,0.878000031,0.625,0.100869,Sergio Agüero,a,619,OpenPlay,2015,LeftFoot,141,Tottenham,Manchester City,4,1,26/09/2015 15:45,Raheem Sterling,Pass
58515,42,MissedShots,0.914000015,0.605999985,0.027992699,Nicolás Otamendi,a,611,FromCorner,2015,Head,141,Tottenham,Manchester City,4,1,26/09/2015 15:45,Aleksandar Kolarov,Cross
58516,43,SavedShot,0.916999969,0.68,0.083009802,Aleksandar Kolarov,a,621,OpenPlay,2015,LeftFoot,141,Tottenham,Manchester City,4,1,26/09/2015 15:45,Raheem Sterling,Pass
58519,46,SavedShot,0.828000031,0.557000008,0.073900297,Yaya Touré,a,878,OpenPlay,2015,RightFoot,141,Tottenham,Manchester City,4,1,26/09/2015 15:45,Raheem Sterling,Pass
58521,58,SavedShot,0.841999969,0.678000031,0.037327901,Raheem Sterling,a,618,OpenPlay,2015,RightFoot,141,Tottenham,Manchester City,4,1,26/09/2015 15:45,Aleksandar Kolarov,Pass
58524,65,BlockedShot,0.72,0.625999985,0.040484,Aleksandar Kolarov,a,621,DirectFreekick,2015,LeftFoot,141,Tottenham,Manchester City,4,1,26/09/2015 15:45,,Standard
58525,68,SavedShot,0.915999985,0.243999996,0.039356101,Jesús Navas,a,616,OpenPlay,2015,RightFoot,141,Tottenham,Manchester City,4,1,26/09/2015 15:45,Bacary Sagna,Pass
58526,69,BlockedShot,0.859000015,0.502999992,0.068490602,Martín Demichelis,a,623,FromCorner,2015,RightFoot,141,Tottenham,Manchester City,4,1,26/09/2015 15:45,,None
58527,69,MissedShots,0.838000031,0.505,0.0606048,Raheem Sterling,a,618,FromCorner,2015,RightFoot,141,Tottenham,Manchester City,4,1,26/09/2015 15:45,,Rebound
58530,75,MissedShots,0.734000015,0.607999992,0.0117702,Samir Nasri,a,877,OpenPlay,2015,RightFoot,141,Tottenham,Manchester City,4,1,26/09/2015 15:45,Raheem Sterling,Pass
58532,79,BlockedShot,0.848000031,0.695,0.045520201,Sergio Agüero,a,619,OpenPlay,2015,RightFoot,141,Tottenham,Manchester City,4,1,26/09/2015 15:45,Aleksandar Kolarov,Pass
58533,80,MissedShots,0.88,0.308999996,0.040564101,Jesús Navas,a,616,SetPiece,2015,RightFoot,141,Tottenham,Manchester City,4,1,26/09/2015 15:45,,None
58534,81,BlockedShot,0.855,0.315,0.0445351,Jesús Navas,a,616,OpenPlay,2015,RightFoot,141,Tottenham,Manchester City,4,1,26/09/2015 15:45,Kevin De Bruyne,Pass
58535,87,SavedShot,0.759000015,0.714000015,0.044458199,Kevin De Bruyne,a,447,DirectFreekick,2015,RightFoot,141,Tottenham,Manchester City,4,1,26/09/2015 15:45,,Standard
58451,2,MissedShots,0.835999985,0.644000015,0.048706301,Graziano Pellè,h,841,OpenPlay,2015,RightFoot,142,Southampton,Swansea,3,1,26/09/2015 18:00,Dusan Tadic,Pass
58452,3,MissedShots,0.796999969,0.347999992,0.029625701,Sadio Mané,h,838,OpenPlay,2015,LeftFoot,142,Southampton,Swansea,3,1,26/09/2015 18:00,Victor Wanyama,Pass
58455,7,MissedShots,0.911999969,0.560999985,0.102223001,Sadio Mané,h,838,OpenPlay,2015,LeftFoot,142,Southampton,Swansea,3,1,26/09/2015 18:00,,None
58456,10,Goal,0.976999969,0.522999992,0.619091988,Virgil van Dijk,h,833,FromCorner,2015,Head,142,Southampton,Swansea,3,1,26/09/2015 18:00,James Ward-Prowse,Cross
58457,13,MissedShots,0.840999985,0.505999985,0.055622902,Victor Wanyama,h,836,FromCorner,2015,RightFoot,142,Southampton,Swansea,3,1,26/09/2015 18:00,,None
58461,32,MissedShots,0.885999985,0.582999992,0.050429702,Graziano Pellè,h,841,OpenPlay,2015,Head,142,Southampton,Swansea,3,1,26/09/2015 18:00,Dusan Tadic,Cross
58462,36,SavedShot,0.719000015,0.474000015,0.0201391,Sadio Mané,h,838,OpenPlay,2015,RightFoot,142,Southampton,Swansea,3,1,26/09/2015 18:00,,BallRecovery
58463,43,MissedShots,0.781999969,0.529000015,0.042010698,Sadio Mané,h,838,OpenPlay,2015,RightFoot,142,Southampton,Swansea,3,1,26/09/2015 18:00,Steven Davis,Pass
58466,60,BlockedShot,0.850999985,0.617000008,0.100241996,Graziano Pellè,h,841,OpenPlay,2015,RightFoot,142,Southampton,Swansea,3,1,26/09/2015 18:00,Ryan Bertrand,Pass
58467,60,Goal,0.853000031,0.474000015,0.073104598,Sadio Mané,h,838,OpenPlay,2015,RightFoot,142,Southampton,Swansea,3,1,26/09/2015 18:00,,Rebound
58469,66,SavedShot,0.770999985,0.651999969,0.0622858,Virgil van Dijk,h,833,DirectFreekick,2015,RightFoot,142,Southampton,Swansea,3,1,26/09/2015 18:00,,Standard
58470,68,SavedShot,0.956999969,0.360999985,0.0153443,Graziano Pellè,h,841,FromCorner,2015,Head,142,Southampton,Swansea,3,1,26/09/2015 18:00,Dusan Tadic,Cross
58472,70,BlockedShot,0.839000015,0.56,0.075066902,Sadio Mané,h,838,OpenPlay,2015,RightFoot,142,Southampton,Swansea,3,1,26/09/2015 18:00,Dusan Tadic,Cross
58474,74,BlockedShot,0.904000015,0.655999985,0.094174698,Jay Rodriguez,h,844,OpenPlay,2015,LeftFoot,142,Southampton,Swansea,3,1,26/09/2015 18:00,Graziano Pellè,Pass
58475,74,SavedShot,0.825999985,0.522999992,0.0141051,Oriol Romeu,h,842,OpenPlay,2015,Head,142,Southampton,Swansea,3,1,26/09/2015 18:00,,None
58476,76,MissedShots,0.846999969,0.317000008,0.031937402,Sadio Mané,h,838,SetPiece,2015,LeftFoot,142,Southampton,Swansea,3,1,26/09/2015 18:00,,None
58479,92,MissedShots,0.906999969,0.615999985,0.127399996,Graziano Pellè,h,841,OpenPlay,2015,LeftFoot,142,Southampton,Swansea,3,1,26/09/2015 18:00,Juanmi,Pass
58453,5,SavedShot,0.745,0.485,0.0182618,Jonjo Shelvey,a,769,OpenPlay,2015,RightFoot,142,Southampton,Swansea,3,1,26/09/2015 18:00,,None
58454,5,MissedShots,0.881999969,0.417000008,0.322800994,Ki Sung-yueng,a,723,OpenPlay,2015,LeftFoot,142,Southampton,Swansea,3,1,26/09/2015 18:00,,Rebound
58458,18,MissedShots,0.741999969,0.430999985,0.019357299,Jonjo Shelvey,a,769,OpenPlay,2015,RightFoot,142,Southampton,Swansea,3,1,26/09/2015 18:00,André Ayew,Pass
58459,21,SavedShot,0.770999985,0.370999985,0.0245225,Ki Sung-yueng,a,723,OpenPlay,2015,RightFoot,142,Southampton,Swansea,3,1,26/09/2015 18:00,Jonjo Shelvey,Pass
58460,25,BlockedShot,0.78,0.402000008,0.082154296,Gylfi Sigurdsson,a,714,DirectFreekick,2015,RightFoot,142,Southampton,Swansea,3,1,26/09/2015 18:00,,Standard
58464,48,MissedShots,0.725999985,0.425,0.017498201,Eder,a,963,OpenPlay,2015,RightFoot,142,Southampton,Swansea,3,1,26/09/2015 18:00,Ashley Williams,HeadPass
58465,53,OwnGoal,0.023,0.337000008,0,Ki Sung-yueng,a,723,OpenPlay,2015,LeftFoot,142,Southampton,Swansea,3,1,26/09/2015 18:00,,Dispossessed
58468,64,BlockedShot,0.779000015,0.425,0.027543601,Gylfi Sigurdsson,a,714,OpenPlay,2015,RightFoot,142,Southampton,Swansea,3,1,26/09/2015 18:00,Eder,Pass
58471,68,MissedShots,0.789000015,0.272000008,0.0110676,André Ayew,a,713,OpenPlay,2015,LeftFoot,142,Southampton,Swansea,3,1,26/09/2015 18:00,Gylfi Sigurdsson,Pass
58473,72,BlockedShot,0.849000015,0.552999992,0.079428799,Jonjo Shelvey,a,769,OpenPlay,2015,RightFoot,142,Southampton,Swansea,3,1,26/09/2015 18:00,Neil Taylor,Pass
58477,82,Goal,0.885,0.5,0.761169016,Gylfi Sigurdsson,a,714,Penalty,2015,RightFoot,142,Southampton,Swansea,3,1,26/09/2015 18:00,,Standard
58478,87,SavedShot,0.9,0.455999985,0.061713099,André Ayew,a,713,OpenPlay,2015,Head,142,Southampton,Swansea,3,1,26/09/2015 18:00,Jefferson Montero,Cross
58480,22,SavedShot,0.938000031,0.282999992,0.049738199,Bojan,h,871,OpenPlay,2015,RightFoot,143,Stoke,Bournemouth,2,1,26/09/2015 18:00,Jonathan Walters,Pass
58481,24,SavedShot,0.745999985,0.688000031,0.0102224,Glenn Whelan,h,862,SetPiece,2015,RightFoot,143,Stoke,Bournemouth,2,1,26/09/2015 18:00,,None
58483,31,Goal,0.951999969,0.502000008,0.653244019,Jonathan Walters,h,863,OpenPlay,2015,RightFoot,143,Stoke,Bournemouth,2,1,26/09/2015 18:00,Marko Arnautovic,Pass
58488,47,BlockedShot,0.895,0.670999985,0.080777697,Jonathan Walters,h,863,OpenPlay,2015,LeftFoot,143,Stoke,Bournemouth,2,1,26/09/2015 18:00,Bojan,Pass
58487,53,MissedShots,0.889000015,0.577000008,0.475272,Marko Arnautovic,h,865,OpenPlay,2015,RightFoot,143,Stoke,Bournemouth,2,1,26/09/2015 18:00,Erik Pieters,Pass
58493,77,SavedShot,0.885,0.404000015,0.0163297,Mame Biram Diouf,h,868,SetPiece,2015,Head,143,Stoke,Bournemouth,2,1,26/09/2015 18:00,,Aerial
58495,82,Goal,0.92,0.53,0.346527994,Mame Biram Diouf,h,868,SetPiece,2015,Head,143,Stoke,Bournemouth,2,1,26/09/2015 18:00,Glen Johnson,Cross
58499,92,MissedShots,0.905,0.360999985,0.312721997,Ibrahim Afellay,h,864,OpenPlay,2015,RightFoot,143,Stoke,Bournemouth,2,1,26/09/2015 18:00,Jonathan Walters,Pass
58482,30,SavedShot,0.730999985,0.402000008,0.047592901,Matt Ritchie,a,461,DirectFreekick,2015,LeftFoot,143,Stoke,Bournemouth,2,1,26/09/2015 18:00,,Standard
58484,34,SavedShot,0.925,0.605999985,0.0241869,Glenn Murray,a,882,OpenPlay,2015,Head,143,Stoke,Bournemouth,2,1,26/09/2015 18:00,Simon Francis,Aerial
58485,43,BlockedShot,0.916999969,0.435,0.410418987,Matt Ritchie,a,461,OpenPlay,2015,LeftFoot,143,Stoke,Bournemouth,2,1,26/09/2015 18:00,Lee Tomlin,Pass
58486,50,BlockedShot,0.710999985,0.452000008,0.041499399,Matt Ritchie,a,461,DirectFreekick,2015,LeftFoot,143,Stoke,Bournemouth,2,1,26/09/2015 18:00,,Standard
58489,59,SavedShot,0.778000031,0.595999985,0.029375499,Glenn Murray,a,882,OpenPlay,2015,RightFoot,143,Stoke,Bournemouth,2,1,26/09/2015 18:00,Lee Tomlin,Pass
58490,64,BlockedShot,0.738000031,0.452999992,0.0195409,Matt Ritchie,a,461,OpenPlay,2015,LeftFoot,143,Stoke,Bournemouth,2,1,26/09/2015 18:00,Andrew Surman,Pass
58491,75,BlockedShot,0.815,0.535999985,0.0561102,Marc Pugh,a,466,OpenPlay,2015,LeftFoot,143,Stoke,Bournemouth,2,1,26/09/2015 18:00,Matt Ritchie,Pass
58492,75,Goal,0.863000031,0.534000015,0.068516403,Dan Gosling,a,462,OpenPlay,2015,RightFoot,143,Stoke,Bournemouth,2,1,26/09/2015 18:00,,Rebound
58494,80,SavedShot,0.820999985,0.487000008,0.065356903,Dan Gosling,a,462,OpenPlay,2015,RightFoot,143,Stoke,Bournemouth,2,1,26/09/2015 18:00,Marc Pugh,Pass
58496,86,MissedShots,0.861999969,0.316000004,0.052779,Sylvain Distin,a,828,SetPiece,2015,LeftFoot,143,Stoke,Bournemouth,2,1,26/09/2015 18:00,Steve Cook,HeadPass
58497,86,SavedShot,0.925999985,0.334000015,0.0559217,Glenn Murray,a,882,SetPiece,2015,RightFoot,143,Stoke,Bournemouth,2,1,26/09/2015 18:00,,Rebound
58498,88,MissedShots,0.617999992,0.964000015,0.00717533,Matt Ritchie,a,461,OpenPlay,2015,LeftFoot,143,Stoke,Bournemouth,2,1,26/09/2015 18:00,Sylvain Distin,Pass
58331,9,SavedShot,0.848000031,0.710999985,0.0361748,Jeffrey Schlupp,h,757,OpenPlay,2015,LeftFoot,144,Leicester,Arsenal,2,5,26/09/2015 18:00,,BallRecovery
58332,9,ShotOnPost,0.830999985,0.552999992,0.088467099,Jamie Vardy,h,755,OpenPlay,2015,LeftFoot,144,Leicester,Arsenal,2,5,26/09/2015 18:00,Daniel Drinkwater,TakeOn
58333,12,Goal,0.946999969,0.706999969,0.099848002,Jamie Vardy,h,755,OpenPlay,2015,RightFoot,144,Leicester,Arsenal,2,5,26/09/2015 18:00,Daniel Drinkwater,Chipped
58334,13,BlockedShot,0.738000031,0.497000008,0.018309001,Riyad Mahrez,h,750,OpenPlay,2015,LeftFoot,144,Leicester,Arsenal,2,5,26/09/2015 18:00,Daniel Drinkwater,TakeOn
58337,16,BlockedShot,0.815999985,0.349000015,0.044176701,Jamie Vardy,h,755,OpenPlay,2015,LeftFoot,144,Leicester,Arsenal,2,5,26/09/2015 18:00,Riyad Mahrez,Pass
58338,17,ShotOnPost,0.951999969,0.487000008,0.153787002,Jamie Vardy,h,755,OpenPlay,2015,Head,144,Leicester,Arsenal,2,5,26/09/2015 18:00,Marc Albrighton,Cross
58344,45,MissedShots,0.76,0.695,0.0176122,Riyad Mahrez,h,750,OpenPlay,2015,LeftFoot,144,Leicester,Arsenal,2,5,26/09/2015 18:00,N&#039;Golo Kanté,Pass
58350,56,SavedShot,0.801999969,0.669000015,0.022459401,Jeffrey Schlupp,h,757,OpenPlay,2015,LeftFoot,144,Leicester,Arsenal,2,5,26/09/2015 18:00,Jamie Vardy,Pass
58355,65,MissedShots,0.838000031,0.452000008,0.061019301,Andy King,h,784,FromCorner,2015,RightFoot,144,Leicester,Arsenal,2,5,26/09/2015 18:00,Leonardo Ulloa,LayOff
58357,66,MissedShots,0.720999985,0.567000008,0.0107816,N&#039;Golo Kanté,h,751,OpenPlay,2015,RightFoot,144,Leicester,Arsenal,2,5,26/09/2015 18:00,Andy King,Pass
58364,83,SavedShot,0.933000031,0.650999985,0.246921003,Jamie Vardy,h,755,OpenPlay,2015,LeftFoot,144,Leicester,Arsenal,2,5,26/09/2015 18:00,Kasper Schmeichel,Pass
58365,84,SavedShot,0.905,0.705999985,0.0224717,Riyad Mahrez,h,750,FromCorner,2015,LeftFoot,144,Leicester,Arsenal,2,5,26/09/2015 18:00,Andrej Kramaric,Chipped
58366,86,MissedShots,0.945999985,0.58,0.034318801,Wes Morgan,h,748,FromCorner,2015,Head,144,Leicester,Arsenal,2,5,26/09/2015 18:00,Riyad Mahrez,Aerial
58367,87,BlockedShot,0.900999985,0.364000015,0.0558757,Riyad Mahrez,h,750,OpenPlay,2015,RightFoot,144,Leicester,Arsenal,2,5,26/09/2015 18:00,,None
58368,88,SavedShot,0.941999969,0.522000008,0.425274014,Andrej Kramaric,h,956,OpenPlay,2015,RightFoot,144,Leicester,Arsenal,2,5,26/09/2015 18:00,Riyad Mahrez,Cross
58369,88,Goal,0.898000031,0.693000031,0.047667202,Jamie Vardy,h,755,OpenPlay,2015,RightFoot,144,Leicester,Arsenal,2,5,26/09/2015 18:00,Leonardo Ulloa,Pass
58329,6,BlockedShot,0.91,0.579000015,0.127829999,Aaron Ramsey,a,504,OpenPlay,2015,LeftFoot,144,Leicester,Arsenal,2,5,26/09/2015 18:00,Alexis Sánchez,Pass
58330,6,BlockedShot,0.861999969,0.454000015,0.073955096,Santiago Cazorla,a,965,OpenPlay,2015,RightFoot,144,Leicester,Arsenal,2,5,26/09/2015 18:00,,Rebound
58335,15,SavedShot,0.969000015,0.646999969,0.099188499,Theo Walcott,a,503,OpenPlay,2015,LeftFoot,144,Leicester,Arsenal,2,5,26/09/2015 18:00,Alexis Sánchez,Throughball
58336,16,SavedShot,0.850999985,0.715,0.0307787,Santiago Cazorla,a,965,OpenPlay,2015,RightFoot,144,Leicester,Arsenal,2,5,26/09/2015 18:00,Alexis Sánchez,Pass
58339,17,Goal,0.899000015,0.630999985,0.56971103,Theo Walcott,a,503,OpenPlay,2015,LeftFoot,144,Leicester,Arsenal,2,5,26/09/2015 18:00,Santiago Cazorla,Throughball
58340,28,BlockedShot,0.839000015,0.479000015,0.0742376,Aaron Ramsey,a,504,OpenPlay,2015,RightFoot,144,Leicester,Arsenal,2,5,26/09/2015 18:00,Theo Walcott,Pass
58341,32,Goal,0.951999969,0.55,0.590978026,Alexis Sánchez,a,498,OpenPlay,2015,RightFoot,144,Leicester,Arsenal,2,5,26/09/2015 18:00,,None
58342,38,MissedShots,0.865,0.245,0.039552201,Santiago Cazorla,a,965,OpenPlay,2015,RightFoot,144,Leicester,Arsenal,2,5,26/09/2015 18:00,Mesut Özil,TakeOn
58343,41,BlockedShot,0.821999969,0.710999985,0.055291101,Theo Walcott,a,503,OpenPlay,2015,RightFoot,144,Leicester,Arsenal,2,5,26/09/2015 18:00,Mesut Özil,Pass
58345,49,BlockedShot,0.915999985,0.527999992,0.148351997,Alexis Sánchez,a,498,OpenPlay,2015,RightFoot,144,Leicester,Arsenal,2,5,26/09/2015 18:00,Mesut Özil,Pass
58346,49,BlockedShot,0.949000015,0.527999992,0.142370999,Alexis Sánchez,a,498,OpenPlay,2015,RightFoot,144,Leicester,Arsenal,2,5,26/09/2015 18:00,,Foul
58347,51,BlockedShot,0.894000015,0.364000015,0.092413202,Alexis Sánchez,a,498,OpenPlay,2015,RightFoot,144,Leicester,Arsenal,2,5,26/09/2015 18:00,,BallTouch
58348,52,BlockedShot,0.859000015,0.462999992,0.057646301,Theo Walcott,a,503,FromCorner,2015,RightFoot,144,Leicester,Arsenal,2,5,26/09/2015 18:00,Santiago Cazorla,Pass
58349,53,BlockedShot,0.936999969,0.620999985,0.045645401,Alexis Sánchez,a,498,OpenPlay,2015,Head,144,Leicester,Arsenal,2,5,26/09/2015 18:00,Theo Walcott,Cross
58351,56,Goal,0.946999969,0.499000015,0.551187992,Alexis Sánchez,a,498,OpenPlay,2015,Head,144,Leicester,Arsenal,2,5,26/09/2015 18:00,Mesut Özil,Chipped
58352,59,SavedShot,0.845999985,0.470999985,0.115980998,Theo Walcott,a,503,OpenPlay,2015,RightFoot,144,Leicester,Arsenal,2,5,26/09/2015 18:00,Héctor Bellerín,Pass
58353,60,MissedShots,0.840999985,0.683000031,0.061111901,Theo Walcott,a,503,OpenPlay,2015,RightFoot,144,Leicester,Arsenal,2,5,26/09/2015 18:00,Santiago Cazorla,Pass
58354,63,BlockedShot,0.861999969,0.605999985,0.112464003,Mesut Özil,a,499,OpenPlay,2015,LeftFoot,144,Leicester,Arsenal,2,5,26/09/2015 18:00,Aaron Ramsey,Pass
58356,66,SavedShot,0.875,0.587000008,0.181883007,Theo Walcott,a,503,OpenPlay,2015,RightFoot,144,Leicester,Arsenal,2,5,26/09/2015 18:00,Mesut Özil,TakeOn
58358,70,BlockedShot,0.715,0.382999992,0.0144351,Santiago Cazorla,a,965,OpenPlay,2015,RightFoot,144,Leicester,Arsenal,2,5,26/09/2015 18:00,Mesut Özil,Pass
58359,70,SavedShot,0.845999985,0.390999985,0.099351197,Aaron Ramsey,a,504,OpenPlay,2015,RightFoot,144,Leicester,Arsenal,2,5,26/09/2015 18:00,Mesut Özil,Pass
58360,72,BlockedShot,0.79,0.357999992,0.037706301,Aaron Ramsey,a,504,OpenPlay,2015,RightFoot,144,Leicester,Arsenal,2,5,26/09/2015 18:00,Santiago Cazorla,Pass
58361,75,BlockedShot,0.87,0.462999992,0.132120997,Theo Walcott,a,503,OpenPlay,2015,RightFoot,144,Leicester,Arsenal,2,5,26/09/2015 18:00,Héctor Bellerín,Pass
58362,75,BlockedShot,0.861999969,0.352000008,0.0388905,Mesut Özil,a,499,OpenPlay,2015,RightFoot,144,Leicester,Arsenal,2,5,26/09/2015 18:00,,Rebound
58363,80,Goal,0.755999985,0.602000008,0.041649301,Alexis Sánchez,a,498,OpenPlay,2015,RightFoot,144,Leicester,Arsenal,2,5,26/09/2015 18:00,Nacho Monreal,TakeOn
58370,89,SavedShot,0.886999969,0.669000015,0.249972999,Mesut Özil,a,499,OpenPlay,2015,LeftFoot,144,Leicester,Arsenal,2,5,26/09/2015 18:00,Alex Oxlade-Chamberlain,Pass
58371,92,Goal,0.885,0.54,0.126120999,Olivier Giroud,a,502,OpenPlay,2015,LeftFoot,144,Leicester,Arsenal,2,5,26/09/2015 18:00,Nacho Monreal,Cross
58372,1,Goal,0.806999969,0.522999992,0.053864099,James Milner,h,489,OpenPlay,2015,LeftFoot,145,Liverpool,Aston Villa,3,2,26/09/2015 18:00,Philippe Coutinho,Pass
58373,4,SavedShot,0.945999985,0.329000015,0.0129246,Emre Can,h,604,SetPiece,2015,Head,145,Liverpool,Aston Villa,3,2,26/09/2015 18:00,Alberto Moreno,Cross
58375,7,SavedShot,0.806999969,0.487999992,0.0663945,Danny Ings,h,986,OpenPlay,2015,RightFoot,145,Liverpool,Aston Villa,3,2,26/09/2015 18:00,Emre Can,Pass
58376,8,MissedShots,0.843000031,0.604000015,0.078927897,Danny Ings,h,986,OpenPlay,2015,RightFoot,145,Liverpool,Aston Villa,3,2,26/09/2015 18:00,James Milner,TakeOn
58377,12,SavedShot,0.930999985,0.760999985,0.0470099,Alberto Moreno,h,608,OpenPlay,2015,LeftFoot,145,Liverpool,Aston Villa,3,2,26/09/2015 18:00,,None
58378,19,MissedShots,0.843000031,0.804000015,0.026089599,Philippe Coutinho,h,488,OpenPlay,2015,RightFoot,145,Liverpool,Aston Villa,3,2,26/09/2015 18:00,Alberto Moreno,Pass
58380,36,BlockedShot,0.749000015,0.65,0.0180545,Philippe Coutinho,h,488,OpenPlay,2015,RightFoot,145,Liverpool,Aston Villa,3,2,26/09/2015 18:00,Alberto Moreno,Pass
58384,48,BlockedShot,0.846999969,0.51,0.091648497,Philippe Coutinho,h,488,OpenPlay,2015,RightFoot,145,Liverpool,Aston Villa,3,2,26/09/2015 18:00,Danny Ings,BallTouch
58386,51,SavedShot,0.866999969,0.676999969,0.0669166,James Milner,h,489,OpenPlay,2015,LeftFoot,145,Liverpool,Aston Villa,3,2,26/09/2015 18:00,Philippe Coutinho,Pass
58387,51,BlockedShot,0.955999985,0.377000008,0.102941997,Nathaniel Clyne,h,603,OpenPlay,2015,RightFoot,145,Liverpool,Aston Villa,3,2,26/09/2015 18:00,,Rebound
58388,51,BlockedShot,0.888000031,0.592999992,0.020228401,Martin Skrtel,h,607,FromCorner,2015,Head,145,Liverpool,Aston Villa,3,2,26/09/2015 18:00,James Milner,Cross
58389,53,SavedShot,0.779000015,0.735999985,0.047874201,Philippe Coutinho,h,488,DirectFreekick,2015,RightFoot,145,Liverpool,Aston Villa,3,2,26/09/2015 18:00,,Standard
58390,58,Goal,0.894000015,0.690999985,0.134875998,Daniel Sturridge,h,483,OpenPlay,2015,LeftFoot,145,Liverpool,Aston Villa,3,2,26/09/2015 18:00,James Milner,Throughball
58391,61,BlockedShot,0.845,0.482000008,0.0844521,Philippe Coutinho,h,488,OpenPlay,2015,RightFoot,145,Liverpool,Aston Villa,3,2,26/09/2015 18:00,,BallRecovery
58392,63,SavedShot,0.865999985,0.435999985,0.121423997,Daniel Sturridge,h,483,OpenPlay,2015,RightFoot,145,Liverpool,Aston Villa,3,2,26/09/2015 18:00,Nathaniel Clyne,Pass
58394,66,Goal,0.853000031,0.537000008,0.355652004,Daniel Sturridge,h,483,OpenPlay,2015,RightFoot,145,Liverpool,Aston Villa,3,2,26/09/2015 18:00,Philippe Coutinho,Pass
58396,73,SavedShot,0.729000015,0.560999985,0.049314499,Philippe Coutinho,h,488,DirectFreekick,2015,RightFoot,145,Liverpool,Aston Villa,3,2,26/09/2015 18:00,,Standard
58397,76,SavedShot,0.805,0.429000015,0.055057399,Philippe Coutinho,h,488,OpenPlay,2015,RightFoot,145,Liverpool,Aston Villa,3,2,26/09/2015 18:00,Nathaniel Clyne,Pass
58400,83,BlockedShot,0.873000031,0.562999992,0.123589002,Danny Ings,h,986,OpenPlay,2015,RightFoot,145,Liverpool,Aston Villa,3,2,26/09/2015 18:00,Daniel Sturridge,Pass
58401,84,BlockedShot,0.848000031,0.525999985,0.0922895,Daniel Sturridge,h,483,OpenPlay,2015,LeftFoot,145,Liverpool,Aston Villa,3,2,26/09/2015 18:00,,BallRecovery
58402,85,SavedShot,0.879000015,0.582000008,0.140670002,Daniel Sturridge,h,483,OpenPlay,2015,RightFoot,145,Liverpool,Aston Villa,3,2,26/09/2015 18:00,Danny Ings,Throughball
58374,6,MissedShots,0.915,0.465999985,0.046088301,Rudy Gestede,a,671,OpenPlay,2015,Head,145,Liverpool,Aston Villa,3,2,26/09/2015 18:00,Jordan Amavi,Aerial
58379,21,MissedShots,0.839000015,0.467999992,0.055887401,Rudy Gestede,a,671,OpenPlay,2015,RightFoot,145,Liverpool,Aston Villa,3,2,26/09/2015 18:00,,None
58381,40,BlockedShot,0.835999985,0.475999985,0.068702899,Ashley Westwood,a,669,OpenPlay,2015,RightFoot,145,Liverpool,Aston Villa,3,2,26/09/2015 18:00,Scott Sinclair,Pass
58382,41,MissedShots,0.898000031,0.569000015,0.043835402,Micah Richards,a,665,FromCorner,2015,Head,145,Liverpool,Aston Villa,3,2,26/09/2015 18:00,Ashley Westwood,Cross
58383,42,SavedShot,0.734000015,0.455999985,0.016032699,Scott Sinclair,a,679,OpenPlay,2015,RightFoot,145,Liverpool,Aston Villa,3,2,26/09/2015 18:00,,None
58385,50,MissedShots,0.850999985,0.475,0.018619699,Scott Sinclair,a,679,OpenPlay,2015,Head,145,Liverpool,Aston Villa,3,2,26/09/2015 18:00,Alan Hutton,Cross
58393,65,Goal,0.963000031,0.545999985,0.522840977,Rudy Gestede,a,671,OpenPlay,2015,RightFoot,145,Liverpool,Aston Villa,3,2,26/09/2015 18:00,Alan Hutton,Cross
58395,70,Goal,0.905999985,0.447000008,0.051705699,Rudy Gestede,a,671,OpenPlay,2015,Head,145,Liverpool,Aston Villa,3,2,26/09/2015 18:00,Jordan Amavi,Aerial
58398,77,MissedShots,0.903000031,0.522000008,0.040945601,Micah Richards,a,665,SetPiece,2015,Head,145,Liverpool,Aston Villa,3,2,26/09/2015 18:00,Jordan Veretout,Aerial
58399,80,SavedShot,0.804000015,0.332000008,0.0273961,Idrissa Gueye,a,668,OpenPlay,2015,LeftFoot,145,Liverpool,Aston Villa,3,2,26/09/2015 18:00,,None
58404,13,BlockedShot,0.784000015,0.669000015,0.0220035,Juan Mata,h,554,SetPiece,2015,LeftFoot,146,Manchester United,Sunderland,3,0,26/09/2015 18:00,Michael Carrick,Pass
58405,16,BlockedShot,0.814000015,0.35,0.099705398,Juan Mata,h,554,DirectFreekick,2015,LeftFoot,146,Manchester United,Sunderland,3,0,26/09/2015 18:00,,Standard
58407,24,SavedShot,0.751999969,0.565999985,0.018924,Memphis Depay,h,555,OpenPlay,2015,RightFoot,146,Manchester United,Sunderland,3,0,26/09/2015 18:00,,None
58408,38,SavedShot,0.766999969,0.627999992,0.064664803,Memphis Depay,h,555,DirectFreekick,2015,RightFoot,146,Manchester United,Sunderland,3,0,26/09/2015 18:00,,Standard
58409,44,BlockedShot,0.769000015,0.359000015,0.0228063,Wayne Rooney,h,629,OpenPlay,2015,RightFoot,146,Manchester United,Sunderland,3,0,26/09/2015 18:00,Memphis Depay,Pass
58412,45,Goal,0.971999969,0.475,0.665691972,Wayne Rooney,h,629,OpenPlay,2015,RightFoot,146,Manchester United,Sunderland,3,0,26/09/2015 18:00,Anthony Martial,Cross
58411,48,Goal,0.975999985,0.522999992,0.888163984,Memphis Depay,h,555,OpenPlay,2015,RightFoot,146,Manchester United,Sunderland,3,0,26/09/2015 18:00,Juan Mata,Pass
58417,66,SavedShot,0.855,0.444000015,0.303597003,Memphis Depay,h,555,OpenPlay,2015,RightFoot,146,Manchester United,Sunderland,3,0,26/09/2015 18:00,Anthony Martial,Pass
58418,69,MissedShots,0.900999985,0.430999985,0.055497799,Anthony Martial,h,553,OpenPlay,2015,Head,146,Manchester United,Sunderland,3,0,26/09/2015 18:00,Antonio Valencia,Cross
58419,77,SavedShot,0.820999985,0.522999992,0.092282601,Juan Mata,h,554,OpenPlay,2015,LeftFoot,146,Manchester United,Sunderland,3,0,26/09/2015 18:00,Wayne Rooney,Pass
58420,87,BlockedShot,0.919000015,0.547999992,0.139467999,Wayne Rooney,h,629,OpenPlay,2015,LeftFoot,146,Manchester United,Sunderland,3,0,26/09/2015 18:00,Ashley Young,Cross
58422,89,Goal,0.920999985,0.42,0.524291992,Juan Mata,h,554,OpenPlay,2015,LeftFoot,146,Manchester United,Sunderland,3,0,26/09/2015 18:00,,None
58403,10,SavedShot,0.905,0.646999969,0.014162,John O&#039;Shea,a,729,SetPiece,2015,Head,146,Manchester United,Sunderland,3,0,26/09/2015 18:00,Younes Kaboul,Cross
58406,23,SavedShot,0.915999985,0.273999996,0.044753902,Jeremain Lens,a,781,OpenPlay,2015,RightFoot,146,Manchester United,Sunderland,3,0,26/09/2015 18:00,Yann M&#039;Vila,Chipped
58410,46,BlockedShot,0.718000031,0.54,0.017177699,Adam Johnson,a,929,OpenPlay,2015,LeftFoot,146,Manchester United,Sunderland,3,0,26/09/2015 18:00,Jeremain Lens,Pass
58413,48,BlockedShot,0.813000031,0.322999992,0.032040302,Ola Toivonen,a,739,OpenPlay,2015,RightFoot,146,Manchester United,Sunderland,3,0,26/09/2015 18:00,Jeremain Lens,Pass
58414,52,BlockedShot,0.966999969,0.582999992,0.111004002,Ola Toivonen,a,739,SetPiece,2015,Head,146,Manchester United,Sunderland,3,0,26/09/2015 18:00,Yann M&#039;Vila,Cross
58415,52,SavedShot,0.970999985,0.570999985,0.579798996,Ola Toivonen,a,739,SetPiece,2015,RightFoot,146,Manchester United,Sunderland,3,0,26/09/2015 18:00,John O&#039;Shea,Rebound
58416,61,SavedShot,0.946999969,0.681999969,0.061845001,Patrick van Aanholt,a,730,OpenPlay,2015,LeftFoot,146,Manchester United,Sunderland,3,0,26/09/2015 18:00,Lee Cattermole,Pass
58421,88,MissedShots,0.689000015,0.337000008,0.0089073,Yann M&#039;Vila,a,732,OpenPlay,2015,RightFoot,146,Manchester United,Sunderland,3,0,26/09/2015 18:00,Sebastian Larsson,Pass
58423,91,BlockedShot,0.778000031,0.627000008,0.0268101,Jeremain Lens,a,781,OpenPlay,2015,LeftFoot,146,Manchester United,Sunderland,3,0,26/09/2015 18:00,Yann M&#039;Vila,Pass
58590,1,BlockedShot,0.856999969,0.245,0.0270702,Diafra Sakho,h,656,OpenPlay,2015,RightFoot,147,West Ham,Norwich,2,2,26/09/2015 18:00,Dimitri Payet,Pass
58591,4,SavedShot,0.933000031,0.525999985,0.177541003,Cheikhou Kouyaté,h,532,SetPiece,2015,OtherBodyPart,147,West Ham,Norwich,2,2,26/09/2015 18:00,Dimitri Payet,Cross
58595,20,MissedShots,0.66,0.38,0.0109366,James Tomkins,h,530,OpenPlay,2015,RightFoot,147,West Ham,Norwich,2,2,26/09/2015 18:00,Mark Noble,Pass
58597,29,MissedShots,0.731999969,0.442000008,0.0108568,Manuel Lanzini,h,535,OpenPlay,2015,RightFoot,147,West Ham,Norwich,2,2,26/09/2015 18:00,Cheikhou Kouyaté,Chipped
58598,32,Goal,0.925,0.52,0.437656999,Diafra Sakho,h,656,OpenPlay,2015,RightFoot,147,West Ham,Norwich,2,2,26/09/2015 18:00,Dimitri Payet,Cross
58599,35,MissedShots,0.721999969,0.545,0.046538401,Manuel Lanzini,h,535,DirectFreekick,2015,RightFoot,147,West Ham,Norwich,2,2,26/09/2015 18:00,,Standard
58600,37,BlockedShot,0.795999985,0.699000015,0.016948,Manuel Lanzini,h,535,OpenPlay,2015,RightFoot,147,West Ham,Norwich,2,2,26/09/2015 18:00,Dimitri Payet,Chipped
58601,38,MissedShots,0.858000031,0.560999985,0.0727612,Diafra Sakho,h,656,OpenPlay,2015,RightFoot,147,West Ham,Norwich,2,2,26/09/2015 18:00,Cheikhou Kouyaté,HeadPass
58602,39,SavedShot,0.923000031,0.577000008,0.062207401,Winston Reid,h,529,FromCorner,2015,Head,147,West Ham,Norwich,2,2,26/09/2015 18:00,Dimitri Payet,Cross
58606,52,MissedShots,0.868000031,0.542000008,0.00991465,Diafra Sakho,h,656,SetPiece,2015,Head,147,West Ham,Norwich,2,2,26/09/2015 18:00,James Tomkins,Aerial
58607,55,SavedShot,0.925999985,0.537999992,0.369388998,Diafra Sakho,h,656,OpenPlay,2015,Head,147,West Ham,Norwich,2,2,26/09/2015 18:00,Victor Moses,Cross
58608,55,MissedShots,0.878000031,0.429000015,0.082257196,Cheikhou Kouyaté,h,532,OpenPlay,2015,LeftFoot,147,West Ham,Norwich,2,2,26/09/2015 18:00,,Rebound
58609,59,SavedShot,0.87,0.375,0.093393601,Dimitri Payet,h,536,OpenPlay,2015,RightFoot,147,West Ham,Norwich,2,2,26/09/2015 18:00,Diafra Sakho,TakeOn
58610,59,MissedShots,0.91,0.522000008,0.078501999,Diafra Sakho,h,656,FromCorner,2015,Head,147,West Ham,Norwich,2,2,26/09/2015 18:00,Dimitri Payet,Cross
58612,69,MissedShots,0.770999985,0.425999985,0.040856399,Diafra Sakho,h,656,OpenPlay,2015,RightFoot,147,West Ham,Norwich,2,2,26/09/2015 18:00,,TakeOn
58619,89,SavedShot,0.954000015,0.472000008,0.564738989,Diafra Sakho,h,656,OpenPlay,2015,RightFoot,147,West Ham,Norwich,2,2,26/09/2015 18:00,Carl Jenkinson,HeadPass
58620,89,BlockedShot,0.865999985,0.59,0.060556099,Winston Reid,h,529,OpenPlay,2015,LeftFoot,147,West Ham,Norwich,2,2,26/09/2015 18:00,,Rebound
58621,92,Goal,0.951999969,0.432999992,0.484587014,Cheikhou Kouyaté,h,532,SetPiece,2015,RightFoot,147,West Ham,Norwich,2,2,26/09/2015 18:00,Andy Carroll,BallTouch
58623,94,BlockedShot,0.781999969,0.442999992,0.021939199,Cheikhou Kouyaté,h,532,OpenPlay,2015,RightFoot,147,West Ham,Norwich,2,2,26/09/2015 18:00,Mauro Zárate,Cross
58589,1,SavedShot,0.913000031,0.587000008,0.054285798,Cameron Jerome,a,794,OpenPlay,2015,Head,147,West Ham,Norwich,2,2,26/09/2015 18:00,Robbie Brady,Cross
58592,8,Goal,0.868000031,0.607999992,0.336842,Robbie Brady,a,789,OpenPlay,2015,LeftFoot,147,West Ham,Norwich,2,2,26/09/2015 18:00,,BallRecovery
58593,14,BlockedShot,0.898000031,0.305,0.066794902,Steven Whittaker,a,926,OpenPlay,2015,LeftFoot,147,West Ham,Norwich,2,2,26/09/2015 18:00,Graham Dorrans,Pass
58594,18,MissedShots,0.868000031,0.58,0.071994103,Jonny Howson,a,792,OpenPlay,2015,LeftFoot,147,West Ham,Norwich,2,2,26/09/2015 18:00,Martin Olsson,Cross
58596,23,MissedShots,0.884000015,0.660999985,0.0875277,Cameron Jerome,a,794,OpenPlay,2015,LeftFoot,147,West Ham,Norwich,2,2,26/09/2015 18:00,Robbie Brady,Pass
58603,41,MissedShots,0.888000031,0.567000008,0.076761603,Cameron Jerome,a,794,OpenPlay,2015,LeftFoot,147,West Ham,Norwich,2,2,26/09/2015 18:00,Martin Olsson,Cross
58604,46,SavedShot,0.749000015,0.570999985,0.0181148,Jonny Howson,a,792,OpenPlay,2015,RightFoot,147,West Ham,Norwich,2,2,26/09/2015 18:00,,None
58605,49,SavedShot,0.770999985,0.444000015,0.028463,Jonny Howson,a,792,OpenPlay,2015,RightFoot,147,West Ham,Norwich,2,2,26/09/2015 18:00,Wes Hoolahan,Pass
58611,61,SavedShot,0.9,0.455999985,0.409215987,Cameron Jerome,a,794,OpenPlay,2015,RightFoot,147,West Ham,Norwich,2,2,26/09/2015 18:00,Jonny Howson,Pass
58613,70,BlockedShot,0.750999985,0.567000008,0.0209426,Robbie Brady,a,789,OpenPlay,2015,RightFoot,147,West Ham,Norwich,2,2,26/09/2015 18:00,Dieumerci Mbokani,LayOff
58614,71,BlockedShot,0.820999985,0.282000008,0.021830101,Robbie Brady,a,789,FromCorner,2015,LeftFoot,147,West Ham,Norwich,2,2,26/09/2015 18:00,Nathan Redmond,Pass
58615,76,MissedShots,0.913000031,0.595999985,0.045630001,Russell Martin,a,788,FromCorner,2015,Head,147,West Ham,Norwich,2,2,26/09/2015 18:00,Nathan Redmond,Cross
58616,82,MissedShots,0.715,0.522999992,0.0438645,Robbie Brady,a,789,DirectFreekick,2015,LeftFoot,147,West Ham,Norwich,2,2,26/09/2015 18:00,,Standard
58617,82,Goal,0.873000031,0.664000015,0.0611686,Nathan Redmond,a,790,OpenPlay,2015,RightFoot,147,West Ham,Norwich,2,2,26/09/2015 18:00,Wes Hoolahan,Pass
58618,86,SavedShot,0.791999969,0.711999969,0.0297792,Martin Olsson,a,798,OpenPlay,2015,LeftFoot,147,West Ham,Norwich,2,2,26/09/2015 18:00,Jonny Howson,TakeOn
58622,93,BlockedShot,0.728000031,0.397999992,0.0128159,Jonny Howson,a,792,OpenPlay,2015,RightFoot,147,West Ham,Norwich,2,2,26/09/2015 18:00,,None
58426,12,SavedShot,0.724000015,0.534000015,0.0183615,Kevin Mbabu,h,983,OpenPlay,2015,RightFoot,148,Newcastle United,Chelsea,2,2,26/09/2015 20:30,Jack Colback,Pass
58427,15,MissedShots,0.87,0.535999985,0.0212087,Aleksandar Mitrovic,h,773,OpenPlay,2015,Head,148,Newcastle United,Chelsea,2,2,26/09/2015 20:30,Georginio Wijnaldum,Aerial
58428,16,MissedShots,0.784000015,0.369000015,0.0273095,Moussa Sissoko,h,772,OpenPlay,2015,RightFoot,148,Newcastle United,Chelsea,2,2,26/09/2015 20:30,Ayoze Pérez,Pass
58429,17,BlockedShot,0.760999985,0.607999992,0.0119449,Vurnon Anita,h,768,OpenPlay,2015,RightFoot,148,Newcastle United,Chelsea,2,2,26/09/2015 20:30,Daryl Janmaat,Aerial
58430,26,MissedShots,0.726999969,0.394000015,0.0126439,Ayoze Pérez,h,770,OpenPlay,2015,RightFoot,148,Newcastle United,Chelsea,2,2,26/09/2015 20:30,Aleksandar Mitrovic,LayOff
58431,27,SavedShot,0.849000015,0.377000008,0.314350992,Ayoze Pérez,h,770,OpenPlay,2015,RightFoot,148,Newcastle United,Chelsea,2,2,26/09/2015 20:30,Daryl Janmaat,Throughball
58432,27,SavedShot,0.876999969,0.36,0.061419599,Daryl Janmaat,h,764,OpenPlay,2015,RightFoot,148,Newcastle United,Chelsea,2,2,26/09/2015 20:30,,None
58433,35,BlockedShot,0.805,0.447000008,0.054869302,Daryl Janmaat,h,764,OpenPlay,2015,LeftFoot,148,Newcastle United,Chelsea,2,2,26/09/2015 20:30,Vurnon Anita,TakeOn
58438,41,BlockedShot,0.901999969,0.288999996,0.049162999,Aleksandar Mitrovic,h,773,OpenPlay,2015,RightFoot,148,Newcastle United,Chelsea,2,2,26/09/2015 20:30,Daryl Janmaat,Pass
58439,41,Goal,0.865,0.575999985,0.077041298,Ayoze Pérez,h,770,OpenPlay,2015,RightFoot,148,Newcastle United,Chelsea,2,2,26/09/2015 20:30,Vurnon Anita,Chipped
58443,59,Goal,0.906999969,0.439000015,0.0537965,Georginio Wijnaldum,h,771,FromCorner,2015,Head,148,Newcastle United,Chelsea,2,2,26/09/2015 20:30,Ayoze Pérez,Cross
58424,3,MissedShots,0.745,0.472999992,0.060818002,Kurt Zouma,a,935,DirectFreekick,2015,RightFoot,148,Newcastle United,Chelsea,2,2,26/09/2015 20:30,,Standard
58425,11,MissedShots,0.915999985,0.427000008,0.132323995,Loïc Remy,a,690,OpenPlay,2015,LeftFoot,148,Newcastle United,Chelsea,2,2,26/09/2015 20:30,Branislav Ivanovic,Pass
58434,35,MissedShots,0.819000015,0.655,0.0350191,Oscar,a,692,OpenPlay,2015,LeftFoot,148,Newcastle United,Chelsea,2,2,26/09/2015 20:30,,None
58435,37,SavedShot,0.730999985,0.402000008,0.018930599,Cesc Fàbregas,a,686,OpenPlay,2015,RightFoot,148,Newcastle United,Chelsea,2,2,26/09/2015 20:30,Eden Hazard,Pass
58436,37,MissedShots,0.906999969,0.582999992,0.039677199,Branislav Ivanovic,a,682,FromCorner,2015,Head,148,Newcastle United,Chelsea,2,2,26/09/2015 20:30,Cesc Fàbregas,Cross
58437,38,BlockedShot,0.778000031,0.754000015,0.020041401,Loïc Remy,a,690,OpenPlay,2015,RightFoot,148,Newcastle United,Chelsea,2,2,26/09/2015 20:30,Eden Hazard,Pass
58440,45,MissedShots,0.750999985,0.507000008,0.0214982,Cesc Fàbregas,a,686,OpenPlay,2015,RightFoot,148,Newcastle United,Chelsea,2,2,26/09/2015 20:30,,None
58441,51,BlockedShot,0.771999969,0.547999992,0.030365299,Cesc Fàbregas,a,686,OpenPlay,2015,RightFoot,148,Newcastle United,Chelsea,2,2,26/09/2015 20:30,César Azpilicueta,Pass
58442,52,MissedShots,0.905,0.524000015,0.0710501,Loïc Remy,a,690,OpenPlay,2015,Head,148,Newcastle United,Chelsea,2,2,26/09/2015 20:30,Oscar,Cross
58444,70,MissedShots,0.848000031,0.555,0.092134297,Oscar,a,692,OpenPlay,2015,RightFoot,148,Newcastle United,Chelsea,2,2,26/09/2015 20:30,Eden Hazard,Pass
58445,78,Goal,0.766999969,0.464000015,0.026304901,Ramires,a,936,OpenPlay,2015,RightFoot,148,Newcastle United,Chelsea,2,2,26/09/2015 20:30,Eden Hazard,Pass
58446,81,BlockedShot,0.873000031,0.415999985,0.070231304,Eden Hazard,a,701,OpenPlay,2015,RightFoot,148,Newcastle United,Chelsea,2,2,26/09/2015 20:30,Falcao,TakeOn
58447,82,MissedShots,0.888000031,0.362999992,0.253823996,Pedro,a,687,OpenPlay,2015,RightFoot,148,Newcastle United,Chelsea,2,2,26/09/2015 20:30,Cesc Fàbregas,Chipped
58448,85,Goal,0.755999985,0.765999985,0.035948802,Willian,a,700,DirectFreekick,2015,RightFoot,148,Newcastle United,Chelsea,2,2,26/09/2015 20:30,,Standard
58449,87,BlockedShot,0.781999969,0.305,0.0174226,Ramires,a,936,OpenPlay,2015,RightFoot,148,Newcastle United,Chelsea,2,2,26/09/2015 20:30,,None
58450,88,SavedShot,0.926999969,0.52,0.380335003,Ramires,a,936,SetPiece,2015,Head,148,Newcastle United,Chelsea,2,2,26/09/2015 20:30,Willian,Chipped
58538,2,MissedShots,0.774000015,0.221000004,0.016868699,Etienne Capoue,h,572,OpenPlay,2015,RightFoot,149,Watford,Crystal Palace,0,1,27/09/2015 19:00,Almen Abdi,Pass
58539,4,MissedShots,0.943000031,0.567000008,0.102040999,Sebastian Prödl,h,566,FromCorner,2015,Head,149,Watford,Crystal Palace,0,1,27/09/2015 19:00,Almen Abdi,Cross
58540,11,SavedShot,0.798000031,0.718000031,0.021158099,Troy Deeney,h,574,SetPiece,2015,RightFoot,149,Watford,Crystal Palace,0,1,27/09/2015 19:00,Ikechi Anya,Pass
58544,21,MissedShots,0.905,0.460999985,0.087987296,Odion Ighalo,h,573,OpenPlay,2015,Head,149,Watford,Crystal Palace,0,1,27/09/2015 19:00,Almen Abdi,Cross
58545,25,BlockedShot,0.811999969,0.34,0.034094099,Nyom,h,565,OpenPlay,2015,LeftFoot,149,Watford,Crystal Palace,0,1,27/09/2015 19:00,Almen Abdi,Pass
58546,28,MissedShots,0.856999969,0.502999992,0.0293105,Odion Ighalo,h,573,SetPiece,2015,Head,149,Watford,Crystal Palace,0,1,27/09/2015 19:00,Almen Abdi,Cross
58547,29,MissedShots,0.918000031,0.512999992,0.059414301,Troy Deeney,h,574,OpenPlay,2015,Head,149,Watford,Crystal Palace,0,1,27/09/2015 19:00,Almen Abdi,Aerial
58550,45,BlockedShot,0.756999969,0.512999992,0.0706691,Almen Abdi,h,569,DirectFreekick,2015,RightFoot,149,Watford,Crystal Palace,0,1,27/09/2015 19:00,,Standard
58551,46,ShotOnPost,0.735,0.512999992,0.054599602,Jurado,h,582,DirectFreekick,2015,RightFoot,149,Watford,Crystal Palace,0,1,27/09/2015 19:00,,Standard
58552,46,MissedShots,0.915,0.557000008,0.0273483,Troy Deeney,h,574,SetPiece,2015,Head,149,Watford,Crystal Palace,0,1,27/09/2015 19:00,,Rebound
58553,53,SavedShot,0.781999969,0.377000008,0.0330212,Almen Abdi,h,569,OpenPlay,2015,RightFoot,149,Watford,Crystal Palace,0,1,27/09/2015 19:00,Odion Ighalo,LayOff
58557,60,MissedShots,0.73,0.572999992,0.0112213,Ikechi Anya,h,577,SetPiece,2015,LeftFoot,149,Watford,Crystal Palace,0,1,27/09/2015 19:00,,None
58560,71,BlockedShot,0.915,0.544000015,0.085739598,Odion Ighalo,h,573,OpenPlay,2015,LeftFoot,149,Watford,Crystal Palace,0,1,27/09/2015 19:00,Troy Deeney,HeadPass
58564,83,MissedShots,0.773000031,0.276000004,0.0144527,Steven Berghuis,h,744,OpenPlay,2015,LeftFoot,149,Watford,Crystal Palace,0,1,27/09/2015 19:00,Ikechi Anya,BlockedPass
58567,93,BlockedShot,0.798000031,0.497000008,0.039505798,Jurado,h,582,OpenPlay,2015,RightFoot,149,Watford,Crystal Palace,0,1,27/09/2015 19:00,,None
58537,0,MissedShots,0.865999985,0.675999985,0.066290401,Yannick Bolasie,a,518,OpenPlay,2015,RightFoot,149,Watford,Crystal Palace,0,1,27/09/2015 19:00,Jason Puncheon,TakeOn
58541,12,SavedShot,0.950999985,0.487999992,0.220043004,Brede Hangeland,a,933,SetPiece,2015,Head,149,Watford,Crystal Palace,0,1,27/09/2015 19:00,Yohan Cabaye,CornerAwarded
58542,17,BlockedShot,0.784000015,0.705999985,0.056835599,Yohan Cabaye,a,516,DirectFreekick,2015,RightFoot,149,Watford,Crystal Palace,0,1,27/09/2015 19:00,,Standard
58543,17,MissedShots,0.786999969,0.675,0.015693599,Jason Puncheon,a,514,SetPiece,2015,RightFoot,149,Watford,Crystal Palace,0,1,27/09/2015 19:00,,Rebound
58548,32,BlockedShot,0.88,0.25,0.0309863,Bakary Sako,a,520,OpenPlay,2015,LeftFoot,149,Watford,Crystal Palace,0,1,27/09/2015 19:00,Jason Puncheon,Pass
58549,44,BlockedShot,0.881999969,0.420999985,0.073320702,Bakary Sako,a,520,FromCorner,2015,LeftFoot,149,Watford,Crystal Palace,0,1,27/09/2015 19:00,,None
58554,57,BlockedShot,0.716999969,0.485,0.044901799,Bakary Sako,a,520,DirectFreekick,2015,LeftFoot,149,Watford,Crystal Palace,0,1,27/09/2015 19:00,,Standard
58555,58,BlockedShot,0.793000031,0.760999985,0.0141379,Bakary Sako,a,520,FromCorner,2015,LeftFoot,149,Watford,Crystal Palace,0,1,27/09/2015 19:00,,None
58556,59,ShotOnPost,0.911999969,0.452000008,0.325814009,Dwight Gayle,a,743,OpenPlay,2015,RightFoot,149,Watford,Crystal Palace,0,1,27/09/2015 19:00,Bakary Sako,Cross
58558,61,MissedShots,0.709000015,0.490999985,0.0127677,Jason Puncheon,a,514,OpenPlay,2015,LeftFoot,149,Watford,Crystal Palace,0,1,27/09/2015 19:00,Dwight Gayle,HeadPass
58559,70,Goal,0.885,0.5,0.761169016,Yohan Cabaye,a,516,Penalty,2015,RightFoot,149,Watford,Crystal Palace,0,1,27/09/2015 19:00,,Standard
58561,74,MissedShots,0.407999992,0.265,0.00692542,Yannick Bolasie,a,518,OpenPlay,2015,RightFoot,149,Watford,Crystal Palace,0,1,27/09/2015 19:00,,BallRecovery
58562,78,MissedShots,0.966999969,0.432999992,0.536898017,Dwight Gayle,a,743,OpenPlay,2015,RightFoot,149,Watford,Crystal Palace,0,1,27/09/2015 19:00,Yannick Bolasie,HeadPass
58563,79,SavedShot,0.779000015,0.537000008,0.092467502,Jason Puncheon,a,514,DirectFreekick,2015,LeftFoot,149,Watford,Crystal Palace,0,1,27/09/2015 19:00,,Standard
58565,83,MissedShots,0.859000015,0.714000015,0.048434701,Dwight Gayle,a,743,OpenPlay,2015,LeftFoot,149,Watford,Crystal Palace,0,1,27/09/2015 19:00,Jason Puncheon,Chipped
58566,90,MissedShots,0.808000031,0.710999985,0.029862599,Yannick Bolasie,a,518,OpenPlay,2015,RightFoot,149,Watford,Crystal Palace,0,1,27/09/2015 19:00,Wilfried Zaha,Pass
58568,8,SavedShot,0.765999985,0.454000015,0.039560098,James Morrison,h,990,OpenPlay,2015,RightFoot,150,West Bromwich Albion,Everton,2,3,28/09/2015 23:00,,TakeOn
58571,40,Goal,0.871999969,0.442999992,0.362017989,Saido Berahino,h,811,OpenPlay,2015,RightFoot,150,West Bromwich Albion,Everton,2,3,28/09/2015 23:00,James Morrison,Throughball
58575,44,MissedShots,0.685,0.365,0.0128687,Salomón Rondón,h,813,OpenPlay,2015,RightFoot,150,West Bromwich Albion,Everton,2,3,28/09/2015 23:00,James McClean,Pass
58576,46,BlockedShot,0.801999969,0.643000031,0.040337801,James Morrison,h,990,OpenPlay,2015,LeftFoot,150,West Bromwich Albion,Everton,2,3,28/09/2015 23:00,Chris Brunt,Pass
58577,46,MissedShots,0.823000031,0.499000015,0.061029099,James McClean,h,814,OpenPlay,2015,LeftFoot,150,West Bromwich Albion,Everton,2,3,28/09/2015 23:00,,Rebound
58578,52,MissedShots,0.965999985,0.585,0.087614402,Darren Fletcher,h,809,FromCorner,2015,Head,150,West Bromwich Albion,Everton,2,3,28/09/2015 23:00,Jonny Evans,Cross
58579,53,Goal,0.974000015,0.525999985,0.566752017,Craig Dawson,h,804,FromCorner,2015,Head,150,West Bromwich Albion,Everton,2,3,28/09/2015 23:00,Chris Brunt,Cross
58582,61,SavedShot,0.815999985,0.719000015,0.033696301,Saido Berahino,h,811,OpenPlay,2015,RightFoot,150,West Bromwich Albion,Everton,2,3,28/09/2015 23:00,James Morrison,Pass
58586,86,MissedShots,0.869000015,0.525999985,0.073695503,Rickie Lambert,h,816,OpenPlay,2015,RightFoot,150,West Bromwich Albion,Everton,2,3,28/09/2015 23:00,James Chester,Cross
58569,28,MissedShots,0.878000031,0.565,0.341114014,Ross Barkley,a,592,OpenPlay,2015,LeftFoot,150,West Bromwich Albion,Everton,2,3,28/09/2015 23:00,Gerard Deulofeu,Throughball
58570,37,MissedShots,0.691999969,0.559000015,0.0105896,Ramiro Funes Mori,a,597,OpenPlay,2015,RightFoot,150,West Bromwich Albion,Everton,2,3,28/09/2015 23:00,,None
58572,42,MissedShots,0.789000015,0.207000008,0.014225,James McCarthy,a,589,OpenPlay,2015,LeftFoot,150,West Bromwich Albion,Everton,2,3,28/09/2015 23:00,Gerard Deulofeu,Pass
58573,43,BlockedShot,0.955,0.405999985,0.072038002,Gareth Barry,a,590,FromCorner,2015,RightFoot,150,West Bromwich Albion,Everton,2,3,28/09/2015 23:00,Ross Barkley,Cross
58574,43,MissedShots,0.95,0.495999985,0.131457999,Tyias Browning,a,977,FromCorner,2015,Head,150,West Bromwich Albion,Everton,2,3,28/09/2015 23:00,Ross Barkley,Cross
58580,54,Goal,0.921999969,0.525999985,0.512724996,Romelu Lukaku,a,594,OpenPlay,2015,Head,150,West Bromwich Albion,Everton,2,3,28/09/2015 23:00,Gerard Deulofeu,Aerial
58581,57,MissedShots,0.968000031,0.656999969,0.0272916,Brendan Galloway,a,909,OpenPlay,2015,LeftFoot,150,West Bromwich Albion,Everton,2,3,28/09/2015 23:00,Romelu Lukaku,Aerial
58583,63,BlockedShot,0.755,0.449000015,0.066863403,Ross Barkley,a,592,DirectFreekick,2015,RightFoot,150,West Bromwich Albion,Everton,2,3,28/09/2015 23:00,,Standard
58584,74,Goal,0.91,0.397000008,0.393036991,Arouna Koné,a,601,OpenPlay,2015,RightFoot,150,West Bromwich Albion,Everton,2,3,28/09/2015 23:00,Romelu Lukaku,Throughball
58585,83,Goal,0.986999969,0.455,0.661216974,Romelu Lukaku,a,594,OpenPlay,2015,RightFoot,150,West Bromwich Albion,Everton,2,3,28/09/2015 23:00,Gerard Deulofeu,Cross
58587,89,SavedShot,0.743000031,0.379000015,0.021778001,Darron Gibson,a,921,OpenPlay,2015,RightFoot,150,West Bromwich Albion,Everton,2,3,28/09/2015 23:00,,None
58588,90,BlockedShot,0.8,0.605999985,0.049256999,Ross Barkley,a,592,OpenPlay,2015,RightFoot,150,West Bromwich Albion,Everton,2,3,28/09/2015 23:00,Gareth Barry,Pass
58717,3,BlockedShot,0.791999969,0.425,0.0110188,Dwight Gayle,h,743,FromCorner,2015,RightFoot,151,Crystal Palace,West Bromwich Albion,2,0,03/10/2015 15:45,Jason Puncheon,Chipped
58718,4,SavedShot,0.821999969,0.688000031,0.0337332,Yannick Bolasie,h,518,OpenPlay,2015,RightFoot,151,Crystal Palace,West Bromwich Albion,2,0,03/10/2015 15:45,James McArthur,TakeOn
58719,6,MissedShots,0.895,0.367000008,0.070639797,Wilfried Zaha,h,522,OpenPlay,2015,LeftFoot,151,Crystal Palace,West Bromwich Albion,2,0,03/10/2015 15:45,Jason Puncheon,Chipped
58721,16,MissedShots,0.813000031,0.266000004,0.0143127,Yohan Cabaye,h,516,SetPiece,2015,RightFoot,151,Crystal Palace,West Bromwich Albion,2,0,03/10/2015 15:45,,None
58722,16,MissedShots,0.794000015,0.639000015,0.020958999,James McArthur,h,633,SetPiece,2015,LeftFoot,151,Crystal Palace,West Bromwich Albion,2,0,03/10/2015 15:45,Yannick Bolasie,HeadPass
58723,17,SavedShot,0.785,0.725999985,0.01187,Yannick Bolasie,h,518,SetPiece,2015,RightFoot,151,Crystal Palace,West Bromwich Albion,2,0,03/10/2015 15:45,,None
58725,27,BlockedShot,0.863000031,0.457999992,0.070011303,Wilfried Zaha,h,522,SetPiece,2015,LeftFoot,151,Crystal Palace,West Bromwich Albion,2,0,03/10/2015 15:45,,None
58726,28,MissedShots,0.795,0.664000015,0.026988801,Yohan Cabaye,h,516,OpenPlay,2015,RightFoot,151,Crystal Palace,West Bromwich Albion,2,0,03/10/2015 15:45,James McArthur,Pass
58727,30,SavedShot,0.745999985,0.572999992,0.018149599,Yohan Cabaye,h,516,OpenPlay,2015,RightFoot,151,Crystal Palace,West Bromwich Albion,2,0,03/10/2015 15:45,,None
58728,36,SavedShot,0.969000015,0.342000008,0.048544198,Wilfried Zaha,h,522,OpenPlay,2015,RightFoot,151,Crystal Palace,West Bromwich Albion,2,0,03/10/2015 15:45,Scott Dann,TakeOn
58729,37,MissedShots,0.818000031,0.352999992,0.051832002,Jason Puncheon,h,514,OpenPlay,2015,LeftFoot,151,Crystal Palace,West Bromwich Albion,2,0,03/10/2015 15:45,Wilfried Zaha,TakeOn
58730,40,SavedShot,0.941999969,0.303999996,0.040428501,Wilfried Zaha,h,522,OpenPlay,2015,LeftFoot,151,Crystal Palace,West Bromwich Albion,2,0,03/10/2015 15:45,Jason Puncheon,TakeOn
58731,40,BlockedShot,0.815999985,0.475999985,0.043377701,Jason Puncheon,h,514,OpenPlay,2015,LeftFoot,151,Crystal Palace,West Bromwich Albion,2,0,03/10/2015 15:45,,Rebound
58734,52,BlockedShot,0.751999969,0.545999985,0.020096101,Jason Puncheon,h,514,OpenPlay,2015,LeftFoot,151,Crystal Palace,West Bromwich Albion,2,0,03/10/2015 15:45,,None
58735,54,BlockedShot,0.906999969,0.375,0.061921101,Dwight Gayle,h,743,OpenPlay,2015,RightFoot,151,Crystal Palace,West Bromwich Albion,2,0,03/10/2015 15:45,Wilfried Zaha,Cross
58736,55,BlockedShot,0.805,0.532000008,0.032423198,Yohan Cabaye,h,516,FromCorner,2015,RightFoot,151,Crystal Palace,West Bromwich Albion,2,0,03/10/2015 15:45,,None
58737,56,MissedShots,0.835,0.330999985,0.031798299,Jason Puncheon,h,514,OpenPlay,2015,LeftFoot,151,Crystal Palace,West Bromwich Albion,2,0,03/10/2015 15:45,Wilfried Zaha,Pass
58739,64,MissedShots,0.758000031,0.357000008,0.0156141,Yohan Cabaye,h,516,FromCorner,2015,RightFoot,151,Crystal Palace,West Bromwich Albion,2,0,03/10/2015 15:45,,None
58740,67,Goal,0.968000031,0.479000015,0.577371001,Yannick Bolasie,h,518,FromCorner,2015,Head,151,Crystal Palace,West Bromwich Albion,2,0,03/10/2015 15:45,Yohan Cabaye,Cross
58741,78,SavedShot,0.780999985,0.673000031,0.0303239,Yannick Bolasie,h,518,OpenPlay,2015,RightFoot,151,Crystal Palace,West Bromwich Albion,2,0,03/10/2015 15:45,Yohan Cabaye,Pass
58742,88,Goal,0.885,0.5,0.761169016,Yohan Cabaye,h,516,Penalty,2015,RightFoot,151,Crystal Palace,West Bromwich Albion,2,0,03/10/2015 15:45,,Standard
58716,1,MissedShots,0.838000031,0.287000008,0.029677801,Saido Berahino,a,811,OpenPlay,2015,RightFoot,151,Crystal Palace,West Bromwich Albion,2,0,03/10/2015 15:45,,None
58720,11,MissedShots,0.748000031,0.325999985,0.019482199,James McClean,a,814,OpenPlay,2015,LeftFoot,151,Crystal Palace,West Bromwich Albion,2,0,03/10/2015 15:45,Craig Dawson,Pass
58724,25,MissedShots,0.821999969,0.475999985,0.056373399,Chris Brunt,a,904,SetPiece,2015,LeftFoot,151,Crystal Palace,West Bromwich Albion,2,0,03/10/2015 15:45,James McClean,Pass
58732,41,BlockedShot,0.813000031,0.668000031,0.032865901,James McClean,a,814,OpenPlay,2015,RightFoot,151,Crystal Palace,West Bromwich Albion,2,0,03/10/2015 15:45,James Morrison,Pass
58733,47,BlockedShot,0.854000015,0.665999985,0.0465714,James McClean,a,814,OpenPlay,2015,RightFoot,151,Crystal Palace,West Bromwich Albion,2,0,03/10/2015 15:45,,None
58738,62,SavedShot,0.758000031,0.417999992,0.0150456,James McClean,a,814,SetPiece,2015,LeftFoot,151,Crystal Palace,West Bromwich Albion,2,0,03/10/2015 15:45,Salomón Rondón,None
58743,92,SavedShot,0.919000015,0.68,0.055511601,Callum McManaman,a,880,OpenPlay,2015,RightFoot,151,Crystal Palace,West Bromwich Albion,2,0,03/10/2015 15:45,,BallRecovery
58652,38,MissedShots,0.770999985,0.669000015,0.02169,Idrissa Gueye,h,668,OpenPlay,2015,LeftFoot,152,Aston Villa,Stoke,0,1,03/10/2015 18:00,Ashley Westwood,Pass
58653,45,SavedShot,0.903000031,0.625,0.00911831,Rudy Gestede,h,671,SetPiece,2015,Head,152,Aston Villa,Stoke,0,1,03/10/2015 18:00,Ashley Westwood,Aerial
58655,55,MissedShots,0.925999985,0.464000015,0.426757991,Micah Richards,h,665,SetPiece,2015,Head,152,Aston Villa,Stoke,0,1,03/10/2015 18:00,Ashley Westwood,Cross
58656,62,BlockedShot,0.765999985,0.67,0.055619601,Jordan Veretout,h,677,DirectFreekick,2015,RightFoot,152,Aston Villa,Stoke,0,1,03/10/2015 18:00,,Standard
58657,63,BlockedShot,0.739000015,0.604000015,0.0192366,Jordan Ayew,h,672,OpenPlay,2015,RightFoot,152,Aston Villa,Stoke,0,1,03/10/2015 18:00,Jordan Veretout,Pass
58659,66,SavedShot,0.833000031,0.282999992,0.025530299,Rudy Gestede,h,671,OpenPlay,2015,RightFoot,152,Aston Villa,Stoke,0,1,03/10/2015 18:00,Jordan Veretout,TakeOn
58661,76,BlockedShot,0.888000031,0.349000015,0.056425799,Jordan Ayew,h,672,OpenPlay,2015,RightFoot,152,Aston Villa,Stoke,0,1,03/10/2015 18:00,Micah Richards,Pass
58662,76,BlockedShot,0.9,0.622999992,0.066828899,Jordan Veretout,h,677,OpenPlay,2015,RightFoot,152,Aston Villa,Stoke,0,1,03/10/2015 18:00,,Rebound
58663,76,MissedShots,0.808000031,0.69,0.0284601,Jordan Veretout,h,677,OpenPlay,2015,RightFoot,152,Aston Villa,Stoke,0,1,03/10/2015 18:00,,Rebound
58665,87,MissedShots,0.916999969,0.725,0.042976301,Jordan Ayew,h,672,OpenPlay,2015,RightFoot,152,Aston Villa,Stoke,0,1,03/10/2015 18:00,Carles Gil,Pass
58667,91,BlockedShot,0.785999985,0.285,0.020411899,Jack Grealish,h,675,OpenPlay,2015,RightFoot,152,Aston Villa,Stoke,0,1,03/10/2015 18:00,Carles Gil,Pass
58668,92,BlockedShot,0.741999969,0.499000015,0.059235301,Jordan Ayew,h,672,DirectFreekick,2015,RightFoot,152,Aston Villa,Stoke,0,1,03/10/2015 18:00,,Standard
58669,92,BlockedShot,0.745,0.497999992,0.0147839,Jordan Amavi,h,961,SetPiece,2015,LeftFoot,152,Aston Villa,Stoke,0,1,03/10/2015 18:00,,Rebound
58645,3,BlockedShot,0.88,0.342000008,0.072981,Mame Biram Diouf,a,868,OpenPlay,2015,RightFoot,152,Aston Villa,Stoke,0,1,03/10/2015 18:00,Jonathan Walters,Pass
58646,4,MissedShots,0.92,0.420999985,0.067531303,Geoff Cameron,a,859,FromCorner,2015,RightFoot,152,Aston Villa,Stoke,0,1,03/10/2015 18:00,Bojan,Cross
58647,6,MissedShots,0.823000031,0.69,0.0257816,Marko Arnautovic,a,865,OpenPlay,2015,RightFoot,152,Aston Villa,Stoke,0,1,03/10/2015 18:00,Charlie Adam,TakeOn
58648,16,SavedShot,0.38,0.482000008,0.00632267,Charlie Adam,a,873,OpenPlay,2015,LeftFoot,152,Aston Villa,Stoke,0,1,03/10/2015 18:00,Geoff Cameron,BallRecovery
58649,22,MissedShots,0.926999969,0.532999992,0.071269803,Mame Biram Diouf,a,868,OpenPlay,2015,Head,152,Aston Villa,Stoke,0,1,03/10/2015 18:00,Erik Pieters,Aerial
58650,35,BlockedShot,0.885999985,0.630999985,0.091895103,Bojan,a,871,OpenPlay,2015,RightFoot,152,Aston Villa,Stoke,0,1,03/10/2015 18:00,Jonathan Walters,Pass
58651,36,SavedShot,0.891999969,0.607999992,0.0117543,Jonathan Walters,a,863,FromCorner,2015,Head,152,Aston Villa,Stoke,0,1,03/10/2015 18:00,Glenn Whelan,Aerial
58654,54,Goal,0.915,0.430999985,0.42928499,Marko Arnautovic,a,865,OpenPlay,2015,RightFoot,152,Aston Villa,Stoke,0,1,03/10/2015 18:00,Glen Johnson,Pass
58658,65,MissedShots,0.863000031,0.579000015,0.082538404,Marko Arnautovic,a,865,OpenPlay,2015,RightFoot,152,Aston Villa,Stoke,0,1,03/10/2015 18:00,Glen Johnson,Chipped
58660,70,BlockedShot,0.873000031,0.597999992,0.118506998,Ibrahim Afellay,a,864,OpenPlay,2015,RightFoot,152,Aston Villa,Stoke,0,1,03/10/2015 18:00,Glenn Whelan,TakeOn
58664,85,SavedShot,0.793000031,0.317000008,0.027198801,Joselu,a,866,SetPiece,2015,LeftFoot,152,Aston Villa,Stoke,0,1,03/10/2015 18:00,Glen Johnson,Chipped
58666,90,SavedShot,0.758000031,0.585,0.0299292,Ibrahim Afellay,a,864,OpenPlay,2015,RightFoot,152,Aston Villa,Stoke,0,1,03/10/2015 18:00,Charlie Adam,Pass
58670,4,MissedShots,0.946999969,0.61,0.059371401,Glenn Murray,h,882,OpenPlay,2015,Head,153,Bournemouth,Watford,1,1,03/10/2015 18:00,Matt Ritchie,Cross
58672,12,BlockedShot,0.818000031,0.504000015,0.030593401,Joshua King,h,465,OpenPlay,2015,RightFoot,153,Bournemouth,Watford,1,1,03/10/2015 18:00,Charlie Daniels,Cross
58674,26,MissedShots,0.805,0.629000015,0.037587799,Marc Pugh,h,466,OpenPlay,2015,RightFoot,153,Bournemouth,Watford,1,1,03/10/2015 18:00,Charlie Daniels,Pass
58675,27,Goal,0.915,0.502000008,0.335772008,Glenn Murray,h,882,OpenPlay,2015,Head,153,Bournemouth,Watford,1,1,03/10/2015 18:00,Matt Ritchie,Cross
58678,50,SavedShot,0.909000015,0.482000008,0.112667002,Glenn Murray,h,882,OpenPlay,2015,Head,153,Bournemouth,Watford,1,1,03/10/2015 18:00,Simon Francis,Cross
58684,68,SavedShot,0.711999969,0.517999992,0.0184497,Glenn Murray,h,882,OpenPlay,2015,RightFoot,153,Bournemouth,Watford,1,1,03/10/2015 18:00,Andrew Surman,Pass
58685,72,BlockedShot,0.681999969,0.494000015,0.0135574,Matt Ritchie,h,461,SetPiece,2015,LeftFoot,153,Bournemouth,Watford,1,1,03/10/2015 18:00,Andrew Surman,Pass
58687,79,MissedShots,0.901999969,0.582999992,0.033694401,Glenn Murray,h,882,OpenPlay,2015,Head,153,Bournemouth,Watford,1,1,03/10/2015 18:00,Simon Francis,Aerial
58688,81,SavedShot,0.810999985,0.607999992,0.043579001,Steve Cook,h,458,OpenPlay,2015,RightFoot,153,Bournemouth,Watford,1,1,03/10/2015 18:00,Dan Gosling,Chipped
58689,84,SavedShot,0.885,0.5,0.761169016,Glenn Murray,h,882,Penalty,2015,RightFoot,153,Bournemouth,Watford,1,1,03/10/2015 18:00,,Standard
58690,84,MissedShots,0.77,0.51,0.020658599,Dan Gosling,h,462,FromCorner,2015,LeftFoot,153,Bournemouth,Watford,1,1,03/10/2015 18:00,,None
58691,89,SavedShot,0.854000015,0.688000031,0.0355758,Eunan O&#039;Kane,h,472,OpenPlay,2015,RightFoot,153,Bournemouth,Watford,1,1,03/10/2015 18:00,Andrew Surman,TakeOn
58671,11,BlockedShot,0.895,0.295,0.055704799,Nyom,a,565,OpenPlay,2015,LeftFoot,153,Bournemouth,Watford,1,1,03/10/2015 18:00,Troy Deeney,TakeOn
58673,25,BlockedShot,0.749000015,0.48,0.0239981,Etienne Capoue,a,572,OpenPlay,2015,RightFoot,153,Bournemouth,Watford,1,1,03/10/2015 18:00,Odion Ighalo,TakeOn
58676,43,MissedShots,0.739000015,0.312000008,0.00980311,Etienne Capoue,a,572,SetPiece,2015,RightFoot,153,Bournemouth,Watford,1,1,03/10/2015 18:00,,None
58677,44,Goal,0.903000031,0.420999985,0.304114014,Odion Ighalo,a,573,OpenPlay,2015,LeftFoot,153,Bournemouth,Watford,1,1,03/10/2015 18:00,,BallRecovery
58679,51,BlockedShot,0.915,0.695999985,0.0501846,Odion Ighalo,a,573,OpenPlay,2015,RightFoot,153,Bournemouth,Watford,1,1,03/10/2015 18:00,Nathan Aké,TakeOn
58680,51,ShotOnPost,0.895999985,0.359000015,0.056516599,Ben Watson,a,571,FromCorner,2015,RightFoot,153,Bournemouth,Watford,1,1,03/10/2015 18:00,,None
58681,55,MissedShots,0.865999985,0.470999985,0.026647201,Ikechi Anya,a,577,OpenPlay,2015,Head,153,Bournemouth,Watford,1,1,03/10/2015 18:00,Odion Ighalo,Cross
58682,63,BlockedShot,0.779000015,0.58,0.0211452,Ben Watson,a,571,SetPiece,2015,RightFoot,153,Bournemouth,Watford,1,1,03/10/2015 18:00,,None
58683,67,SavedShot,0.906999969,0.668000031,0.313198,Ikechi Anya,a,577,OpenPlay,2015,LeftFoot,153,Bournemouth,Watford,1,1,03/10/2015 18:00,Almen Abdi,Throughball
58686,76,MissedShots,0.785999985,0.263999996,0.017513501,Odion Ighalo,a,573,OpenPlay,2015,LeftFoot,153,Bournemouth,Watford,1,1,03/10/2015 18:00,Almen Abdi,Chipped
58692,90,MissedShots,0.696999969,0.602000008,0.034465902,Almen Abdi,a,569,DirectFreekick,2015,RightFoot,153,Bournemouth,Watford,1,1,03/10/2015 18:00,,Standard
58771,7,SavedShot,0.780999985,0.746999969,0.046351701,Kevin De Bruyne,h,447,DirectFreekick,2015,RightFoot,154,Manchester City,Newcastle United,6,1,03/10/2015 18:00,,Standard
58772,7,SavedShot,0.966999969,0.535999985,0.566097975,Fernando,h,615,SetPiece,2015,LeftFoot,154,Manchester City,Newcastle United,6,1,03/10/2015 18:00,David Silva,Interception
58773,7,SavedShot,0.981999969,0.527999992,0.289687991,Fernando,h,615,SetPiece,2015,RightFoot,154,Manchester City,Newcastle United,6,1,03/10/2015 18:00,,Rebound
58774,7,MissedShots,0.858000031,0.359000015,0.054993,David Silva,h,617,OpenPlay,2015,LeftFoot,154,Manchester City,Newcastle United,6,1,03/10/2015 18:00,,None
58775,11,MissedShots,0.905,0.525,0.0916683,Sergio Agüero,h,619,OpenPlay,2015,Head,154,Manchester City,Newcastle United,6,1,03/10/2015 18:00,Aleksandar Kolarov,Cross
58778,23,BlockedShot,0.724000015,0.334000015,0.0150896,Nicolás Otamendi,h,611,OpenPlay,2015,RightFoot,154,Manchester City,Newcastle United,6,1,03/10/2015 18:00,Fernandinho,Pass
58781,27,BlockedShot,0.845,0.457999992,0.057551902,Raheem Sterling,h,618,OpenPlay,2015,RightFoot,154,Manchester City,Newcastle United,6,1,03/10/2015 18:00,,None
58782,33,MissedShots,0.808000031,0.604000015,0.042863999,Sergio Agüero,h,619,OpenPlay,2015,LeftFoot,154,Manchester City,Newcastle United,6,1,03/10/2015 18:00,Fernandinho,Pass
58783,36,BlockedShot,0.915999985,0.535999985,0.114542,Fernando,h,615,SetPiece,2015,Head,154,Manchester City,Newcastle United,6,1,03/10/2015 18:00,Kevin De Bruyne,Cross
58784,37,MissedShots,0.794000015,0.425,0.0134235,Fernandinho,h,614,OpenPlay,2015,RightFoot,154,Manchester City,Newcastle United,6,1,03/10/2015 18:00,,Aerial
58786,41,Goal,0.965999985,0.472000008,0.479963005,Sergio Agüero,h,619,FromCorner,2015,Head,154,Manchester City,Newcastle United,6,1,03/10/2015 18:00,Fernandinho,HeadPass
58788,44,MissedShots,0.821999969,0.272000008,0.021959299,Kevin De Bruyne,h,447,OpenPlay,2015,LeftFoot,154,Manchester City,Newcastle United,6,1,03/10/2015 18:00,,None
58789,48,BlockedShot,0.765999985,0.565,0.0242658,Fernando,h,615,OpenPlay,2015,RightFoot,154,Manchester City,Newcastle United,6,1,03/10/2015 18:00,,None
58790,48,Goal,0.848000031,0.464000015,0.093346499,Sergio Agüero,h,619,OpenPlay,2015,LeftFoot,154,Manchester City,Newcastle United,6,1,03/10/2015 18:00,David Silva,Pass
58791,49,Goal,0.820999985,0.447000008,0.325888991,Sergio Agüero,h,619,OpenPlay,2015,RightFoot,154,Manchester City,Newcastle United,6,1,03/10/2015 18:00,Kevin De Bruyne,Throughball
58792,52,Goal,0.919000015,0.392000008,0.120012999,Kevin De Bruyne,h,447,OpenPlay,2015,RightFoot,154,Manchester City,Newcastle United,6,1,03/10/2015 18:00,Jesús Navas,Cross
58793,57,ShotOnPost,0.955999985,0.582000008,0.137591004,Sergio Agüero,h,619,OpenPlay,2015,RightFoot,154,Manchester City,Newcastle United,6,1,03/10/2015 18:00,Aleksandar Kolarov,Cross
58794,59,Goal,0.815999985,0.646999969,0.132817999,Sergio Agüero,h,619,OpenPlay,2015,RightFoot,154,Manchester City,Newcastle United,6,1,03/10/2015 18:00,David Silva,Throughball
58795,61,Goal,0.961999969,0.455999985,0.600368023,Sergio Agüero,h,619,OpenPlay,2015,RightFoot,154,Manchester City,Newcastle United,6,1,03/10/2015 18:00,Kevin De Bruyne,Cross
58796,66,MissedShots,0.925,0.705999985,0.045573998,Kevin De Bruyne,h,447,FromCorner,2015,RightFoot,154,Manchester City,Newcastle United,6,1,03/10/2015 18:00,David Silva,Pass
58797,73,MissedShots,0.923000031,0.525999985,0.139981002,Wilfried Bony,h,622,OpenPlay,2015,LeftFoot,154,Manchester City,Newcastle United,6,1,03/10/2015 18:00,Aleksandar Kolarov,Cross
58798,75,SavedShot,0.875999985,0.301000004,0.067581899,Kelechi Iheanacho,h,620,OpenPlay,2015,LeftFoot,154,Manchester City,Newcastle United,6,1,03/10/2015 18:00,Jesús Navas,Pass
58799,90,SavedShot,0.8,0.785,0.0169695,Wilfried Bony,h,622,OpenPlay,2015,RightFoot,154,Manchester City,Newcastle United,6,1,03/10/2015 18:00,,BallRecovery
58776,13,SavedShot,0.9,0.545999985,0.106775001,Aleksandar Mitrovic,a,773,OpenPlay,2015,RightFoot,154,Manchester City,Newcastle United,6,1,03/10/2015 18:00,Kevin Mbabu,Chipped
58777,17,Goal,0.915,0.534000015,0.350962013,Aleksandar Mitrovic,a,773,OpenPlay,2015,Head,154,Manchester City,Newcastle United,6,1,03/10/2015 18:00,Georginio Wijnaldum,Pass
58779,25,MissedShots,0.875,0.530999985,0.0579454,Aleksandar Mitrovic,a,773,OpenPlay,2015,Head,154,Manchester City,Newcastle United,6,1,03/10/2015 18:00,Moussa Sissoko,Cross
58780,26,SavedShot,0.896999969,0.457999992,0.392657995,Aleksandar Mitrovic,a,773,OpenPlay,2015,RightFoot,154,Manchester City,Newcastle United,6,1,03/10/2015 18:00,Moussa Sissoko,Pass
58785,38,SavedShot,0.789000015,0.482000008,0.049887501,Georginio Wijnaldum,a,771,OpenPlay,2015,RightFoot,154,Manchester City,Newcastle United,6,1,03/10/2015 18:00,Moussa Sissoko,Pass
58787,42,BlockedShot,0.784000015,0.637000008,0.022052299,Georginio Wijnaldum,a,771,OpenPlay,2015,RightFoot,154,Manchester City,Newcastle United,6,1,03/10/2015 18:00,Moussa Sissoko,TakeOn
